0,name,url,chip_name,chip_maker,SP,m_cap,m_bus,m_clock,bus_interface,PRICE
0,ASUS PH-GTX1650-O4G [PCIExp 4GB],https://kakaku.com/item/K0001152734/,NVIDIA GeForceGTX1650,NVIDIA,896.0,4.0,128.0,8.002,PCIExpress3.0,16298.0
1,ASUS PH-GTX1050TI-4G [PCIExp 4GB],https://kakaku.com/item/K0000920443/,NVIDIA GeForceGTX1050Ti,NVIDIA,768.0,4.0,128.0,7.007999999999999,PCIExpress3.0,12980.0
2,MSI Radeon RX 580 ARMOR 8G OC [PCIExp 8GB],https://kakaku.com/item/K0001132779/,AMD RadeonRX580,AMD,2304.0,8.0,256.0,8.0,PCIExpress3.0x16,17980.0
3,MSI GeForce GTX 1650 AERO ITX 4G OC [PCIExp 4GB],https://kakaku.com/item/K0001152736/,NVIDIA GeForceGTX1650,NVIDIA,896.0,4.0,128.0,8.0,PCIExpress3.0x16,15417.0
4,Palit Microsystems NE6207SS19P2-1040J (GeForce RTX2070 SUPER JS 8GB) [PCIExp 8GB] ドスパラWeb限定モデル,https://kakaku.com/item/K0001173640/,NVIDIA GeForceRTX2070SUPER,NVIDIA,2560.0,8.0,256.0,14.0,PCIExpress3.0x16,56980.0
5,MSI GeForce GTX 1660 SUPER AERO ITX OC [PCIExp 6GB],https://kakaku.com/item/K0001206480/,NVIDIA GeForceGTX1660SUPER,NVIDIA,1408.0,6.0,192.0,14.0,PCIExpress3.0x16,25691.0
6,MSI Radeon RX Vega 64 Air Boost 8G [PCIExp 8GB],https://kakaku.com/item/K0001216734/,AMD RadeonRXVega64,AMD,4096.0,8.0,2048.0,0.945,PCIExpressx16,29980.0
7,玄人志向 GALAKURO GAMING GG-GTX1660SP-E6GB/DF [PCIExp 6GB],https://kakaku.com/item/K0001206481/,NVIDIA GeForceGTX1660SUPER,NVIDIA,1408.0,6.0,192.0,14.0,PCIExpress3.0x16,25080.0
8,SAPPHIRE SAPPHIRE NITRO+ RADEON RX 5700 XT 8G GDDR6 DUAL HDMI/DUAL DP OC (UEFI) [PCIExp 8GB],https://kakaku.com/item/K0001195293/,AMD RadeonRX5700XT,AMD,2560.0,8.0,256.0,14.0,PCIExpress4.0x16,48756.0
9,MSI GeForce GTX 1660 Ti AERO ITX 6G OC [PCIExp 6GB],https://kakaku.com/item/K0001134000/,NVIDIA GeForceGTX1660Ti,NVIDIA,1536.0,6.0,192.0,12.0,PCIExpress3.0x16,29654.0
10,MSI GeForce GTX 1660 SUPER VENTUS XS OC [PCIExp 6GB],https://kakaku.com/item/K0001206479/,NVIDIA GeForceGTX1660SUPER,NVIDIA,1408.0,6.0,192.0,14.0,PCIExpress3.0x16,27821.0
11,MSI Radeon RX Vega 64 Air Boost 8G OC [PCIExp 8GB],https://kakaku.com/item/K0001056814/,AMD RadeonRXVega64,AMD,4096.0,8.0,2048.0,0.945,PCIExpress3.0x16,30798.0
12,MSI GeForce RTX 2070 TRI FROZR [PCIExp 8GB],https://kakaku.com/item/K0001220479/,NVIDIA GeForceRTX2070,NVIDIA,2304.0,8.0,256.0,14.0,PCIExpress3.0x16,49808.0
13,MSI GeForce GTX 1650 4GT LP [PCIExp 4GB],https://kakaku.com/item/K0001168763/,NVIDIA GeForceGTX1650,NVIDIA,896.0,4.0,128.0,8.0,PCIExpress3.0x16,17169.0
14,ASUS PH-GTX1660S-O6G [PCIExp 6GB],https://kakaku.com/item/K0001206485/,NVIDIA GeForceGTX1660SUPER,NVIDIA,1408.0,6.0,192.0,14.002,PCIExpress3.0,26497.0
15,MSI GT 1030 2G LP OC [PCIExp 2GB],https://kakaku.com/item/K0000965888/,NVIDIA GeForceGT1030,NVIDIA,384.0,2.0,64.0,6.007999999999999,PCIExpress3.0x4 接続スロット：PCI-Expressx16,8778.0
16,ASUS ROG-STRIX-RTX2070S-A8G-GAMING [PCIExp 8GB],https://kakaku.com/item/K0001181724/,NVIDIA GeForceRTX2070SUPER,NVIDIA,2560.0,8.0,256.0,14.0,PCIExpress3.0,65978.0
17,MSI GeForce RTX 2060 AERO ITX 6G OC-JP [PCIExp 6GB],https://kakaku.com/item/K0001217229/,NVIDIA GeForceRTX2060,NVIDIA,1920.0,6.0,192.0,14.0,PCIExpress3.0x16,34980.0
18,MSI Radeon RX 5700 XT EVOKE OC [PCIExp 8GB],https://kakaku.com/item/K0001183627/,AMD RadeonRX5700XT,AMD,2560.0,8.0,256.0,14.0,PCIExpress4.0x16,50600.0
19,MSI GeForce RTX 2060 SUPER GAMING X [PCIExp 8GB],https://kakaku.com/item/K0001174638/,NVIDIA GeForceRTX2060SUPER,NVIDIA,2176.0,8.0,256.0,14.0,PCIExpress3.0x16,52778.0
20,GIGABYTE GV-N207SGAMING OC-8GD [PCIExp 8GB],https://kakaku.com/item/K0001218164/,NVIDIA GeForceRTX2070SUPER,NVIDIA,2560.0,8.0,256.0,14.0,PCIExpress3.0x16,58278.0
21,玄人志向 GALAKURO GAMING GG-RTX2070SP-E8GB/DF [PCIExp 8GB],https://kakaku.com/item/K0001173224/,NVIDIA GeForceRTX2070SUPER,NVIDIA,2560.0,8.0,256.0,14.0,PCIExpress3.0x16,56078.0
22,MSI GeForce GTX 1660 Ti AERO ITX 6G [PCIExp 6GB],https://kakaku.com/item/K0001204968/,NVIDIA GeForceGTX1660Ti,NVIDIA,1536.0,6.0,192.0,12.0,PCIExpress3.0x16,28800.0
24,MSI GeForce RTX 2080 Ti VENTUS GP [PCIExp 11GB],https://kakaku.com/item/K0001198117/,NVIDIA GeForceRTX2080Ti,NVIDIA,4352.0,11.0,352.0,14.0,PCIExpress3.0x16,144730.0
25,GIGABYTE GV-N206SGAMING OC WHITE-8GD [PCIExp 8GB],https://kakaku.com/item/K0001201046/,NVIDIA GeForceRTX2060SUPER,NVIDIA,2176.0,8.0,256.0,14.0,PCIExpress3.0x16,47718.0
26,玄人志向 GF-GTX1050Ti-E4GB/SF/P [PCIExp 4GB],https://kakaku.com/item/K0001176957/,NVIDIA GeForceGTX1050Ti,NVIDIA,768.0,4.0,128.0,7.0,PCIExpress3.0x16,11992.0
27,SAPPHIRE SAPPHIRE PULSE RADEON RX 580 8G GDDR5 OC V2 [PCIExp 8GB],https://kakaku.com/item/K0001135567/,AMD RadeonRX580,AMD,2304.0,8.0,256.0,8.0,PCIExpress3.0x16,20559.0
28,MSI GeForce RTX 2080 SUPER GAMING TRIO [PCIExp 8GB] ドスパラWeb限定モデル,https://kakaku.com/item/K0001212834/,NVIDIA GeForceRTX2080SUPER,NVIDIA,3072.0,8.0,256.0,15.5,PCIExpress3.0x16,84980.0
29,MSI GeForce RTX 2080 Ti GAMING X TRIO [PCIExp 11GB],https://kakaku.com/item/K0001082416/,NVIDIA GeForceRTX2080Ti,NVIDIA,4352.0,11.0,352.0,14.0,PCIExpress3.0x16,154072.0
30,ASUS ROG-STRIX-RTX2080S-A8G-GAMING [PCIExp 8GB],https://kakaku.com/item/K0001179208/,NVIDIA GeForceRTX2080SUPER,NVIDIA,3072.0,8.0,256.0,15.5,PCIExpress3.0,96799.0
31,MSI GeForce RTX 2070 SUPER VENTUS OC [PCIExp 8GB],https://kakaku.com/item/K0001174639/,NVIDIA GeForceRTX2070SUPER,NVIDIA,2560.0,8.0,256.0,14.0,PCIExpress3.0x16,61908.0
32,玄人志向 RD-RX550-E2GB/OC [PCIExp 2GB],https://kakaku.com/item/K0001029982/,AMD RadeonRX550,AMD,512.0,2.0,128.0,6.0,PCIExpress3.0x16,7464.0
34,ASRock Phantom Gaming Radeon RX560 2G [PCIExp 2GB],https://kakaku.com/item/K0001067652/,AMD RadeonRX560(14ユニット),AMD,896.0,2.0,128.0,6.0,PCIExpress3.0x8 接続スロット：PCI-Expressx16,9328.0
35,ASUS PH-GTX1660-O6G [PCIExp 6GB],https://kakaku.com/item/K0001140065/,NVIDIA GeForceGTX1660,NVIDIA,1408.0,6.0,192.0,8.002,PCIExpress3.0,23524.0
36,MSI GTX 1050 Ti 4GT LP [PCIExp 4GB],https://kakaku.com/item/K0000929966/,NVIDIA GeForceGTX1050Ti,NVIDIA,768.0,4.0,128.0,7.007999999999999,PCIExpress3.0x16,13178.0
37,玄人志向 GALAKURO GAMING GG-RTX2060-E6GB/DF [PCIExp 6GB],https://kakaku.com/item/K0001171865/,NVIDIA GeForceRTX2060,NVIDIA,1920.0,6.0,192.0,14.0,PCIExpress3.0x16,34430.0
38,ASUS GT1030-SL-2G-BRK [PCIExp 2GB],https://kakaku.com/item/K0000969293/,NVIDIA GeForceGT1030,NVIDIA,384.0,2.0,64.0,6.007999999999999,PCIExpress3.0,8280.0
39,MSI GT 710 1GD3H LP [PCIExp 1GB],https://kakaku.com/item/K0000849553/,NVIDIA GeForceGT710,NVIDIA,192.0,1.0,64.0,1.6,PCIExpress2.0x8 接続スロット：PCI-Expressx16,3498.0
40,ASUS TUF-GTX1660TI-O6G-GAMING [PCIExp 6GB],https://kakaku.com/item/K0001161471/,NVIDIA GeForceGTX1660Ti,NVIDIA,1536.0,6.0,192.0,12.002,PCIExpress3.0,32978.0
41,PowerColor PowerColor RX 5500XT 4GB GDDR6 AXRX 5500XT 4GBD6-DH [PCIExp 4GB],https://kakaku.com/item/K0001219747/,AMD RadeonRX5500XT,AMD,1408.0,4.0,128.0,14.0,PCIExpress4.0x16,22000.0
42,ZOTAC ZOTAC GAMING GeForce GTX 1660 Ti 6GB GDDR6 ZT-T16610F-10L [PCIExp 6GB],https://kakaku.com/item/K0001133234/,NVIDIA GeForceGTX1660Ti,NVIDIA,1536.0,6.0,192.0,12.0,PCIExpress3.0x16,30580.0
43,玄人志向 GF-GTX1650-E4GB/OC/DF [PCIExp 4GB],https://kakaku.com/item/K0001152723/,NVIDIA GeForceGTX1650,NVIDIA,896.0,4.0,128.0,8.0,PCIExpress3.0x16,14278.0
44,ZOTAC ZOTAC GAMING GeForce GTX 1650 SUPER Twin Fan ZT-T16510F-10L [PCIExp 4GB],https://kakaku.com/item/K0001215965/,NVIDIA GeForceGTX1650SUPER,NVIDIA,1280.0,4.0,128.0,12.0,PCIExpress3.0x16,20480.0
45,ZOTAC ZOTAC GAMING GeForce RTX 2070 SUPER MINI ZT-T20710E-10M [PCIExp 8GB],https://kakaku.com/item/K0001193284/,NVIDIA GeForceRTX2070SUPER,NVIDIA,2560.0,8.0,256.0,14.0,PCIExpress3.0x16,58278.0
46,ASRock Phantom Gaming D Radeon RX580 8G OC [PCIExp 8GB],https://kakaku.com/item/K0001101046/,AMD RadeonRX580,AMD,2304.0,8.0,256.0,8.0,PCIExpress3.0x16,19148.0
47,MSI GeForce GTX 1650 GAMING X 4G [PCIExp 4GB],https://kakaku.com/item/K0001152735/,NVIDIA GeForceGTX1650,NVIDIA,896.0,4.0,128.0,8.0,PCIExpress3.0x16,17590.0
48,MSI GeForce GTX 1660 GAMING X 6G [PCIExp 6GB],https://kakaku.com/item/K0001140062/,NVIDIA GeForceGTX1660,NVIDIA,1408.0,6.0,192.0,8.0,PCIExpress3.0x16,25980.0
49,玄人志向 GF-GTX1050Ti-E4GB/DF3 [PCIExp 4GB],https://kakaku.com/item/K0001173593/,NVIDIA GeForceGTX1050Ti,NVIDIA,768.0,4.0,128.0,7.007999999999999,PCIExpress3.0x16,11091.0
50,ASRock Phantom Gaming X Radeon RX590 8G OC [PCIExp 8GB],https://kakaku.com/item/K0001114651/,AMD RadeonRX590,AMD,2304.0,8.0,256.0,8.0,PCIExpress3.0x16,21978.0
51,Palit Microsystems NE51650S06G1-1170F (GeForce GTX1650 STORMX OC 4GB) [PCIExp 4GB] ドスパラWeb限定モデル,https://kakaku.com/item/K0001153313/,NVIDIA GeForceGTX1650,NVIDIA,896.0,4.0,128.0,8.0,PCIExpress3.0x16,14980.0
52,GIGABYTE AORUS GV-N208TAORUSX WB-11GC [PCIExp 11GB],https://kakaku.com/item/K0001113733/,NVIDIA GeForceRTX2080Ti,NVIDIA,4352.0,11.0,352.0,14.14,PCIExpress3.0x16,196538.0
53,Palit Microsystems NE6165S018G1-166F (GeForce GTX 1650 SUPER StormX 4GB) [PCIExp 4GB] ドスパラWeb限定モデル,https://kakaku.com/item/K0001214579/,NVIDIA GeForceGTX1650SUPER,NVIDIA,1280.0,4.0,128.0,12.0,PCIExpress3.0x16,19800.0
54,SAPPHIRE SAPPHIRE PULSE RADEON RX 570 8G GDDR5 [PCIExp 8GB],https://kakaku.com/item/K0001031607/,AMD RadeonRX570,AMD,2048.0,8.0,256.0,7.0,PCIExpress3.0x16,18678.0
55,SAPPHIRE SAPPHIRE PULSE RADEON RX 550 2G GDDR5 HDMI/DVI-D/DP (UEFI) V2 [PCIExp 2GB],https://kakaku.com/item/K0001213716/,AMD RadeonRX550,AMD,640.0,2.0,128.0,6.0,PCIExpress3.0x16,9570.0
56,ASUS ROG-STRIX-RTX2080TI-O11G-WHITE-GAMING [PCIExp 11GB],https://kakaku.com/item/K0001221069/,NVIDIA GeForceRTX2080Ti,NVIDIA,4352.0,11.0,352.0,14.8,PCIExpress3.0,208800.0
57,GIGABYTE GV-R57GAMING OC-8GD [PCIExp 8GB],https://kakaku.com/item/K0001186003/,AMD RadeonRX5700,AMD,2304.0,8.0,256.0,14.0,PCIExpress4.0x16,39800.0
58,GIGABYTE GV-N166SOC-6GD [PCIExp 6GB],https://kakaku.com/item/K0001206483/,NVIDIA GeForceGTX1660SUPER,NVIDIA,1408.0,6.0,192.0,14.0,PCIExpress3.0x16,28145.0
59,ASRock Radeon RX 5500 XT Challenger D 4G OC [PCIExp 4GB],https://kakaku.com/item/K0001219745/,AMD RadeonRX5500XT,AMD,1408.0,4.0,128.0,14.0,PCIExpress4.0x8,22000.0
60,GIGABYTE GV-N1650OC-4GD [PCIExp 4GB],https://kakaku.com/item/K0001152724/,NVIDIA GeForceGTX1650,NVIDIA,896.0,4.0,128.0,8.002,PCIExpress3.0x16,17050.0
61,MSI GeForce GTX 1660 Ti GAMING X 6G [PCIExp 6GB],https://kakaku.com/item/K0001133999/,NVIDIA GeForceGTX1660Ti,NVIDIA,1536.0,6.0,192.0,12.0,PCIExpress3.0x16,41580.0
62,玄人志向 GALAKURO GAMING GG-RTX2060SP-E8GB/DF [PCIExp 8GB],https://kakaku.com/item/K0001173225/,NVIDIA GeForceRTX2060SUPER,NVIDIA,2176.0,8.0,256.0,14.0,PCIExpress3.0x16,44800.0
63,MSI GT 710 2GD3H LP [PCIExp 2GB],https://kakaku.com/item/K0000849552/,NVIDIA GeForceGT710,NVIDIA,192.0,2.0,64.0,1.6,PCIExpress2.0x8 接続スロット：PCI-Expressx16,4290.0
64,ZOTAC ZOTAC GAMING GeForce RTX 2060 SUPER MINI ZT-T20610E-10M [PCIExp 8GB],https://kakaku.com/item/K0001174640/,NVIDIA GeForceRTX2060SUPER,NVIDIA,2176.0,8.0,256.0,14.0,PCIExpress3.0x16,45980.0
65,Palit Microsystems NE6166SS18J9-1160A (GeForce GTX 1660 SUPER GP OC) [PCIExp 6GB] ドスパラWeb限定モデル,https://kakaku.com/item/K0001207176/,NVIDIA GeForceGTX1660SUPER,NVIDIA,1408.0,6.0,192.0,14.0,PCIExpress3.0x16,27680.0
66,Palit Microsystems NE6206ST19P2-1061J (GeForce RTX2060 SUPER JS 8GB) [PCIExp 8GB] ドスパラWeb限定モデル,https://kakaku.com/item/K0001173639/,NVIDIA GeForceRTX2060SUPER,NVIDIA,2176.0,8.0,256.0,14.0,PCIExpress3.0x16,49280.0
67,玄人志向 GALAKURO GAMING GG-RTX2080SP-E8GB/DF [PCIExp 8GB],https://kakaku.com/item/K0001176804/,NVIDIA GeForceRTX2080SUPER,NVIDIA,3072.0,8.0,256.0,15.5,PCIExpress3.0x16,83380.0
68,ASUS PH-RTX2060-6G [PCIExp 6GB],https://kakaku.com/item/K0001137644/,NVIDIA GeForceRTX2060,NVIDIA,1920.0,6.0,192.0,14.0,PCIExpress3.0,34500.0
69,MSI GeForce RTX 2060 SUPER VENTUS GP [PCIExp 8GB] ドスパラWeb限定モデル,https://kakaku.com/item/K0001212835/,NVIDIA GeForceRTX2060SUPER,NVIDIA,2176.0,8.0,256.0,14.0,PCIExpress3.0x16,45980.0
70,ASUS ROG-STRIX-RX5700XT-O8G-GAMING [PCIExp 8GB],https://kakaku.com/item/K0001188519/,AMD RadeonRX5700XT,AMD,2560.0,8.0,256.0,14.0,PCIExpress4.0,53502.0
71,MSI Radeon RX 5500 XT MECH 4G OC [PCIExp 4GB],https://kakaku.com/item/K0001219749/,AMD RadeonRX5500XT,AMD,1408.0,4.0,128.0,14.0,PCIExpress4.0,22000.0
72,玄人志向 RD-RX5500XT-E8GB [PCIExp 8GB],https://kakaku.com/item/K0001219866/,AMD RadeonRX5500XT,AMD,1408.0,8.0,128.0,14.0,PCIExpress4.0x8,24725.0
73,ASUS PH-GTX1660TI-O6G [PCIExp 6GB],https://kakaku.com/item/K0001133237/,NVIDIA GeForceGTX1660Ti,NVIDIA,1536.0,6.0,192.0,12.002,PCIExpress3.0,29678.0
75,MSI GeForce RTX 2060 SUPER VENTUS OC [PCIExp 8GB],https://kakaku.com/item/K0001180627/,NVIDIA GeForceRTX2060SUPER,NVIDIA,2176.0,8.0,256.0,14.0,PCIExpress3.0x16,47260.0
76,MSI Radeon RX 5700 MECH OC [PCIExp 8GB],https://kakaku.com/item/K0001185030/,AMD RadeonRX5700,AMD,2304.0,8.0,256.0,14.0,PCIExpress4.0x16,38999.0
77,ASUS DUAL-RTX2060S-8G-EVO [PCIExp 8GB],https://kakaku.com/item/K0001187537/,NVIDIA GeForceRTX2060SUPER,NVIDIA,2176.0,8.0,256.0,14.0,PCIExpress3.0,47960.0
78,玄人志向 GF-GT710-E1GB/HS [PCIExp 1GB],https://kakaku.com/item/K0001127556/,NVIDIA GeForceGT710,NVIDIA,192.0,1.0,64.0,1.0,PCIExpress2.0x16,3311.0
79,MSI GeForce RTX 2070 SUPER GAMING X TRIO [PCIExp 8GB],https://kakaku.com/item/K0001187167/,NVIDIA GeForceRTX2070SUPER,NVIDIA,2560.0,8.0,256.0,14.0,PCIExpress3.0x16,69827.0
80,MSI GeForce GTX 1650 SUPER VENTUS XS OC [PCIExp 4GB],https://kakaku.com/item/K0001214541/,NVIDIA GeForceGTX1650SUPER,NVIDIA,1280.0,4.0,128.0,12.0,PCIExpress3.0x16,21171.0
81,MSI GeForce RTX 2060 VENTUS XS 6G OC [PCIExp 6GB],https://kakaku.com/item/K0001140150/,NVIDIA GeForceRTX2060,NVIDIA,1920.0,6.0,192.0,14.0,PCIExpress3.0x16,38480.0
82,SAPPHIRE SAPPHIRE NITRO+ RADEON RX 5500 XT 8G GDDR6 DUAL HDMI/DUAL DP OC W/BP (UEFI) SPECIAL EDITION [PCIExp 8GB],https://kakaku.com/item/K0001220536/,AMD RadeonRX5500XT,AMD,1408.0,8.0,128.0,14.4,PCIExpress4.0x8 接続スロット：PCIExpressx16,32713.0
83,ASUS TUF-RTX2060-O6G-GAMING [PCIExp 6GB],https://kakaku.com/item/K0001141307/,NVIDIA GeForceRTX2060,NVIDIA,1920.0,6.0,192.0,14.0,PCIExpress3.0,39980.0
84,ASUS ROG-STRIX-RTX2080TI-O11G-GAMING [PCIExp 11GB],https://kakaku.com/item/K0001103647/,NVIDIA GeForceRTX2080Ti,NVIDIA,4352.0,11.0,352.0,14.0,PCIExpress3.0,162799.0
85,GIGABYTE AORUS GV-N208TAORUS X-11GC [PCIExp 11GB],https://kakaku.com/item/K0001113735/,NVIDIA GeForceRTX2080Ti,NVIDIA,4352.0,11.0,352.0,14.14,PCIExpress3.0x16,178107.0
86,Palit Microsystems NE6166S018J9-161F (GeForce GTX1660 SUPER StormX) [PCIExp 6GB] ドスパラWeb限定モデル,https://kakaku.com/item/K0001207177/,NVIDIA GeForceGTX1660SUPER,NVIDIA,1408.0,6.0,192.0,14.0,PCIExpress3.0x16,25980.0
87,玄人志向 GALAKURO GK-RTX2070SP-E8GB/WHITE/TP [PCIExp 8GB],https://kakaku.com/item/K0001188363/,NVIDIA GeForceRTX2070SUPER,NVIDIA,2560.0,8.0,256.0,14.0,PCIExpress3.0x16,60478.0
89,ASUS ROG-STRIX-GTX1660TI-O6G-GAMING [PCIExp 6GB],https://kakaku.com/item/K0001133238/,NVIDIA GeForceGTX1660Ti,NVIDIA,1536.0,6.0,192.0,12.002,PCIExpress3.0,37398.0
90,玄人志向 RD-RX5700-E8GB/DF [PCIExp 8GB],https://kakaku.com/item/K0001195295/,AMD RadeonRX5700,AMD,2304.0,8.0,256.0,14.0,PCIExpress4.0x16,39389.0
91,ASRock Radeon RX 5700 XT Taichi X 8G OC+ [PCIExp 8GB],https://kakaku.com/item/K0001198118/,AMD RadeonRX5700XT,AMD,2560.0,8.0,256.0,14.0,PCIExpress4.0x16,58800.0
92,ZOTAC ZOTAC GAMING GeForce RTX 2070 SUPER Twin Fan ZT-T20710F-10P [PCIExp 8GB],https://kakaku.com/item/K0001174641/,NVIDIA GeForceRTX2070SUPER,NVIDIA,2560.0,8.0,256.0,14.0,PCIExpress3.0x16,59800.0
93,MSI GeForce RTX 2070 SUPER GAMING Z TRIO [PCIExp 8GB],https://kakaku.com/item/K0001217730/,NVIDIA GeForceRTX2070SUPER,NVIDIA,2560.0,8.0,256.0,15.5,PCIExpress3.0x16,79750.0
94,MSI GeForce RTX 2080 SUPER VENTUS XS OC [PCIExp 8GB],https://kakaku.com/item/K0001205631/,NVIDIA GeForceRTX2080SUPER,NVIDIA,3072.0,8.0,256.0,15.5,PCIExpress3.0x16,85851.0
95,XFX RX-57XT8OFF6 [PCIExp 8GB],https://kakaku.com/item/K0001181914/,AMD RadeonRX5700XT,AMD,2560.0,8.0,256.0,14.0,PCIExpress4.0x16,45800.0
96,MSI GeForce RTX 2080 SUPER GAMING X TRIO [PCIExp 8GB],https://kakaku.com/item/K0001180626/,NVIDIA GeForceRTX2080SUPER,NVIDIA,3072.0,8.0,256.0,15.5,PCIExpress3.0x16,98978.0
97,MSI GeForce GTX 1650 SUPER AERO ITX OC [PCIExp 4GB],https://kakaku.com/item/K0001214542/,NVIDIA GeForceGTX1650SUPER,NVIDIA,1280.0,4.0,128.0,12.0,PCIExpress3.0x16,21477.0
98,玄人志向 GALAKURO GAMING GG-GTX1660-E6GB/DF [PCIExp 6GB],https://kakaku.com/item/K0001171866/,NVIDIA GeForceGTX1660,NVIDIA,1408.0,6.0,192.0,8.0,PCIExpress3.0x16,24728.0
99,ASRock Radeon RX 5700 Challenger D 8G OC [PCIExp 8GB],https://kakaku.com/item/K0001186913/,AMD RadeonRX5700,AMD,2304.0,8.0,256.0,14.0,PCIExpress4.0x16,39980.0
100,ASUS DUAL-RTX2080S-8G-EVO [PCIExp 8GB],https://kakaku.com/item/K0001187535/,NVIDIA GeForceRTX2080SUPER,NVIDIA,3072.0,8.0,256.0,15.5,PCIExpress3.0,82500.0
101,PowerColor PowerColor Red Devil Radeon RX 570 4GB GDDR5 AXRX 570 4GBD5-3DH/OC [PCIExp 4GB],https://kakaku.com/item/K0000960164/,AMD RadeonRX570,AMD,2048.0,4.0,256.0,1.75,PCIExpress3.0x16,16500.0
102,ASUS DUAL-RTX2070S-O8G-EVO [PCIExp 8GB],https://kakaku.com/item/K0001178058/,NVIDIA GeForceRTX2070SUPER,NVIDIA,2560.0,8.0,256.0,14.0,PCIExpress3.0,62189.0
103,MSI GeForce RTX 2060 AERO ITX 6G OC [PCIExp 6GB],https://kakaku.com/item/K0001120299/,NVIDIA GeForceRTX2060,NVIDIA,1920.0,6.0,192.0,14.0,PCIExpress3.0x16,35979.0
104,ASUS TUF 3-GTX1660S-O6G-GAMING [PCIExp 6GB],https://kakaku.com/item/K0001206484/,NVIDIA GeForceGTX1660SUPER,NVIDIA,1408.0,6.0,192.0,14.002,PCIExpress3.0,30281.0
105,玄人志向 RD-RX5700XT-E8GB/DF [PCIExp 8GB],https://kakaku.com/item/K0001195294/,AMD RadeonRX5700XT,AMD,2560.0,8.0,256.0,14.0,PCIExpress4.0x16,47080.0
106,GIGABYTE GV-N1660OC-6GD [PCIExp 6GB],https://kakaku.com/item/K0001140144/,NVIDIA GeForceGTX1660,NVIDIA,1408.0,6.0,192.0,8.002,PCIExpress3.0x16,25278.0
107,GIGABYTE AORUS GV-N207SAORUS-8GC [PCIExp 8GB],https://kakaku.com/item/K0001173220/,NVIDIA GeForceRTX2070SUPER,NVIDIA,2560.0,8.0,256.0,14.0,PCIExpress3.0x16,74700.0
108,ZOTAC ZOTAC GAMING GeForce RTX 2080 SUPER Twin Fan ZT-T20820F-10P [PCIExp 8GB],https://kakaku.com/item/K0001176807/,NVIDIA GeForceRTX2080SUPER,NVIDIA,3072.0,8.0,256.0,15.5,PCIExpress3.0x16,78101.0
110,ASUS GT710-SL-2GD5-BRK [PCIExp 2GB],https://kakaku.com/item/K0000977925/,NVIDIA GeForceGT710,NVIDIA,192.0,2.0,64.0,5.012,PCIExpress2.0,5283.0
111,SAPPHIRE SAPPHIRE PULSE RADEON RX 570 8G GDDR5 DUAL HDMI/DUAL DP OC W/BP (UEFI) [PCIExp 8GB],https://kakaku.com/item/K0001125314/,AMD RadeonRX570,AMD,2048.0,8.0,256.0,7.0,PCIExpress3.0x16,19059.0
112,ASUS DUAL-GTX1660TI-6G [PCIExp 6GB],https://kakaku.com/item/K0001195296/,NVIDIA GeForceGTX1660Ti,NVIDIA,1536.0,6.0,192.0,12.002,PCIExpress3.0,31020.0
113,玄人志向 GALAKURO GAMING GG-RTX2080Ti-E11GB/TP [PCIExp 11GB],https://kakaku.com/item/K0001171864/,NVIDIA GeForceRTX2080Ti,NVIDIA,4352.0,11.0,352.0,14.0,PCIExpress3.0x16,131470.0
114,ZOTAC ZOTAC GAMING GeForce GTX 1650 Low Profile ZT-T16500H-10L [PCIExp 4GB],https://kakaku.com/item/K0001175955/,NVIDIA GeForceGTX1650,NVIDIA,896.0,4.0,128.0,8.0,PCIExpress3.0x16,17895.0
115,MSI Radeon RX 5500 XT MECH 8G OC [PCIExp 8GB],https://kakaku.com/item/K0001219748/,AMD RadeonRX5500XT,AMD,1408.0,8.0,128.0,14.0,PCIExpress4.0,27499.0
117,玄人志向 GF-GT710-E1GB/LP/P [PCIExp 1GB],https://kakaku.com/item/K0001205037/,NVIDIA GeForceGT710,NVIDIA,192.0,1.0,64.0,5.0,PCIExpress2.0x8 接続スロット：PCI-Expressx16,3422.0
118,玄人志向 RD-RX560-E2GB/OC REV2.0 [PCIExp 2GB],https://kakaku.com/item/K0001045284/,AMD RadeonRX560,AMD,1024.0,2.0,128.0,6.0,PCIExpress3.0x8 接続スロット：PCI-Expressx16,9579.0
119,ASUS GTX1650-O4G-LP-BRK [PCIExp 4GB],https://kakaku.com/item/K0001187538/,NVIDIA GeForceGTX1650,NVIDIA,896.0,4.0,128.0,8.002,PCIExpress3.0,20539.0
120,ASUS TUF-GTX1650S-O4G-GAMING [PCIExp 4GB],https://kakaku.com/item/K0001214538/,NVIDIA GeForceGTX1650SUPER,NVIDIA,1280.0,4.0,128.0,12.002,PCIExpress3.0,22332.0
121,MSI GeForce GTX 1660 AERO ITX 6G OC [PCIExp 6GB],https://kakaku.com/item/K0001140063/,NVIDIA GeForceGTX1660,NVIDIA,1408.0,6.0,192.0,8.0,PCIExpress3.0x16,25578.0
122,ASUS DUAL-RTX2060S-O8G-EVO [PCIExp 8GB],https://kakaku.com/item/K0001178059/,NVIDIA GeForceRTX2060SUPER,NVIDIA,2176.0,8.0,256.0,14.0,PCIExpress3.0,52786.0
123,ASUS ROG-STRIX-RTX2060S-O8G-GAMING [PCIExp 8GB],https://kakaku.com/item/K0001175925/,NVIDIA GeForceRTX2060SUPER,NVIDIA,2176.0,8.0,256.0,14.0,PCIExpress3.0,57915.0
125,GIGABYTE AORUS GV-N208TAORUSX W-11GC [PCIExp 11GB],https://kakaku.com/item/K0001113734/,NVIDIA GeForceRTX2080Ti,NVIDIA,4352.0,11.0,352.0,14.14,PCIExpress3.0x16,188585.0
126,Palit Microsystems NE5103000646-1080F (GeForce GT 1030 2GB LP) [PCIExp 2GB] ドスパラWeb限定モデル,https://kakaku.com/item/K0000967476/,NVIDIA GeForceGT1030,NVIDIA,384.0,2.0,64.0,6.0,PCIExpress3.0x16,8514.0
127,Palit Microsystems NE5105T018G1-1070H (GeForce GTX1050Ti 4GB KalmX) [PCIExp 4GB] ドスパラWeb限定モデル,https://kakaku.com/item/K0000943628/,NVIDIA GeForceGTX1050Ti,NVIDIA,768.0,4.0,128.0,3.5,PCIExpressx16,16628.0
128,ELSA ELSA GeForce GTX 1650 SP GD1650-4GERSP [PCIExp 4GB],https://kakaku.com/item/K0001183314/,NVIDIA GeForceGTX1650,NVIDIA,896.0,4.0,128.0,8.0,PCIExpress3.0x16,22800.0
129,玄人志向 GF-GTX1660Ti-E6GB/DF [PCIExp 6GB],https://kakaku.com/item/K0001135568/,NVIDIA GeForceGTX1660Ti,NVIDIA,1536.0,6.0,192.0,12.0,PCIExpress3.0x16,29800.0
130,玄人志向 GALAKURO GAMING GG-GTX1660Ti-E6GB/DF [PCIExp 6GB],https://kakaku.com/item/K0001171867/,NVIDIA GeForceGTX1660Ti,NVIDIA,1536.0,6.0,192.0,12.0,PCIExpress3.0x16,31280.0
131,MSI GeForce RTX 2060 SUPER AERO ITX [PCIExp 8GB],https://kakaku.com/item/K0001176827/,NVIDIA GeForceRTX2060SUPER,NVIDIA,2176.0,8.0,256.0,14.0,PCIExpress3.0x16,46200.0
132,MSI GeForce RTX 2060 SUPER ARMOR OC [PCIExp 8GB],https://kakaku.com/item/K0001195834/,NVIDIA GeForceRTX2060SUPER,NVIDIA,2176.0,8.0,256.0,14.0,PCIExpress3.0x16,50600.0
133,ASUS DUAL-RTX2080S-8G-EVO-V2 (Dual GeForce RTX 2080 SUPER EVO V2 8GB) [PCIExp 8GB] ドスパラWeb限定モデル,https://kakaku.com/item/K0001219055/,NVIDIA GeForceRTX2080SUPER,NVIDIA,3072.0,8.0,256.0,15.5,PCIExpress3.0x16,83930.0
134,ASUS TURBO-RTX2080TI-11G [PCIExp 11GB],https://kakaku.com/item/K0001082413/,NVIDIA GeForceRTX2080Ti,NVIDIA,4352.0,11.0,352.0,14.0,PCIExpress3.0,142669.0
135,ASUS TUF-GTX1660-O6G-GAMING [PCIExp 6GB],https://kakaku.com/item/K0001140064/,NVIDIA GeForceGTX1660,NVIDIA,1408.0,6.0,192.0,8.002,PCIExpress3.0,25489.0
136,ASUS DUAL-RX5500XT-O8G-EVO [PCIExp 8GB],https://kakaku.com/item/K0001220584/,AMD RadeonRX5500XT,AMD,1408.0,8.0,128.0,14.0,PCIExpress4.0,28143.0
137,ASUS ROG-STRIX-RTX2060S-O8G-EVO-GAMING [PCIExp 8GB],https://kakaku.com/item/K0001211456/,NVIDIA GeForceRTX2060SUPER,NVIDIA,2176.0,8.0,256.0,14.0,PCIExpress3.0,59187.0
139,玄人志向 GF-GT1030-E2GB/LP/D5 [PCIExp 2GB],https://kakaku.com/item/K0001145788/,NVIDIA GeForceGT1030,NVIDIA,384.0,2.0,64.0,6.007999999999999,PCIExpress3.0x4 接続スロット：PCI-Expressx16,9022.0
140,Palit Microsystems NE62070018P2-1160A (GeForce RTX2070 Dual 8GB) [PCIExp 8GB] ドスパラWeb限定モデル,https://kakaku.com/item/K0001221117/,NVIDIA GeForceRTX2070,NVIDIA,2304.0,8.0,256.0,14.0,PCIExpress3.0x16,49940.0
141,GIGABYTE GV-N206SGAMING OC-8GC [PCIExp 8GB],https://kakaku.com/item/K0001173223/,NVIDIA GeForceRTX2060SUPER,NVIDIA,2176.0,8.0,256.0,14.0,PCIExpress3.0x16,49980.0
142,ASUS DUAL-RTX2070S-8G-EVO [PCIExp 8GB],https://kakaku.com/item/K0001187536/,NVIDIA GeForceRTX2070SUPER,NVIDIA,2560.0,8.0,256.0,14.0,PCIExpress3.0,60980.0
143,Palit Microsystems NE5T7100HD46-2087F (GeForce GT710 2GB) [PCIExp 2GB] ドスパラWeb限定モデル,https://kakaku.com/item/K0001217659/,NVIDIA GeForceGT710,NVIDIA,192.0,2.0,64.0,2.5,PCIExpress2.0x8,4580.0
144,ASUS PH-GTX1650S-O4G [PCIExp 4GB],https://kakaku.com/item/K0001214539/,NVIDIA GeForceGTX1650SUPER,NVIDIA,1280.0,4.0,128.0,12.002,PCIExpress3.0,21402.0
145,PowerColor PowerColor Red Dragon RX 5500XT 8GB GDDR6 AXRX 5500XT 8GBD6-DHR/OC [PCIExp 8GB],https://kakaku.com/item/K0001219746/,AMD RadeonRX5500XT,AMD,1408.0,8.0,128.0,14.0,PCIExpress4.0x16,27392.0
146,ELSA ELSA GeForce GTX 1660 Ti S.A.C GD1660-6GERTS [PCIExp 6GB],https://kakaku.com/item/K0001162817/,NVIDIA GeForceGTX1660Ti,NVIDIA,1536.0,6.0,192.0,12.0,PCIExpress3.0x16,35017.0
147,SAPPHIRE SAPPHIRE PULSE RADEON RX 5700 8G GDDR6 HDMI/TRIPLE DP OC W/BP (UEFI) [PCIExp 8GB],https://kakaku.com/item/K0001184413/,AMD RadeonRX5700,AMD,2304.0,8.0,256.0,14.0,PCIExpress4.0x16,41390.0
148,MSI GeForce RTX 2060 SUPER VENTUS XS J OC [PCIExp 8GB],https://kakaku.com/item/K0001207971/,NVIDIA GeForceRTX2060SUPER,NVIDIA,2176.0,8.0,256.0,14.0,PCIExpress3.0x16,49377.0
149,玄人志向 GF-GT710-E2GB/HS [PCIExp 2GB],https://kakaku.com/item/K0001173594/,NVIDIA GeForceGT710,NVIDIA,192.0,2.0,64.0,1.0,PCIExpress2.0x16,4089.0
150,ASUS GT710-SL-1GD5-BRK [PCIExp 1GB],https://kakaku.com/item/K0001006893/,NVIDIA GeForceGT710,NVIDIA,192.0,1.0,32.0,5.012,PCIExpress2.0,4125.0
152,ASUS TUF-GTX1650-O4G-GAMING [PCIExp 4GB],https://kakaku.com/item/K0001194293/,NVIDIA GeForceGTX1650,NVIDIA,896.0,4.0,128.0,8.002,PCIExpress3.0,18086.0
154,GIGABYTE AORUS GV-N206SAORUS-8GC [PCIExp 8GB],https://kakaku.com/item/K0001173222/,NVIDIA GeForceRTX2060SUPER,NVIDIA,2176.0,8.0,256.0,14.0,PCIExpress3.0x16,58800.0
155,PowerColor PowerColor Radeon VII 16GB HBM2 AXVII 16GBHBM2-3DH [PCIExp 16GB],https://kakaku.com/item/K0001128284/,AMD RadeonVII,AMD,3840.0,16.0,4096.0,1.0,PCIExpress3.0,97598.0
157,ASUS TUF-GTX1660S-O6G-GAMING [PCIExp 6GB],https://kakaku.com/item/K0001215823/,NVIDIA GeForceGTX1660SUPER,NVIDIA,1408.0,6.0,192.0,14.002,PCIExpress3.0,30602.0
158,ASRock Radeon RX 5700 XT Challenger D 8G OC [PCIExp 8GB],https://kakaku.com/item/K0001186912/,AMD RadeonRX5700XT,AMD,2560.0,8.0,256.0,14.0,PCIExpress4.0x16,47980.0
159,MSI GeForce RTX 2070 VENTUS GP [PCIExp 8GB],https://kakaku.com/item/K0001217228/,NVIDIA GeForceRTX2070,NVIDIA,2304.0,8.0,256.0,14.0,PCIExpress3.0x16,51874.0
160,MSI GeForce RTX 2070 SUPER VENTUS [PCIExp 8GB],https://kakaku.com/item/K0001220480/,NVIDIA GeForceRTX2070SUPER,NVIDIA,2560.0,8.0,256.0,14.0,PCIExpress3.0x16,59840.0
162,GIGABYTE GV-N1650IXOC-4GD [PCIExp 4GB],https://kakaku.com/item/K0001152725/,NVIDIA GeForceGTX1650,NVIDIA,896.0,4.0,128.0,8.002,PCIExpress3.0x16,17152.0
163,ZOTAC ZOTAC GAMING GeForce RTX 2060 Twin Fan ZT-T20600F-10M [PCIExp 6GB],https://kakaku.com/item/K0001120214/,NVIDIA GeForceRTX2060,NVIDIA,1920.0,6.0,192.0,14.0,PCIExpress3.0x16,39980.0
164,ELSA ELSA GeForce RTX 2070 Super ERAZOR GAMING GD2070-8GERSES [PCIExp 8GB],https://kakaku.com/item/K0001174062/,NVIDIA GeForceRTX2070SUPER,NVIDIA,2560.0,8.0,256.0,14.0,PCIExpress3.0x16,67422.0
166,MSI GeForce RTX 2080 VENTUS 8G V2 [PCIExp 8GB],https://kakaku.com/item/K0001145126/,NVIDIA GeForceRTX2080,NVIDIA,2944.0,8.0,256.0,14.0,PCIExpress3.0x16,86500.0
167,GIGABYTE GV-N208SAORUS-8GC [PCIExp 8GB],https://kakaku.com/item/K0001176801/,NVIDIA GeForceRTX2080SUPER,NVIDIA,3072.0,8.0,256.0,15.5,PCIExpress3.0x16,102290.0
168,GIGABYTE GV-N1030D5-2GL [PCIExp 2GB],https://kakaku.com/item/K0000965885/,NVIDIA GeForceGT1030,NVIDIA,384.0,2.0,64.0,6.007999999999999,PCIExpress3.0x16,9699.0
169,ZOTAC ZOTAC GAMING GeForce GTX 1660 SUPER Twin Fan ZT-T16620F-10L [PCIExp 6GB],https://kakaku.com/item/K0001206478/,NVIDIA GeForceGTX1660SUPER,NVIDIA,1408.0,6.0,192.0,14.0,PCIExpress3.0x16,28800.0
170,ASUS DUAL-RTX2060-O6G-EVO [PCIExp 6GB],https://kakaku.com/item/K0001161470/,NVIDIA GeForceRTX2060,NVIDIA,1920.0,6.0,192.0,14.0,PCIExpress3.0,43978.0
171,ZOTAC ZOTAC GAMING GeForce RTX 2060 SUPER AMP ZT-T20610D-10P [PCIExp 8GB],https://kakaku.com/item/K0001184415/,NVIDIA GeForceRTX2060SUPER,NVIDIA,2176.0,8.0,256.0,14.0,PCIExpress3.0x16,49800.0
172,MSI GeForce RTX 2070 GAMING 8G [PCIExp 8GB],https://kakaku.com/item/K0001115212/,NVIDIA GeForceRTX2070,NVIDIA,2304.0,8.0,256.0,14.0,PCIExpress3.0x16,59280.0
173,ASUS DUAL-GTX1660TI-O6G [PCIExp 6GB],https://kakaku.com/item/K0001133239/,NVIDIA GeForceGTX1660Ti,NVIDIA,1536.0,6.0,192.0,12.002,PCIExpress3.0,34980.0
174,GIGABYTE GV-N206SWF2OC-8GD [PCIExp 8GB],https://kakaku.com/item/K0001174748/,NVIDIA GeForceRTX2060SUPER,NVIDIA,2176.0,8.0,256.0,14.0,PCIExpress3.0x16,48369.0
175,SAPPHIRE SAPPHIRE NITRO+ RADEON RX 5700 XT 8G GDDR6 DUAL HDMI/DUAL DP OC (UEFI) SPECIAL EDITION [PCIExp 8GB],https://kakaku.com/item/K0001214543/,AMD RadeonRX5700XT,AMD,2560.0,8.0,256.0,14.4,PCIExpress4.0x16,65780.0
176,GIGABYTE GV-N207SGAMING OC WHITE-8GD [PCIExp 8GB],https://kakaku.com/item/K0001195781/,NVIDIA GeForceRTX2070SUPER,NVIDIA,2560.0,8.0,256.0,14.0,PCIExpress3.0x16,66800.0
177,GIGABYTE GV-N208TGAMING OC-11GC [PCIExp 11GB],https://kakaku.com/item/K0001082422/,NVIDIA GeForceRTX2080Ti,NVIDIA,4352.0,11.0,352.0,14.0,PCIExpress3.0x16,146707.0
178,ELSA ELSA GeForce GTX 1650 S.A.C GD1650-4GERS [PCIExp 4GB],https://kakaku.com/item/K0001176227/,NVIDIA GeForceGTX1650,NVIDIA,896.0,4.0,128.0,8.0,PCIExpress3.0x16,21800.0
179,ASUS ROG-STRIX-GTX1650-O4G-GAMING [PCIExp 4GB],https://kakaku.com/item/K0001156961/,NVIDIA GeForceGTX1650,NVIDIA,896.0,4.0,128.0,8.002,PCIExpress3.0,21980.0
180,ASRock Radeon RX 5500 XT Challenger D 8G OC [PCIExp 8GB],https://kakaku.com/item/K0001219744/,AMD RadeonRX5500XT,AMD,1408.0,8.0,128.0,14.0,PCIExpress4.0x8,27500.0
181,ZOTAC ZOTAC GAMING GeForce GTX 1660 Ti AMP 6GB GDDR6 ZT-T16610D-10M [PCIExp 6GB],https://kakaku.com/item/K0001138277/,NVIDIA GeForceGTX1660Ti,NVIDIA,1536.0,6.0,192.0,12.0,PCIExpress3.0x16,36406.0
182,GIGABYTE GV-R57XTGAMING OC-8GD [PCIExp 8GB],https://kakaku.com/item/K0001186002/,AMD RadeonRX5700XT,AMD,2560.0,8.0,256.0,14.0,PCIExpress4.0x16,51762.0
183,ELSA ELSA GeForce RTX 2080 Ti ERAZOR GAMING GD2080-11GERTES2 [PCIExp 11GB],https://kakaku.com/item/K0001176226/,NVIDIA GeForceRTX2080Ti,NVIDIA,4352.0,11.0,352.0,14.0,PCIExpress3.0x16,153395.0
184,PowerColor PowerColor Red Devil Radeon RX 5700 AXRX 5700 8GBD6-3DHE/OC [PCIExp 8GB],https://kakaku.com/item/K0001186028/,AMD RadeonRX5700,AMD,2304.0,8.0,256.0,14.0,PCIExpress4.0,41753.0
185,MSI Radeon RX Vega 56 Air Boost 8G OC [PCIExp 8GB],https://kakaku.com/item/K0001021880/,AMD RadeonRXVega56,AMD,3584.0,8.0,2048.0,0.8,PCIExpress3.0x16,70628.0
186,GIGABYTE GV-N2080WF3-8GC [PCIExp 8GB],https://kakaku.com/item/K0001124220/,NVIDIA GeForceRTX2080,NVIDIA,2944.0,8.0,256.0,14.0,PCIExpress3.0x16,78078.0
188,ZOTAC ZOTAC GAMING GeForce GTX 1650 OC ZT-T16500F-10L [PCIExp 4GB],https://kakaku.com/item/K0001152722/,NVIDIA GeForceGTX1650,NVIDIA,896.0,4.0,128.0,8.0,PCIExpress3.0x16,16980.0
189,ZOTAC ZOTAC GAMING GeForce GTX 1660 SUPER AMP ZT-T16620D-10M [PCIExp 6GB],https://kakaku.com/item/K0001206477/,NVIDIA GeForceGTX1660SUPER,NVIDIA,1408.0,6.0,192.0,14.0,PCIExpress3.0x16,30980.0
190,GIGABYTE GV-N166TOC-6GD [PCIExp 6GB],https://kakaku.com/item/K0001133236/,NVIDIA GeForceGTX1660Ti,NVIDIA,1536.0,6.0,192.0,12.0,PCIExpress3.0x16,34602.0
191,ASUS TUF 3-RX5700XT-O8G-GAMING [PCIExp 8GB],https://kakaku.com/item/K0001198789/,AMD RadeonRX5700XT,AMD,2560.0,8.0,256.0,14.0,PCIExpress4.0,52749.0
192,SAPPHIRE SAPPHIRE NITRO+ RADEON RX VEGA 64 DUAL HDMI/DUAL DP (UEFI) SAP-VEGA64NITROV2/11275-03-40G [PCIExp 8GB],https://kakaku.com/item/K0001140831/,AMD RadeonRXVega64,AMD,4096.0,8.0,2048.0,1.9,PCIExpress3.0x16,60414.0
193,玄人志向 GALAKURO GAMING GG-RTX2070SP-E8GB/FAVgaming [PCIExp 8GB],https://kakaku.com/item/K0001205228/,NVIDIA GeForceRTX2070SUPER,NVIDIA,2560.0,8.0,256.0,14.0,PCIExpress3.0x16,65978.0
194,玄人志向 GF-GT710-E2GB/LP/P [PCIExp 2GB],https://kakaku.com/item/K0001205036/,NVIDIA GeForceGT710,NVIDIA,192.0,2.0,64.0,1.6,PCIExpress2.0x8,4200.0
196,GIGABYTE GV-N166SGAMING OC-6GD [PCIExp 6GB],https://kakaku.com/item/K0001206482/,NVIDIA GeForceGTX1660SUPER,NVIDIA,1408.0,6.0,192.0,14.0,PCIExpress3.0x16,32980.0
197,Colorful GeForce GTX 1650 SUPER NB 4G [PCIExp 4GB],https://kakaku.com/item/K0001214304/,NVIDIA GeForceGTX1650SUPER,NVIDIA,1280.0,4.0,128.0,12.0,PCIExpress3.0x16,19990.0
198,Colorful GeForce GTX 1660 SUPER NB 6G [PCIExp 6GB],https://kakaku.com/item/K0001207428/,NVIDIA GeForceGTX1660SUPER,NVIDIA,1408.0,6.0,192.0,14.0,PCIExpress3.0x16,27800.0
199,ASUS ROG-STRIX-RX5700-O8G-GAMING [PCIExp 8GB],https://kakaku.com/item/K0001191359/,AMD RadeonRX5700,AMD,2304.0,8.0,256.0,14.0,PCIExpress4.0,48076.0
200,GIGABYTE GV-N207SGAMING OC-8GC [PCIExp 8GB],https://kakaku.com/item/K0001173221/,NVIDIA GeForceRTX2070SUPER,NVIDIA,2560.0,8.0,256.0,14.0,PCIExpress3.0x16,65480.0
201,GIGABYTE GV-N208SGAMING OC-8GC [PCIExp 8GB],https://kakaku.com/item/K0001176802/,NVIDIA GeForceRTX2080SUPER,NVIDIA,3072.0,8.0,256.0,15.5,PCIExpress3.0x16,89800.0
202,ELSA ELSA GeForce RTX 2080 Ti ST GD2080-11GERTST [PCIExp 11GB],https://kakaku.com/item/K0001152560/,NVIDIA GeForceRTX2080Ti,NVIDIA,4352.0,11.0,352.0,14.0,PCIExpress3.0x16,173857.0
203,玄人志向 RD-R5-230-E1GB/HS [PCIExp 1GB],https://kakaku.com/item/K0001130126/,AMD RadeonR5230,AMD,160.0,1.0,64.0,1.334,PCIExpress2.1x16,3480.0
204,GIGABYTE GV-N1030SL-2GL [PCIExp 2GB],https://kakaku.com/item/K0001002215/,NVIDIA GeForceGT1030,NVIDIA,384.0,2.0,64.0,6.007999999999999,PCIExpress3.0x16,10492.0
205,GIGABYTE GV-N165SOC-4GD [PCIExp 4GB],https://kakaku.com/item/K0001218166/,NVIDIA GeForceGTX1650SUPER,NVIDIA,1280.0,4.0,128.0,12.0,PCIExpress3.0x16,21626.0
206,玄人志向 RD-RX590-E8GB/OC/DF [PCIExp 8GB],https://kakaku.com/item/K0001133708/,AMD RadeonRX590,AMD,2304.0,8.0,256.0,8.0,PCIExpress3.0x16,23066.0
207,GIGABYTE GV-N165SWF2OC-4GD [PCIExp 4GB],https://kakaku.com/item/K0001214540/,NVIDIA GeForceGTX1650SUPER,NVIDIA,1280.0,4.0,128.0,12.0,PCIExpress3.0x16,24177.0
208,SAPPHIRE SAPPHIRE NITRO+ RADEON RX 580 8G GDDR5 OC SA-RX580-8GD5N+001V2/11265-01-20G [PCIExp 8GB],https://kakaku.com/item/K0001122412/,AMD RadeonRX580,AMD,2304.0,8.0,256.0,8.0,PCIExpress3.0x16,24138.0
209,SAPPHIRE SAPPHIRE PULSE RADEON RX 5500 XT 4G GDDR6 HDMI/TRIPLE DP OC W/BP (UEFI) [PCIExp 4GB],https://kakaku.com/item/K0001220538/,AMD RadeonRX5500XT,AMD,1408.0,4.0,128.0,14.0,PCIExpress4.0x8 接続スロット：PCIExpressx16,25069.0
210,ASUS DUAL-RX580-O8G [PCIExp 8GB],https://kakaku.com/item/K0000977924/,AMD RadeonRX580,AMD,2304.0,8.0,256.0,8.0,PCIExpress3.0x16,26760.0
211,ELSA ELSA GeForce GTX 1660 Super S.A.C GD1660-6GERSS [PCIExp 6GB],https://kakaku.com/item/K0001217227/,NVIDIA GeForceGTX1660SUPER,NVIDIA,1408.0,6.0,192.0,14.0,PCIExpress3.0x16,34595.0
212,玄人志向 GALAKURO GK-GTX1660Ti-E6GB/MINI [PCIExp 6GB],https://kakaku.com/item/K0001145789/,NVIDIA GeForceGTX1660Ti,NVIDIA,1536.0,6.0,192.0,12.0,PCIExpress3.0x16,35935.0
213,GIGABYTE GV-N2060OC-6GD [PCIExp 6GB],https://kakaku.com/item/K0001120840/,NVIDIA GeForceRTX2060,NVIDIA,1920.0,6.0,192.0,14.0,PCIExpress3.0x16,38478.0
214,ASUS ROG-STRIX-RXVEGA56-O8G-GAMING [PCIExp 8GB],https://kakaku.com/item/K0001026807/,AMD RadeonRXVega56,AMD,3584.0,8.0,2048.0,0.8,PCIExpress3.0,40311.0
215,ASUS TURBO-RTX2060S-8G-EVO [PCIExp 8GB],https://kakaku.com/item/K0001191899/,NVIDIA GeForceRTX2060SUPER,NVIDIA,2176.0,8.0,256.0,14.0,PCIExpress3.0,48980.0
216,ELSA ELSA GeForce RTX 2060 Super S.A.C GD2060-8GERSS [PCIExp 8GB],https://kakaku.com/item/K0001174061/,NVIDIA GeForceRTX2060SUPER,NVIDIA,2176.0,8.0,256.0,14.0,PCIExpress3.0x16,54668.0
217,ASUS RX5700XT-8G [PCIExp 8GB],https://kakaku.com/item/K0001174637/,AMD RadeonRX5700XT,AMD,2560.0,8.0,256.0,14.0,PCIExpress4.0,54778.0
218,ZOTAC ZOTAC GAMING GeForce RTX 2070 SUPER AMP ZT-T20710D-10P [PCIExp 8GB],https://kakaku.com/item/K0001178061/,NVIDIA GeForceRTX2070SUPER,NVIDIA,2560.0,8.0,256.0,14.0,PCIExpress3.0,61578.0
219,ZOTAC ZOTAC GAMING GeForce RTX 2080 Ti AMP Extreme ZT-T20810B-10P [PCIExp 11GB],https://kakaku.com/item/K0001135566/,NVIDIA GeForceRTX2080Ti,NVIDIA,4352.0,11.0,352.0,14.4,PCIExpress3.0x16,180873.0
222,ASRock Phantom Gaming Radeon RX560 4G [PCIExp 4GB],https://kakaku.com/item/K0001112484/,AMD RadeonRX560(14ユニット),AMD,896.0,4.0,128.0,7.0,PCIExpress3.0x8 接続スロット：PCI-Expressx16,14278.0
224,SAPPHIRE SAPPHIRE PULSE RADEON RX 5500 XT 8G GDDR6 HDMI/TRIPLE DP OC W/BP (UEFI) [PCIExp 8GB],https://kakaku.com/item/K0001220537/,AMD RadeonRX5500XT,AMD,1408.0,8.0,128.0,14.0,PCIExpress4.0x8 接続スロット：PCIExpressx16,29745.0
225,玄人志向 RD-RX5700XT-E8GB/RPR [PCIExp 8GB],https://kakaku.com/item/K0001202265/,AMD RadeonRX5700XT,AMD,2560.0,8.0,256.0,14.0,PCIExpress4.0x16,47498.0
226,ASRock ASRock Radeon RX 5700 XT 8G [PCIExp 8GB],https://kakaku.com/item/K0001172579/,AMD RadeonRX5700XT,AMD,2560.0,8.0,256.0,14.0,PCIExpress4.0x16,54348.0
227,PowerColor PowerColor Red Devil Radeon RX 5700 XT AXRX 5700XT 8GBD6-3DHE/OC [PCIExp 8GB],https://kakaku.com/item/K0001186027/,AMD RadeonRX5700XT,AMD,2560.0,8.0,256.0,14.0,PCIExpress4.0,55679.0
228,Colorful GeForce RTX 2070 SUPER 8G [PCIExp 8GB],https://kakaku.com/item/K0001184410/,NVIDIA GeForceRTX2070SUPER,NVIDIA,2560.0,8.0,256.0,14.0,PCIExpress3.0x16,58800.0
229,ASUS TURBO-RTX2070S-8G-EVO [PCIExp 8GB],https://kakaku.com/item/K0001181725/,NVIDIA GeForceRTX2070SUPER,NVIDIA,2560.0,8.0,256.0,14.0,PCIExpress3.0,63800.0
230,Palit Microsystems NE6207SH20P2-1040G (GeForce RTX2070 SUPER GRP 8GB) [PCIExp 8GB] ドスパラWeb限定モデル,https://kakaku.com/item/K0001173641/,NVIDIA GeForceRTX2070SUPER,NVIDIA,2560.0,8.0,256.0,14.0,PCIExpress3.0x16,65980.0
231,ZOTAC ZOTAC GAMING GeForce RTX 2080 AMP Extreme ZT-T20800B-10P [PCIExp 8GB],https://kakaku.com/item/K0001119514/,NVIDIA GeForceRTX2080,NVIDIA,2944.0,8.0,256.0,14.4,PCIExpress3.0,79444.0
233,ASUS DUAL-RTX2080TI-O11G [PCIExp 11GB],https://kakaku.com/item/K0001082412/,NVIDIA GeForceRTX2080Ti,NVIDIA,4352.0,11.0,352.0,14.0,PCIExpress3.0,145618.0
237,ASUS CERBERUS-GTX1070TI-A8G [PCIExp 8GB],https://kakaku.com/item/K0001020032/,NVIDIA GeForceGTX1070Ti,NVIDIA,2432.0,8.0,256.0,8.008,PCIExpress3.0,68653.0
239,玄人志向 GALAKURO GK-RTX2080Ti-HOF 10th AE [PCIExp 11GB],https://kakaku.com/item/K0001181264/,NVIDIA GeForceRTX2080Ti,NVIDIA,4352.0,11.0,352.0,14.0,PCIExpress3.0x16,198000.0
240,玄人志向 GF-GTX1050Ti-4GB/OC/LP [PCIExp 4GB],https://kakaku.com/item/K0000938878/,NVIDIA GeForceGTX1050Ti,NVIDIA,768.0,4.0,128.0,7.007999999999999,PCIExpress3.0x16,13980.0
244,玄人志向 GF-GTX1060-E6GB/GD5X [PCIExp 6GB],https://kakaku.com/item/K0001114650/,NVIDIA GeForceGTX1060,NVIDIA,1280.0,6.0,192.0,8.008,PCIExpress3.0x16,27478.0
245,MSI MSI Radeon RX 5700 8G [PCIExp 8GB],https://kakaku.com/item/K0001172584/,AMD RadeonRX5700,AMD,2304.0,8.0,256.0,14.0,PCIExpress4.0x16,39700.0
246,ASRock Phantom Gaming X Radeon RX VEGA 56 8G [PCIExp 8GB],https://kakaku.com/item/K0001083605/,AMD RadeonRXVega56,AMD,3584.0,8.0,2048.0,0.8,PCIExpress3.0x16,40537.0
247,SAPPHIRE SAPPHIRE PULSE RADEON RX 5700 XT 8G GDDR6 HDMI/TRIPLE DP OC W/BP (UEFI) [PCIExp 8GB],https://kakaku.com/item/K0001184412/,AMD RadeonRX5700XT,AMD,2560.0,8.0,256.0,14.0,PCIExpress4.0x16,50303.0
249,ASUS TURBO-RTX2080S-8G-EVO [PCIExp 8GB],https://kakaku.com/item/K0001211455/,NVIDIA GeForceRTX2080SUPER,NVIDIA,3072.0,8.0,256.0,15.5,PCIExpress3.0,93246.0
250,GIGABYTE GV-N208SGAMINGOC WB-8GD [PCIExp 8GB],https://kakaku.com/item/K0001218165/,NVIDIA GeForceRTX2080SUPER,NVIDIA,3072.0,8.0,256.0,15.5,PCIExpress3.0x16,98880.0
252,ZOTAC ZOTAC GAMING GeForce RTX 2080 Ti ArcticStorm ZT-T20810K-30P [PCIExp 11GB],https://kakaku.com/item/K0001144020/,NVIDIA GeForceRTX2080Ti,NVIDIA,4352.0,11.0,352.0,14.0,PCIExpress3.0x16,204614.0
254,MSI N730K-2GD5LP/OCV1 [PCIExp 2GB],https://kakaku.com/item/K0000943365/,NVIDIA GeForceGT730(64-bitGDDR5),NVIDIA,384.0,2.0,64.0,5.0,PCIExpress2.0,6094.0
257,GIGABYTE GV-N1660GAMING OC-6GD [PCIExp 6GB],https://kakaku.com/item/K0001140143/,NVIDIA GeForceGTX1660,NVIDIA,1408.0,6.0,192.0,8.002,PCIExpress3.0x16,27413.0
258,GIGABYTE GV-R55XTOC-8GD [PCIExp 8GB],https://kakaku.com/item/K0001219743/,AMD RadeonRX5500XT,AMD,1408.0,8.0,128.0,14.0,PCIExpress4.0x16,29920.0
259,GIGABYTE GV-N166SIXOC-6GD [PCIExp 6GB],https://kakaku.com/item/K0001218163/,NVIDIA GeForceGTX1660SUPER,NVIDIA,1408.0,6.0,192.0,14.0,PCIExpress3.0x16,31680.0
260,ASUS TURBO-RTX2060-6G [PCIExp 6GB],https://kakaku.com/item/K0001124219/,NVIDIA GeForceRTX2060,NVIDIA,1920.0,6.0,192.0,14.0,PCIExpress,42799.0
261,PowerColor PowerColor Red Dragon Radeon RX 5700 AXRX 5700 8GBD6-3DHR/OC [PCIExp 8GB],https://kakaku.com/item/K0001201224/,AMD RadeonRX5700,AMD,2304.0,8.0,256.0,14.0,PCIExpress4.0x16,45800.0
262,MSI GeForce RTX 2070 AERO ITX 8G [PCIExp 8GB],https://kakaku.com/item/K0001117125/,NVIDIA GeForceRTX2070,NVIDIA,2304.0,8.0,256.0,14.0,PCIExpress3.0x16,51400.0
263,PowerColor PowerColor Liquid Devil Radeon RX 5700 XT AXRX 5700XT 8GBD6-WDH/OC [PCIExp 8GB],https://kakaku.com/item/K0001215312/,AMD RadeonRX5700XT,AMD,2560.0,8.0,256.0,14.0,PCIExpress4.0,81378.0
264,MSI GeForce RTX 2080 SUPER VENTUS OC [PCIExp 8GB],https://kakaku.com/item/K0001176809/,NVIDIA GeForceRTX2080SUPER,NVIDIA,3072.0,8.0,256.0,15.5,PCIExpress3.0x16,89980.0
265,ASUS DUAL-RTX2080S-O8G-EVO-V2 [PCIExp 8GB],https://kakaku.com/item/K0001213895/,NVIDIA GeForceRTX2080SUPER,NVIDIA,3072.0,8.0,256.0,15.5,PCIExpress3.0,98842.0
266,ELSA ELSA GeForce RTX 2080 Super ERAZOR GAMING GD2080-8GERSES [PCIExp 8GB],https://kakaku.com/item/K0001188362/,NVIDIA GeForceRTX2080SUPER,NVIDIA,3072.0,8.0,256.0,15.5,PCIExpress3.0x16,104800.0
268,MSI GeForce RTX 2080 Ti VENTUS 11G OC [PCIExp 11GB],https://kakaku.com/item/K0001126771/,NVIDIA GeForceRTX2080Ti,NVIDIA,4352.0,11.0,352.0,14.0,PCIExpress3.0x16,145039.0
271,玄人志向 RD-R5-230-E2GB/HS [PCIExp 2GB],https://kakaku.com/item/K0001117732/,AMD RadeonR5230,AMD,160.0,2.0,64.0,1.0,PCIExpress2.1x16,5148.0
274,MSI GeForce GTX 1050 Ti 4G OCV2 [PCIExp 4GB],https://kakaku.com/item/K0001180831/,NVIDIA GeForceGTX1050Ti,NVIDIA,768.0,4.0,128.0,7.007999999999999,PCIExpress3.0x16,12924.0
275,ZOTAC ZOTAC GAMING GeForce GTX 1660 AMP 6GB GDDR5 ZT-T16600D-10M [PCIExp 6GB],https://kakaku.com/item/K0001139486/,NVIDIA GeForceGTX1660,NVIDIA,1408.0,6.0,192.0,8.0,PCIExpress3.0x16,28578.0
276,ASUS ROG-STRIX-RX580-O8G-GAMING [PCIExp 8GB],https://kakaku.com/item/K0000960804/,AMD RadeonRX580,AMD,2304.0,8.0,256.0,8.0,PCIExpress3.0x16,30794.0
277,GIGABYTE GV-R55XTGAMING OC-8GD [PCIExp 8GB],https://kakaku.com/item/K0001219742/,AMD RadeonRX5500XT,AMD,1408.0,8.0,128.0,14.0,PCIExpress4.0x16,31878.0
278,玄人志向 GF-RTX2070-E8GB/DF2 [PCIExp 8GB],https://kakaku.com/item/K0001219865/,NVIDIA GeForceRTX2070,NVIDIA,2304.0,8.0,256.0,14.0,PCIExpress3.0x16,49478.0
279,GIGABYTE GV-N2070WF3-8GC [PCIExp 8GB],https://kakaku.com/item/K0001100682/,NVIDIA GeForceRTX2070,NVIDIA,2304.0,8.0,256.0,14.0,PCIExpress3.0x16,57571.0
280,ZOTAC ZOTAC GAMING GeForce RTX 2080 SUPER AMP Extreme ZT-T20820B-10P [PCIExp 8GB],https://kakaku.com/item/K0001176805/,NVIDIA GeForceRTX2080SUPER,NVIDIA,3072.0,8.0,256.0,15.5,PCIExpress3.0x16,99800.0
281,MSI GeForce RTX 2080 Ti SEA HAWK X [PCIExp 11GB],https://kakaku.com/item/K0001163354/,NVIDIA GeForceRTX2080Ti,NVIDIA,4352.0,11.0,352.0,7.0,PCIExpress3.0x16,207548.0
287,Manli M-NGTX1050/5R8HDP [PCIExp 2GB],https://kakaku.com/item/K0000918262/,NVIDIA GeForceGTX1050,NVIDIA,640.0,2.0,128.0,7.007999999999999,PCIExpress3.0x16,11880.0
289,ASUS GTX1050TI-O4G-LP-BRK [PCIExp 4GB],https://kakaku.com/item/K0001128285/,NVIDIA GeForceGTX1050Ti,NVIDIA,768.0,4.0,128.0,7.007999999999999,PCIExpress3.0,19980.0
290,ZOTAC ZOTAC GAMING GeForce GTX 1660 6GB GDDR5 ZT-T16600F-10L [PCIExp 6GB],https://kakaku.com/item/K0001139487/,NVIDIA GeForceGTX1660,NVIDIA,1408.0,6.0,192.0,8.0,PCIExpress3.0x16,26378.0
291,MSI Radeon RX 590 ARMOR 8G OC [PCIExp 8GB],https://kakaku.com/item/K0001145125/,AMD RadeonRX590,AMD,2304.0,8.0,256.0,8.0,PCIExpressx16,34675.0
292,ASUS DUAL-RX5700-O8G-EVO [PCIExp 8GB],https://kakaku.com/item/K0001201361/,AMD RadeonRX5700,AMD,2304.0,8.0,256.0,14.0,PCIExpress4.0,43587.0
293,ELSA ELSA GeForce RTX 2060 S.A.C GD2060-6GERS [PCIExp 6GB],https://kakaku.com/item/K0001135585/,NVIDIA GeForceRTX2060,NVIDIA,1920.0,6.0,192.0,14.0,PCIExpress3.0x16,47180.0
294,HIS HS-57XR8SSBR [PCIExp 8GB],https://kakaku.com/item/K0001176896/,AMD RadeonRX5700XT,AMD,2560.0,8.0,256.0,14.0,PCIExpress4.0x16,51740.0
295,ZOTAC ZOTAC GAMING GeForce RTX 2060 SUPER AMP Extreme ZT-T20610B-10P [PCIExp 8GB],https://kakaku.com/item/K0001184414/,NVIDIA GeForceRTX2060SUPER,NVIDIA,2176.0,8.0,256.0,14.0,PCIExpress3.0x16,55800.0
296,GIGABYTE AORUS GV-R57XTAORUS-8GD [PCIExp 8GB],https://kakaku.com/item/K0001222221/,AMD RadeonRX5700XT,AMD,2560.0,8.0,256.0,14.0,PCIExpress4.0x16,57178.0
298,GIGABYTE GV-N208STURBO-8GC [PCIExp 8GB],https://kakaku.com/item/K0001176803/,NVIDIA GeForceRTX2080SUPER,NVIDIA,3072.0,8.0,256.0,15.5,PCIExpress3.0x16,98987.0
303,GIGABYTE GV-N105TD5-4GD [PCIExp 4GB],https://kakaku.com/item/K0000919130/,NVIDIA GeForceGTX1050Ti,NVIDIA,768.0,4.0,128.0,7.007999999999999,PCIExpress3.0x16,19039.0
305,MSI Radeon RX 570 ARMOR 8G OC [PCIExp 8GB],https://kakaku.com/item/K0001031957/,AMD RadeonRX570,AMD,2048.0,8.0,256.0,7.0,PCIExpress3.0x16,27674.0
307,GIGABYTE GV-N166TIXOC-6GD [PCIExp 6GB],https://kakaku.com/item/K0001133235/,NVIDIA GeForceGTX1660Ti,NVIDIA,1536.0,6.0,192.0,12.0,PCIExpress3.0x16,36418.0
308,GIGABYTE GV-N2060WF2OC-6GD [PCIExp 6GB],https://kakaku.com/item/K0001120839/,NVIDIA GeForceRTX2060,NVIDIA,1920.0,6.0,192.0,14.0,PCIExpress3.0x16,40217.0
309,ASRock ASRock Radeon RX 5700 8G [PCIExp 8GB],https://kakaku.com/item/K0001172580/,AMD RadeonRX5700,AMD,2304.0,8.0,256.0,14.0,PCIExpress4.0x16,41717.0
310,ASUS RX5700-8G [PCIExp 8GB],https://kakaku.com/item/K0001174636/,AMD RadeonRX5700,AMD,2304.0,8.0,256.0,14.0,PCIExpress4.0,43430.0
311,PowerColor PowerColor Red Dragon Radeon RX 5700XT AXRX 5700XT 8GBD6-3DHR/OC [PCIExp 8GB],https://kakaku.com/item/K0001201223/,AMD RadeonRX5700XT,AMD,2560.0,8.0,256.0,14.0,PCIExpress4.0x16,49970.0
312,MSI GeForce RTX 2060 GAMING Z 6G [PCIExp 6GB],https://kakaku.com/item/K0001120297/,NVIDIA GeForceRTX2060,NVIDIA,1920.0,6.0,192.0,14.0,PCIExpress3.0x16,50400.0
313,MSI GeForce RTX 2070 GAMING Z 8G [PCIExp 8GB],https://kakaku.com/item/K0001098516/,NVIDIA GeForceRTX2070,NVIDIA,2304.0,8.0,256.0,14.0,PCIExpress3.0x16,64980.0
314,ZOTAC ZOTAC GAMING GeForce RTX 2070 SUPER AMP Extreme ZT-T20710B-10P [PCIExp 8GB],https://kakaku.com/item/K0001178060/,NVIDIA GeForceRTX2070SUPER,NVIDIA,2560.0,8.0,256.0,14.0,PCIExpress3.0,65978.0
315,ELSA ELSA GeForce RTX 2070 S.A.C GD2070-8GERS [PCIExp 8GB],https://kakaku.com/item/K0001112009/,NVIDIA GeForceRTX2070,NVIDIA,2304.0,8.0,256.0,14.0,PCIExpress3.0x16,70560.0
318,ASUS DUAL-RTX2080S-O8G-EVO [PCIExp 8GB],https://kakaku.com/item/K0001179209/,NVIDIA GeForceRTX2080SUPER,NVIDIA,3072.0,8.0,256.0,15.5,PCIExpress3.0,94145.0
319,ELSA ELSA GeForce RTX 2080 ST GD2080-8GERST [PCIExp 8GB],https://kakaku.com/item/K0001168762/,NVIDIA GeForceRTX2080,NVIDIA,2944.0,8.0,256.0,14.0,PCIExpress3.0x16,108352.0
320,MSI GeForce RTX 2080 GAMING X TRIO [PCIExp 8GB],https://kakaku.com/item/K0001082418/,NVIDIA GeForceRTX2080,NVIDIA,2944.0,8.0,256.0,14.0,PCIExpress3.0x16,109174.0
325,ZOTAC ZOTAC GT 710 2GB DDR3 LP ZTGT710-2GD3LP001/ZT-71302-20L [PCIExp 2GB],https://kakaku.com/item/K0000849062/,NVIDIA GeForceGT710,NVIDIA,192.0,2.0,64.0,1.6,PCIExpress2.0,4977.0
331,MSI GTX 1050 2G OC [PCIExp 2GB],https://kakaku.com/item/K0000921005/,NVIDIA GeForceGTX1050,NVIDIA,640.0,2.0,128.0,7.007999999999999,PCIExpress3.0x16,14410.0
332,玄人志向 GF-GTX1050Ti-4GB/OC/DF2 [PCIExp 4GB],https://kakaku.com/item/K0001135352/,NVIDIA GeForceGTX1050Ti,NVIDIA,768.0,4.0,128.0,7.007999999999999,PCIExpress3.0x16,14980.0
335,MSI GeForce GTX 1050 Ti GAMING X 4G [PCIExp 4GB],https://kakaku.com/item/K0000919131/,NVIDIA GeForceGTX1050Ti,NVIDIA,768.0,4.0,128.0,7.108,PCIExpress3.0x16,30350.0
336,MSI GTX 1060 GAMING X 6G [PCIExp 6GB],https://kakaku.com/item/K0000895014/,NVIDIA GeForceGTX1060,NVIDIA,1280.0,6.0,192.0,8.107999999999999,PCIExpress3.0x16,32634.0
337,MSI Radeon RX 580 ARMOR MK2 8G OC [PCIExp 8GB],https://kakaku.com/item/K0001041181/,AMD RadeonRX580,AMD,2304.0,8.0,256.0,8.0,PCIExpressx16,35445.0
338,Colorful GeForce RTX 2060 6G V2 [PCIExp 6GB],https://kakaku.com/item/K0001159380/,NVIDIA GeForceRTX2060,NVIDIA,1920.0,6.0,192.0,14.0,PCIExpress,36680.0
339,Colorful GeForce GTX 1660 Ti 6G [PCIExp 6GB],https://kakaku.com/item/K0001135351/,NVIDIA GeForceGTX1660Ti,NVIDIA,1536.0,6.0,192.0,12.0,PCIExpress3.0x16,36872.0
340,ZOTAC ZOTAC GAMING GeForce RTX 2060 AMP Edition ZT-T20600D-10M [PCIExp 6GB],https://kakaku.com/item/K0001120213/,NVIDIA GeForceRTX2060,NVIDIA,1920.0,6.0,192.0,14.0,PCIExpress3.0x16,44077.0
341,GIGABYTE GV-R57-8GD-B [PCIExp 8GB],https://kakaku.com/item/K0001172578/,AMD RadeonRX5700,AMD,2304.0,8.0,256.0,14.0,PCIExpress4.0x16,44876.0
342,MSI Radeon RX 5700 MECH GP OC [PCIExp 8GB],https://kakaku.com/item/K0001221491/,AMD RadeonRX5700,AMD,2304.0,8.0,256.0,14.0,PCIExpress4.0x16,48950.0
344,玄人志向 GF-RTX2070-E8GB/DF [PCIExp 8GB],https://kakaku.com/item/K0001100493/,NVIDIA GeForceRTX2070,NVIDIA,2304.0,8.0,256.0,14.0,PCIExpress3.0x16,55800.0
346,MSI GeForce RTX 2070 VENTUS 8G [PCIExp 8GB],https://kakaku.com/item/K0001111739/,NVIDIA GeForceRTX2070,NVIDIA,2304.0,8.0,256.0,14.0,PCIExpress3.0x16,61957.0
348,PowerColor PowerColor Red Devil Radeon RX 5700 XT Limited Edition AXRX 5700XT 8GBD6-3DHEP/OC [PCIExp 8GB],https://kakaku.com/item/K0001183062/,AMD RadeonRX5700XT,AMD,2560.0,8.0,256.0,14.0,PCIExpress4.0x16,67848.0
349,MSI GeForce RTX 2070 ARMOR 8G [PCIExp 8GB],https://kakaku.com/item/K0001098515/,NVIDIA GeForceRTX2070,NVIDIA,2304.0,8.0,256.0,14.0,PCIExpress3.0x16,68227.0
351,ZOTAC ZOTAC GAMING GeForce RTX 2080 ZT-T20800G-10P [PCIExp 8GB],https://kakaku.com/item/K0001138276/,NVIDIA GeForceRTX2080,NVIDIA,2944.0,8.0,256.0,14.0,PCIExpress3.0x16,76978.0
352,ASUS DUAL-RTX2080-O8G-EVO [PCIExp 8GB],https://kakaku.com/item/K0001141305/,NVIDIA GeForceRTX2080,NVIDIA,2944.0,8.0,256.0,14.0,PCIExpress3.0,88780.0
353,玄人志向 GK-RTX2080-E8GB/WHITE [PCIExp 8GB],https://kakaku.com/item/K0001091994/,NVIDIA GeForceRTX2080,NVIDIA,2944.0,8.0,256.0,14.0,PCIExpress3.0x16,97900.0
354,ASUS ROG-STRIX-RTX2080-O8G-GAMING [PCIExp 8GB],https://kakaku.com/item/K0001082414/,NVIDIA GeForceRTX2080,NVIDIA,2944.0,8.0,256.0,14.0,PCIExpress3.0,102884.0
356,GIGABYTE GV-N208SAORUS W-8GC [PCIExp 8GB],https://kakaku.com/item/K0001215592/,NVIDIA GeForceRTX2080SUPER,NVIDIA,3072.0,8.0,256.0,15.5,PCIExpress3.0x16,143000.0
357,Colorful iGame GeForce RTX 2080 Ti Advanced OC [PCIExp 11GB],https://kakaku.com/item/K0001093085/,NVIDIA GeForceRTX2080Ti,NVIDIA,4352.0,11.0,352.0,14.0,PCIExpress3.0x16,148400.0
358,Colorful iGame GeForce RTX 2080 Ti Vulcan X OC [PCIExp 11GB],https://kakaku.com/item/K0001142487/,NVIDIA GeForceRTX2080Ti,NVIDIA,4352.0,11.0,352.0,14.0,PCIExpress3.0x16,159246.0
367,ZOTAC ZOTAC GT 710 1GB DDR3 LP ZTGT710-1GD3LP001/ZT-71301-20L [PCIExp 1GB],https://kakaku.com/item/K0000849063/,NVIDIA GeForceGT710,NVIDIA,192.0,1.0,64.0,1.6,PCIExpress2.0,4708.0
375,ASUS DUAL-GTX1650-O4G [PCIExp 4GB],https://kakaku.com/item/K0001152733/,NVIDIA GeForceGTX1650,NVIDIA,896.0,4.0,128.0,8.002,PCIExpress3.0,16980.0
380,Colorful GTX1060 NB 3G [PCIExp 3GB],https://kakaku.com/item/K0001054365/,NVIDIA GeForceGTX1060,NVIDIA,1152.0,3.0,192.0,8.0,PCIExpress3.0x16,27517.0
385,Colorful GTX1060 NB 6G [PCIExp 6GB],https://kakaku.com/item/K0001041080/,NVIDIA GeForceGTX1060,NVIDIA,1280.0,6.0,192.0,8.0,PCIExpress3.0x16,32619.0
387,SAPPHIRE SAPPHIRE NITRO+ RADEON RX 590 8G GDDR5 OC W/BP (UEFI) AMD 50TH ANNIVERSARY EDITION [PCIExp 8GB],https://kakaku.com/item/K0001152737/,AMD RadeonRX590,AMD,2304.0,8.0,256.0,8.4,PCIExpress3.0x16,34480.0
388,HIS HS-57LR8SSNR [PCIExp 8GB],https://kakaku.com/item/K0001176895/,AMD RadeonRX5700,AMD,2304.0,8.0,256.0,14.0,PCIExpress4.0x16,37980.0
389,玄人志向 RD-RX5700-E8GB [PCIExp 8GB],https://kakaku.com/item/K0001172576/,AMD RadeonRX5700,AMD,2304.0,8.0,256.0,14.0,PCIExpress4.0x16,39800.0
393,MSI GeForce RTX 2060 VENTUS 6G OC [PCIExp 6GB],https://kakaku.com/item/K0001120298/,NVIDIA GeForceRTX2060,NVIDIA,1920.0,6.0,192.0,14.0,PCIExpress3.0x16,46500.0
394,ASUS TUF 3-RX5700-O8G-GAMING [PCIExp 8GB],https://kakaku.com/item/K0001205038/,AMD RadeonRX5700,AMD,2304.0,8.0,256.0,14.0,PCIExpress4.0,46739.0
396,ASUS DUAL-RTX2060-O6G [PCIExp 6GB],https://kakaku.com/item/K0001126080/,NVIDIA GeForceRTX2060,NVIDIA,1920.0,6.0,192.0,14.0,PCIExpress,47800.0
397,HIS HS-57TR8DSBR [PCIExp 8GB],https://kakaku.com/item/K0001182146/,AMD RadeonRX5700XT,AMD,2560.0,8.0,256.0,14.0,PCIExpress4.0x16,48378.0
398,Colorful GeForce RTX 2060 SUPER 8G Limited [PCIExp 8GB],https://kakaku.com/item/K0001184411/,NVIDIA GeForceRTX2060SUPER,NVIDIA,2176.0,8.0,256.0,14.0,PCIExpress3.0x16,48800.0
399,PowerColor PowerColor Red Devil Radeon RX 580 8GB GDDR5 AXRX 580 8GBD5-3DH/OC [PCIExp 8GB],https://kakaku.com/item/K0000960159/,AMD RadeonRX580,AMD,2304.0,8.0,256.0,2.0,PCIExpress3.0x16,52668.0
401,GIGABYTE AORUS GV-N2060AORUS X-6GC [PCIExp 6GB],https://kakaku.com/item/K0001120838/,NVIDIA GeForceRTX2060,NVIDIA,1920.0,6.0,192.0,14.14,PCIExpress3.0x16,55952.0
403,GIGABYTE GV-N107TGAMING-8GD [PCIExp 8GB],https://kakaku.com/item/K0001013313/,NVIDIA GeForceGTX1070Ti,NVIDIA,2432.0,8.0,256.0,8.008,PCIExpress3.0x16,70435.0
404,ASUS STRIX-GTX980-DC2OC-4GD5-SP [PCIExp 4GB],https://kakaku.com/item/K0000763093/,NVIDIA GeForceGTX980,NVIDIA,2048.0,4.0,256.0,7.01,PCIExpress3.0x16,71279.0
405,ASUS TURBO-RTX2070-8G [PCIExp 8GB],https://kakaku.com/item/K0001098554/,NVIDIA GeForceRTX2070,NVIDIA,2304.0,8.0,256.0,14.0,PCIExpress3.0,72315.0
406,EVGA GeForce RTX 2070 XC GAMING 08G-P4-2172-KR [PCIExp 8GB],https://kakaku.com/item/K0001100681/,NVIDIA GeForceRTX2070,NVIDIA,2304.0,8.0,256.0,14.0,PCIExpress3.0x16,81294.0
409,Colorful iGame GeForce RTX 2080 Advanced OC [PCIExp 8GB],https://kakaku.com/item/K0001091240/,NVIDIA GeForceRTX2080,NVIDIA,2944.0,8.0,256.0,14.0,PCIExpress3.0x16,88880.0
410,ZOTAC ZOTAC GAMING GeForce RTX 2080 AMP ZT-T20800D-10P [PCIExp 8GB],https://kakaku.com/item/K0001091040/,NVIDIA GeForceRTX2080,NVIDIA,2944.0,8.0,256.0,14.0,PCIExpress3.0x16,89800.0
411,ASUS TURBO-RTX2080-8G-EVO [PCIExp 8GB],https://kakaku.com/item/K0001163589/,NVIDIA GeForceRTX2080,NVIDIA,2944.0,8.0,256.0,14.0,PCIExpress3.0,90605.0
412,ZOTAC ZOTAC GAMING GeForce RTX 2080 SUPER AMP ZT-T20820D-10P [PCIExp 8GB],https://kakaku.com/item/K0001176806/,NVIDIA GeForceRTX2080SUPER,NVIDIA,3072.0,8.0,256.0,15.5,PCIExpress3.0x16,92700.0
416,ZOTAC ZOTAC GAMING GeForce RTX 2080 Ti Triple Fan ZT-T20810F-10P [PCIExp 11GB],https://kakaku.com/item/K0001091039/,NVIDIA GeForceRTX2080Ti,NVIDIA,4352.0,11.0,352.0,14.0,PCIExpress3.0x16,149380.0
417,Inno3D GeForce RTX 2080 Ti X2 OC N208T2-11D6X [PCIExp 11GB],https://kakaku.com/item/K0001106667/,NVIDIA GeForceRTX2080Ti,NVIDIA,4352.0,11.0,352.0,14.0,PCIExpress3.0x16,152943.0
469,玄人志向 GF-QUAD-DISP/4DVI/LP [PCIExp 1GB],https://kakaku.com/item/K0000701499/,NVIDIA GeForceGT730(64-bitDDR3),NVIDIA,384.0,1.0,64.0,1.8,PCIExpressx8,12635.0
470,GIGABYTE GV-RX550D5-2GD Rev2.0 [PCIExp 2GB],https://kakaku.com/item/K0001113736/,AMD RadeonRX550,AMD,512.0,2.0,128.0,6.0,PCIExpress3.0x8 接続スロット：PCI-Expressx16,13811.0
473,玄人志向 RD-RX560-E4GB/OC [PCIExp 4GB],https://kakaku.com/item/K0001092513/,AMD RadeonRX560(14ユニット),AMD,896.0,4.0,128.0,7.0,PCIExpress3.0x8 接続スロット：PCI-Expressx16,16734.0
476,ASUS PH-GTX1050-2G [PCIExp 2GB],https://kakaku.com/item/K0000920444/,NVIDIA GeForceGTX1050,NVIDIA,640.0,2.0,128.0,7.007999999999999,PCIExpress3.0,17712.0
478,玄人志向 GF-GTX1050-2GB/OC/SF [PCIExp 2GB],https://kakaku.com/item/K0000919783/,NVIDIA GeForceGTX1050,NVIDIA,640.0,2.0,128.0,7.007999999999999,PCIExpress3.0x16,18460.0
480,ASUS ROG-STRIX-RX570-O4G-GAMING [PCIExp 4GB],https://kakaku.com/item/K0000960805/,AMD RadeonRX570,AMD,2048.0,4.0,256.0,7.0,PCIExpress3.0x16,20372.0
483,Colorful GTX1050Ti NB 4G [PCIExp 4GB],https://kakaku.com/item/K0001054366/,NVIDIA GeForceGTX1050Ti,NVIDIA,768.0,4.0,128.0,7.0,PCIExpress3.0x16,21912.0
484,玄人志向 GALAKURO GAMING GG-GTX1650SP-E4GB/DF [PCIExp 4GB],https://kakaku.com/item/K0001222037/,NVIDIA GeForceGTX1650SUPER,NVIDIA,1280.0,4.0,128.0,12.0,PCIExpress3.0x16,21980.0
487,玄人志向 RD-RX580-E8GB/OC/DF2 [PCIExp 8GB],https://kakaku.com/item/K0001123896/,AMD RadeonRX580,AMD,2304.0,8.0,256.0,7.0,PCIExpress3.0x16,24263.0
488,玄人志向 GF-GTX1660-E6GB/OC/DF [PCIExp 6GB],https://kakaku.com/item/K0001139855/,NVIDIA GeForceGTX1660,NVIDIA,1408.0,6.0,192.0,8.008,PCIExpress3.0x16,25048.0
492,ASRock Phantom Gaming X Radeon RX570 8G OC [PCIExp 8GB],https://kakaku.com/item/K0001046983/,AMD RadeonRX570,AMD,2048.0,8.0,256.0,7.0,PCIExpress3.0x16,27633.0
494,ASRock Phantom Gaming X Radeon RX580 8G OC [PCIExp 8GB],https://kakaku.com/item/K0001046984/,AMD RadeonRX580,AMD,2304.0,8.0,256.0,8.0,PCIExpress3.0x16,28673.0
498,GIGABYTE GV-RX570GAMING-4GD [PCIExp 4GB],https://kakaku.com/item/K0000960157/,AMD RadeonRX570,AMD,2048.0,4.0,256.0,7.0,PCIExpress3.0x16,33000.0
499,玄人志向 GF-GTX1060-3GB/OC/DF [PCIExp 3GB],https://kakaku.com/item/K0000902697/,NVIDIA GeForceGTX1060,NVIDIA,1152.0,3.0,192.0,8.008,PCIExpress3.0x16,33308.0
502,ASUS STRIX-GTX1060-DC26G [PCIExp 6GB],https://kakaku.com/item/K0001039497/,NVIDIA GeForceGTX1060,NVIDIA,1280.0,6.0,192.0,8.008,PCIExpress3.0,35823.0
504,ASUS STRIX-GTX1060-DC2O6G [PCIExp 6GB],https://kakaku.com/item/K0000921442/,NVIDIA GeForceGTX1060,NVIDIA,1280.0,6.0,192.0,8.008,PCIExpress3.0x16,37346.0
505,GIGABYTE GV-RX590GAMING-8GD [PCIExp 8GB],https://kakaku.com/item/K0001139485/,AMD RadeonRX590,AMD,2304.0,8.0,256.0,8.0,PCIExpress3.0x16,37650.0
507,Colorful GeForce RTX 2060 6G [PCIExp 6GB],https://kakaku.com/item/K0001122087/,NVIDIA GeForceRTX2060,NVIDIA,1920.0,6.0,192.0,14.0,PCIExpress3.0x16,44940.0
511,GIGABYTE AORUS GV-N1060AORUS-6GD Rev.2.0 [PCIExp 6GB],https://kakaku.com/item/K0000999101/,NVIDIA GeForceGTX1060,NVIDIA,1280.0,6.0,192.0,8.008,PCIExpress3.0x16,47694.0
515,ASUS ROG STRIX-GTX1060-O6G-GAMING [PCIExp 6GB],https://kakaku.com/item/K0000895411/,NVIDIA GeForceGTX1060,NVIDIA,1280.0,6.0,192.0,8.208,PCIExpress3.0x16,50897.0
518,Colorful GTX1070Ti Twin [PCIExp 8GB],https://kakaku.com/item/K0001054364/,NVIDIA GeForceGTX1070Ti,NVIDIA,2432.0,8.0,256.0,8.0,PCIExpress3.0x16,58119.0
521,Colorful iGame GTX1070 U-TOP-8G [PCIExp 8GB],https://kakaku.com/item/K0001039095/,NVIDIA GeForceGTX1070,NVIDIA,1920.0,8.0,256.0,8.008,PCIExpress3.0,62399.0
522,ASUS DUAL-RTX2070-O8G [PCIExp 8GB],https://kakaku.com/item/K0001098553/,NVIDIA GeForceRTX2070,NVIDIA,2304.0,8.0,256.0,14.0,PCIExpress3.0,64565.0
524,Colorful GeForce RTX 2070 8G [PCIExp 8GB],https://kakaku.com/item/K0001118167/,NVIDIA GeForceRTX2070,NVIDIA,2304.0,8.0,256.0,14.0,PCIExpress3.0x16,65790.0
526,MSI GTX 1070 Ti ARMOR 8G [PCIExp 8GB],https://kakaku.com/item/K0001010818/,NVIDIA GeForceGTX1070Ti,NVIDIA,2432.0,8.0,256.0,8.008,PCIExpress3.0x16,68200.0
527,ASUS DUAL-RTX2070-O8G-EVO [PCIExp 8GB],https://kakaku.com/item/K0001141306/,NVIDIA GeForceRTX2070,NVIDIA,2304.0,8.0,256.0,14.0,PCIExpress3.0,69800.0
528,GIGABYTE GV-N2070GAMING OC-8GC [PCIExp 8GB],https://kakaku.com/item/K0001098511/,NVIDIA GeForceRTX2070,NVIDIA,2304.0,8.0,256.0,14.0,PCIExpress3.0x16,73146.0
529,ASUS STRIX-GTX980-DC2OC-4GD5 [PCIExp 4GB],https://kakaku.com/item/K0000703140/,NVIDIA GeForceGTX980,NVIDIA,2048.0,4.0,256.0,7.01,PCIExpress3.0x16,73480.0
533,GIGABYTE GV-N2080WF3OC-8GC [PCIExp 8GB],https://kakaku.com/item/K0001082423/,NVIDIA GeForceRTX2080,NVIDIA,2944.0,8.0,256.0,14.0,PCIExpress3.0x16,81100.0
534,GIGABYTE AORUS GV-N2070AORUS X-8GC [PCIExp 8GB],https://kakaku.com/item/K0001098510/,NVIDIA GeForceRTX2070,NVIDIA,2304.0,8.0,256.0,14.142000000000001,PCIExpress3.0x16,83283.0
535,EVGA GeForce RTX 2070 XC ULTRA GAMING 08G-P4-2173-KR [PCIExp 8GB],https://kakaku.com/item/K0001100680/,NVIDIA GeForceRTX2070,NVIDIA,2304.0,8.0,256.0,14.0,PCIExpress3.0x16,86386.0
537,XFX RX-VEGALDFF6 [PCIExp 8GB],https://kakaku.com/item/K0001055379/,AMD RadeonRXVega56,AMD,3584.0,8.0,2048.0,0.8,PCIExpress3.0x16,89298.0
538,MSI GeForce RTX 2080 VENTUS 8G [PCIExp 8GB],https://kakaku.com/item/K0001117124/,NVIDIA GeForceRTX2080,NVIDIA,2944.0,8.0,256.0,14.0,PCIExpress3.0x16,93478.0
539,ASUS ROG MATRIX-GTX980-P-4GD5 [PCIExp 4GB],https://kakaku.com/item/K0000738666/,NVIDIA GeForceGTX980,NVIDIA,2048.0,4.0,256.0,7.01,PCIExpress3.0x16,94000.0
543,GIGABYTE GV-N2080GAMING OC-8GC [PCIExp 8GB],https://kakaku.com/item/K0001082424/,NVIDIA GeForceRTX2080,NVIDIA,2944.0,8.0,256.0,14.0,PCIExpress3.0x16,97680.0
544,玄人志向 GALAKURO GK-RTX2070-E8GB/WHITE [PCIExp 8GB],https://kakaku.com/item/K0001098509/,NVIDIA GeForceRTX2070,NVIDIA,2304.0,8.0,256.0,14.0,PCIExpress3.0x16,98978.0
545,Inno3D GeForce RTX 2080 X2 OC N20802-08D6X [PCIExp 8GB],https://kakaku.com/item/K0001106668/,NVIDIA GeForceRTX2080,NVIDIA,2944.0,8.0,256.0,14.0,PCIExpress3.0x16,98978.0
546,Colorful iGame GTX1080Ti Vulcan AD [PCIExp 11GB],https://kakaku.com/item/K0000991678/,NVIDIA GeForceGTX1080Ti,NVIDIA,3584.0,11.0,352.0,11.0,PCIExpress3.0x16,99880.0
548,ZOTAC ZOTAC GAMING GeForce RTX 2080 AMP Extreme Core ZT-T20800C-10P [PCIExp 8GB],https://kakaku.com/item/K0001119515/,NVIDIA GeForceRTX2080,NVIDIA,2944.0,8.0,256.0,14.4,PCIExpress3.0,100980.0
549,GIGABYTE GV-RXVEGA64GAMING OC-8GD [PCIExp 8GB],https://kakaku.com/item/K0001021381/,AMD RadeonRXVega64,AMD,4096.0,8.0,2048.0,0.945,PCIExpress3.0x16,102461.0
550,ASUS DUAL-RTX2080-A8G [PCIExp 8GB],https://kakaku.com/item/K0001100683/,NVIDIA GeForceRTX2080,NVIDIA,2944.0,8.0,256.0,14.0,PCIExpress3.0,104720.0
551,GIGABYTE AORUS GV-N2080AORUS X-8GC [PCIExp 8GB],https://kakaku.com/item/K0001096667/,NVIDIA GeForceRTX2080,NVIDIA,2944.0,8.0,256.0,14.14,PCIExpress3.0x16,109796.0
553,ASUS DUAL-RTX2080-O8G [PCIExp 8GB],https://kakaku.com/item/K0001082415/,NVIDIA GeForceRTX2080,NVIDIA,2944.0,8.0,256.0,14.0,PCIExpress3.0,114852.0
555,ASUS TURBO-RTX2080-8G [PCIExp 8GB],https://kakaku.com/item/K0001104411/,NVIDIA GeForceRTX2080,NVIDIA,2944.0,8.0,256.0,14.0,PCIExpress3.0,121363.0
