0,ASUS PH-GTX1650-O4G [PCIExp 4GB],https://kakaku.com/item/K0001152734/,NVIDIA GeForceGTX1650,896,4.0,128.0,8.002,PCIExpress3.0,14780
1,MSI Radeon RX 5700 XT EVOKE OC [PCIExp 8GB],https://kakaku.com/item/K0001183627/,AMD RadeonRX5700XT,2560,8.0,256.0,14.0,PCIExpress4.0x16,46928
2,MSI GeForce GTX 1660 Ti AERO ITX 6G OC [PCIExp 6GB],https://kakaku.com/item/K0001134000/,NVIDIA GeForceGTX1660Ti,1536,6.0,192.0,12.0,PCIExpress3.0x16,29654
3,SAPPHIRE SAPPHIRE PULSE RADEON RX 570 8G GDDR5 DUAL HDMI/DUAL DP OC W/BP (UEFI) 11266-66-23G [PCIExp 8GB],https://kakaku.com/item/K0001169299/,AMD RadeonRX570,2048,8.0,256.0,7.0,PCIExpress3.0x16,17160
4,MSI GeForce GTX 1660 AERO ITX 6G OC-JP [PCIExp 6GB],https://kakaku.com/item/K0001217230/,NVIDIA GeForceGTX1660,1408,6.0,192.0,8.0,PCIExpress3.0x16,24200
5,MSI GeForce RTX 2070 SUPER GAMING X TRIO [PCIExp 8GB],https://kakaku.com/item/K0001187167/,NVIDIA GeForceRTX2070SUPER,2560,8.0,256.0,14.0,PCIExpress3.0x16,69843
6,MSI Radeon RX 580 ARMOR 8G OC [PCIExp 8GB],https://kakaku.com/item/K0001132779/,AMD RadeonRX580,2304,8.0,256.0,8.0,PCIExpress3.0x16,17355
7,MSI Radeon RX Vega 64 Air Boost 8G OC [PCIExp 8GB],https://kakaku.com/item/K0001056814/,AMD RadeonRXVega64,4096,8.0,2048.0,0.945,PCIExpress3.0x16,30780
8,MSI GeForce RTX 2070 SUPER VENTUS OC [PCIExp 8GB],https://kakaku.com/item/K0001174639/,NVIDIA GeForceRTX2070SUPER,2560,8.0,256.0,14.0,PCIExpress3.0x16,61600
9,MSI GEFORCE RTX2060 GAMING 6G [PCIExp 6GB] NTT-X Store限定モデル,https://kakaku.com/item/K0001177148/,NVIDIA GeForceRTX2060,1920,6.0,192.0,14.0,PCIExpress3.0x16,37980
10,MSI GeForce GTX 1650 AERO ITX 4G OC [PCIExp 4GB],https://kakaku.com/item/K0001152736/,NVIDIA GeForceGTX1650,896,4.0,128.0,8.0,PCIExpress3.0x16,15268
11,Palit Microsystems NE6207SS19P2-1040J (GeForce RTX2070 SUPER JS 8GB) [PCIExp 8GB] ドスパラWeb限定モデル,https://kakaku.com/item/K0001173640/,NVIDIA GeForceRTX2070SUPER,2560,8.0,256.0,14.0,PCIExpress3.0x16,56980
12,SAPPHIRE SAPPHIRE NITRO+ RADEON RX 5700 XT 8G GDDR6 DUAL HDMI/DUAL DP OC (UEFI) [PCIExp 8GB],https://kakaku.com/item/K0001195293/,AMD RadeonRX5700XT,2560,8.0,256.0,14.0,PCIExpress4.0x16,48277
13,MSI GeForce GTX 1660 Ti GAMING X 6G [PCIExp 6GB],https://kakaku.com/item/K0001133999/,NVIDIA GeForceGTX1660Ti,1536,6.0,192.0,12.0,PCIExpress3.0x16,36980
14,MSI GeForce RTX 2080 Ti GAMING X TRIO [PCIExp 11GB],https://kakaku.com/item/K0001082416/,NVIDIA GeForceRTX2080Ti,4352,11.0,352.0,14.0,PCIExpress3.0x16,155628
15,玄人志向 GALAKURO GAMING GG-GTX1660SP-E6GB/DF [PCIExp 6GB],https://kakaku.com/item/K0001206481/,NVIDIA GeForceGTX1660SUPER,1408,6.0,192.0,14.0,PCIExpress3.0x16,26922
16,MSI Radeon RX 570 ARMOR 8G [PCIExp 8GB],https://kakaku.com/item/K0001117123/,AMD RadeonRX570,2048,8.0,256.0,7.0,PCIExpressx16,14980
17,玄人志向 GF-GTX1050Ti-E4GB/SF/P [PCIExp 4GB],https://kakaku.com/item/K0001176957/,NVIDIA GeForceGTX1050Ti,768,4.0,128.0,7.0,PCIExpress3.0x16,12078
18,MSI GT 1030 2G LP OC [PCIExp 2GB],https://kakaku.com/item/K0000965888/,NVIDIA GeForceGT1030,384,2.0,64.0,6.008,PCIExpress3.0x4 接続スロット：PCI-Expressx16,8910
19,MSI GeForce GTX 1050 Ti 4G OCV2 [PCIExp 4GB],https://kakaku.com/item/K0001180831/,NVIDIA GeForceGTX1050Ti,768,4.0,128.0,7.008,PCIExpress3.0x16,12884
20,MSI GeForce GTX 1660 SUPER AERO ITX OC [PCIExp 6GB],https://kakaku.com/item/K0001206480/,NVIDIA GeForceGTX1660SUPER,1408,6.0,192.0,14.0,PCIExpress3.0x16,26844
21,MSI GeForce GTX 1660 SUPER VENTUS XS OC [PCIExp 6GB],https://kakaku.com/item/K0001206479/,NVIDIA GeForceGTX1660SUPER,1408,6.0,192.0,14.0,PCIExpress3.0x16,27821
22,MSI GeForce RTX 2080 SUPER GAMING TRIO [PCIExp 8GB] ドスパラWeb限定モデル,https://kakaku.com/item/K0001212834/,NVIDIA GeForceRTX2080SUPER,3072,8.0,256.0,15.5,PCIExpress3.0x16,84980
23,MSI GeForce RTX 2060 AERO ITX 6G OC-JP [PCIExp 6GB],https://kakaku.com/item/K0001217229/,NVIDIA GeForceRTX2060,1920,6.0,192.0,14.0,PCIExpress3.0x16,34980
24,MSI GeForce RTX 2060 SUPER GAMING X [PCIExp 8GB],https://kakaku.com/item/K0001174638/,NVIDIA GeForceRTX2060SUPER,2176,8.0,256.0,14.0,PCIExpress3.0x16,50482
25,MSI Radeon RX 5700 MECH OC [PCIExp 8GB],https://kakaku.com/item/K0001185030/,AMD RadeonRX5700,2304,8.0,256.0,14.0,PCIExpress4.0x16,42040
26,玄人志向 GALAKURO GAMING GG-RTX2070SP-E8GB/DF [PCIExp 8GB],https://kakaku.com/item/K0001173224/,NVIDIA GeForceRTX2070SUPER,2560,8.0,256.0,14.0,PCIExpress3.0x16,56560
27,MSI GeForce GTX 1650 4GT LP [PCIExp 4GB],https://kakaku.com/item/K0001168763/,NVIDIA GeForceGTX1650,896,4.0,128.0,8.0,PCIExpress3.0x16,17169
28,MSI GeForce RTX 2080 SUPER VENTUS OC [PCIExp 8GB],https://kakaku.com/item/K0001176809/,NVIDIA GeForceRTX2080SUPER,3072,8.0,256.0,15.5,PCIExpress3.0x16,88700
29,ZOTAC ZOTAC GAMING GeForce GTX 1660 Ti 6GB GDDR6 ZT-T16610F-10L [PCIExp 6GB],https://kakaku.com/item/K0001133234/,NVIDIA GeForceGTX1660Ti,1536,6.0,192.0,12.0,PCIExpress3.0x16,30580
30,Palit Microsystems NE6206S018P2-1160A (GeForce RTX2060 SUPER DUAL 8GB) [PCIExp 8GB] ドスパラWeb限定モデル,https://kakaku.com/item/K0001176899/,NVIDIA GeForceRTX2060SUPER,2176,8.0,,14.0,PCIExpress3.0x16,43980
31,ASUS ROG-STRIX-RTX2080S-A8G-GAMING [PCIExp 8GB],https://kakaku.com/item/K0001179208/,NVIDIA GeForceRTX2080SUPER,3072,8.0,256.0,15.5,PCIExpress3.0,91606
32,MSI GT 710 1GD3H LP [PCIExp 1GB],https://kakaku.com/item/K0000849553/,NVIDIA GeForceGT710,192,1.0,64.0,1.6,PCIExpress2.0x8 接続スロット：PCI-Expressx16,3498
33,ASRock Phantom Gaming Radeon RX560 2G [PCIExp 2GB],https://kakaku.com/item/K0001067652/,AMD RadeonRX560(14ユニット),896,2.0,128.0,6.0,PCIExpress3.0x8 接続スロット：PCI-Expressx16,9328
34,ASUS ROG-STRIX-RTX2070S-A8G-GAMING [PCIExp 8GB],https://kakaku.com/item/K0001181724/,NVIDIA GeForceRTX2070SUPER,2560,8.0,256.0,14.0,PCIExpress3.0,69278
35,MSI GeForce RTX 2060 SUPER VENTUS GP [PCIExp 8GB] ドスパラWeb限定モデル,https://kakaku.com/item/K0001212835/,NVIDIA GeForceRTX2060SUPER,2176,8.0,256.0,14.0,PCIExpress3.0x16,45980
36,GIGABYTE GV-N206SGAMING OC WHITE-8GD [PCIExp 8GB],https://kakaku.com/item/K0001201046/,NVIDIA GeForceRTX2060SUPER,2176,8.0,256.0,14.0,PCIExpress3.0x16,47718
37,MSI GTX 1050 Ti 4GT LP [PCIExp 4GB],https://kakaku.com/item/K0000929966/,NVIDIA GeForceGTX1050Ti,768,4.0,128.0,7.008,PCIExpress3.0x16,13178
38,GIGABYTE GV-N166SOC-6GD [PCIExp 6GB],https://kakaku.com/item/K0001206483/,NVIDIA GeForceGTX1660SUPER,1408,6.0,192.0,14.0,PCIExpress3.0x16,28145
39,ASUS PH-GTX1660-O6G [PCIExp 6GB],https://kakaku.com/item/K0001140065/,NVIDIA GeForceGTX1660,1408,6.0,192.0,8.002,PCIExpress3.0,23524
40,MSI GeForce RTX 2060 SUPER AERO ITX [PCIExp 8GB],https://kakaku.com/item/K0001176827/,NVIDIA GeForceRTX2060SUPER,2176,8.0,256.0,14.0,PCIExpress3.0x16,46200
41,玄人志向 GALAKURO GK-RTX2070SP-E8GB/WHITE/TP [PCIExp 8GB],https://kakaku.com/item/K0001188363/,NVIDIA GeForceRTX2070SUPER,2560,8.0,256.0,14.0,PCIExpress3.0x16,60478
42,玄人志向 RD-RX550-E2GB/OC [PCIExp 2GB],https://kakaku.com/item/K0001029982/,AMD RadeonRX550,512,2.0,128.0,6.0,PCIExpress3.0x16,7260
43,ZOTAC ZOTAC GAMING GeForce GTX 1650 SUPER Twin Fan ZT-T16510F-10L [PCIExp 4GB],https://kakaku.com/item/K0001215965/,NVIDIA GeForceGTX1650SUPER,1280,4.0,128.0,12.0,PCIExpress3.0x16,20480
44,MSI GeForce RTX 2080 Ti VENTUS GP [PCIExp 11GB],https://kakaku.com/item/K0001198117/,NVIDIA GeForceRTX2080Ti,4352,11.0,352.0,14.0,PCIExpress3.0x16,129351
45,MSI GeForce RTX 2060 SUPER VENTUS OC [PCIExp 8GB],https://kakaku.com/item/K0001180627/,NVIDIA GeForceRTX2060SUPER,2176,8.0,256.0,14.0,PCIExpress3.0x16,47260
46,ASUS PH-RTX2060-6G [PCIExp 6GB],https://kakaku.com/item/K0001137644/,NVIDIA GeForceRTX2060,1920,6.0,192.0,14.0,PCIExpress3.0,34800
47,SAPPHIRE SAPPHIRE PULSE RADEON RX 580 8G GDDR5 OC V2 [PCIExp 8GB],https://kakaku.com/item/K0001135567/,AMD RadeonRX580,2304,8.0,256.0,8.0,PCIExpress3.0x16,20357
48,Palit Microsystems NE6208TS20LC-150A (GeForce RTX2080Ti 11GB GamingProOC) [PCIExp 11GB] ドスパラWeb限定モデル,https://kakaku.com/item/K0001092954/,NVIDIA GeForceRTX2080Ti,4352,11.0,,,PCIExpressx16,142028
49,玄人志向 RD-RX5700XT-E8GB/DF [PCIExp 8GB],https://kakaku.com/item/K0001195294/,AMD RadeonRX5700XT,2560,8.0,256.0,14.0,PCIExpress4.0x16,45991
50,MSI GeForce GTX 1650 GAMING X 4G [PCIExp 4GB],https://kakaku.com/item/K0001152735/,NVIDIA GeForceGTX1650,896,4.0,128.0,8.0,PCIExpress3.0x16,17930
51,ASUS ROG-STRIX-RX5700XT-O8G-GAMING [PCIExp 8GB],https://kakaku.com/item/K0001188519/,AMD RadeonRX5700XT,2560,8.0,256.0,14.0,PCIExpress4.0,53502
52,ZOTAC ZOTAC GAMING GeForce RTX 2080 SUPER Twin Fan ZT-T20820F-10P [PCIExp 8GB],https://kakaku.com/item/K0001176807/,NVIDIA GeForceRTX2080SUPER,3072,8.0,256.0,15.5,PCIExpress3.0x16,77329
53,玄人志向 RD-RX5700-E8GB/DF [PCIExp 8GB],https://kakaku.com/item/K0001195295/,AMD RadeonRX5700,2304,8.0,256.0,14.0,PCIExpress4.0x16,40120
54,SAPPHIRE SAPPHIRE PULSE RADEON RX 5700 8G GDDR6 HDMI/TRIPLE DP OC W/BP (UEFI) [PCIExp 8GB],https://kakaku.com/item/K0001184413/,AMD RadeonRX5700,2304,8.0,256.0,14.0,PCIExpress4.0x16,41579
55,玄人志向 GALAKURO GAMING GG-RTX2080Ti-E11GB/TP [PCIExp 11GB],https://kakaku.com/item/K0001171864/,NVIDIA GeForceRTX2080Ti,4352,11.0,352.0,14.0,PCIExpress3.0x16,129800
56,MSI GeForce GTX 1650 SUPER VENTUS XS OC [PCIExp 4GB],https://kakaku.com/item/K0001214541/,NVIDIA GeForceGTX1650SUPER,1280,4.0,128.0,12.0,PCIExpress3.0x16,21879
57,ASUS ROG-STRIX-RTX2070S-O8G-GAMING [PCIExp 8GB],https://kakaku.com/item/K0001211457/,NVIDIA GeForceRTX2070SUPER,2560,8.0,256.0,14.0,PCIExpress3.0,67980
58,MSI GT 710 2GD3H LP [PCIExp 2GB],https://kakaku.com/item/K0000849552/,NVIDIA GeForceGT710,192,2.0,64.0,1.6,PCIExpress2.0x8 接続スロット：PCI-Expressx16,4290
59,ZOTAC ZOTAC GAMING GeForce RTX 2060 SUPER MINI ZT-T20610E-10M [PCIExp 8GB],https://kakaku.com/item/K0001174640/,NVIDIA GeForceRTX2060SUPER,2176,8.0,256.0,14.0,PCIExpress3.0x16,45980
60,ASUS GT1030-SL-2G-BRK [PCIExp 2GB],https://kakaku.com/item/K0000969293/,NVIDIA GeForceGT1030,384,2.0,64.0,6.008,PCIExpress3.0,8978
61,Palit Microsystems NE6166TS18J9-1160A (GeForce GTX1660Ti 6GB Dual OC) [PCIExp 6GB] ドスパラWeb限定モデル,https://kakaku.com/item/K0001140086/,NVIDIA GeForceGTX1660Ti,1536,6.0,,12.0,PCIExpress3.0x16,30341
62,ASUS TUF-GTX1660TI-O6G-GAMING [PCIExp 6GB],https://kakaku.com/item/K0001161471/,NVIDIA GeForceGTX1660Ti,1536,6.0,192.0,12.002,PCIExpress3.0,32978
63,GIGABYTE GV-R57XTGAMING OC-8GD [PCIExp 8GB],https://kakaku.com/item/K0001186002/,AMD RadeonRX5700XT,2560,8.0,256.0,14.0,PCIExpress4.0x16,47770
64,MSI GeForce GTX 1660 GAMING X 6G [PCIExp 6GB],https://kakaku.com/item/K0001140062/,NVIDIA GeForceGTX1660,1408,6.0,192.0,8.0,PCIExpress3.0x16,26992
65,玄人志向 GF-GT710-E1GB/HS [PCIExp 1GB],https://kakaku.com/item/K0001127556/,NVIDIA GeForceGT710,192,1.0,64.0,1.0,PCIExpress2.0x16,3400
66,MSI GeForce RTX 2080 SUPER GAMING X TRIO [PCIExp 8GB],https://kakaku.com/item/K0001180626/,NVIDIA GeForceRTX2080SUPER,3072,8.0,256.0,15.5,PCIExpress3.0x16,99000
67,SAPPHIRE SAPPHIRE PULSE RADEON RX 550 2G GDDR5 HDMI/DVI-D/DP (UEFI) V2 [PCIExp 2GB],https://kakaku.com/item/K0001213716/,AMD RadeonRX550,640,2.0,128.0,6.0,PCIExpress3.0x16,9570
68,GIGABYTE AORUS GV-N207SAORUS-8GC [PCIExp 8GB],https://kakaku.com/item/K0001173220/,NVIDIA GeForceRTX2070SUPER,2560,8.0,256.0,14.0,PCIExpress3.0x16,73516
69,Palit Microsystems NE5105T018G1-1070F (GeForce GTX1050Ti 4GB STORMX) [PCIExp 4GB] ドスパラWeb限定モデル,https://kakaku.com/item/K0000921781/,NVIDIA GeForceGTX1050Ti,768,4.0,128.0,3.5,PCIExpress3.0x16,11980
70,GIGABYTE GV-N1650OC-4GD [PCIExp 4GB],https://kakaku.com/item/K0001152724/,NVIDIA GeForceGTX1650,896,4.0,128.0,8.002,PCIExpress3.0x16,17050
71,ASUS PH-GTX1660TI-O6G [PCIExp 6GB],https://kakaku.com/item/K0001133237/,NVIDIA GeForceGTX1660Ti,1536,6.0,192.0,12.002,PCIExpress3.0,29678
72,Palit Microsystems NE6207SH20P2-1040G (GeForce RTX2070 SUPER GRP 8GB) [PCIExp 8GB] ドスパラWeb限定モデル,https://kakaku.com/item/K0001173641/,NVIDIA GeForceRTX2070SUPER,2560,8.0,256.0,14.0,PCIExpress3.0x16,65980
73,ASUS ROG-STRIX-RTX2080TI-O11G-GAMING [PCIExp 11GB],https://kakaku.com/item/K0001103647/,NVIDIA GeForceRTX2080Ti,4352,11.0,352.0,14.0,PCIExpress3.0,162799
74,MSI GeForce RTX 2060 AERO ITX 6G OC [PCIExp 6GB],https://kakaku.com/item/K0001120299/,NVIDIA GeForceRTX2060,1920,6.0,192.0,14.0,PCIExpress3.0x16,37797
75,ASUS DUAL-RTX2060S-8G-EVO [PCIExp 8GB],https://kakaku.com/item/K0001187537/,NVIDIA GeForceRTX2060SUPER,2176,8.0,256.0,14.0,PCIExpress3.0,47960
76,Palit Microsystems NE6208SH20P2-1040W (GeForce RTX2080 SUPER WGRP 8GB) [PCIExp 8GB] ドスパラWeb限定モデル,https://kakaku.com/item/K0001182284/,NVIDIA GeForceRTX2080SUPER,3072,8.0,,15.5,PCIExpress3.0x16,85481
77,GIGABYTE AORUS GV-N208TAORUSX W-11GC [PCIExp 11GB],https://kakaku.com/item/K0001113734/,NVIDIA GeForceRTX2080Ti,4352,11.0,352.0,14.14,PCIExpress3.0x16,188980
78,Palit Microsystems NE6166TS18J9-161F (GeForce GTX1660Ti STORMX OC 6GB) [PCIExp 6GB] ドスパラWeb限定モデル,https://kakaku.com/item/K0001133883/,NVIDIA GeForceGTX1660Ti,1536,6.0,,12.0,PCIExpress3.0x16,29201
79,玄人志向 GALAKURO GAMING GG-GTX1660Ti-E6GB/DF [PCIExp 6GB],https://kakaku.com/item/K0001171867/,NVIDIA GeForceGTX1660Ti,1536,6.0,192.0,12.0,PCIExpress3.0x16,29980
80,玄人志向 GALAKURO GK-RTX2080Ti-HOF 10th AE [PCIExp 11GB],https://kakaku.com/item/K0001181264/,NVIDIA GeForceRTX2080Ti,4352,11.0,352.0,14.0,PCIExpress3.0x16,198000
81,MSI GT 1030 AERO ITX 2G OC [PCIExp 2GB],https://kakaku.com/item/K0000965887/,NVIDIA GeForceGT1030,384,2.0,64.0,,PCIExpress3.0x4 接続スロット：PCI-Expressx16,8980
82,ZOTAC ZOTAC GAMING GeForce RTX 2060 Twin Fan ZT-T20600F-10M [PCIExp 6GB],https://kakaku.com/item/K0001120214/,NVIDIA GeForceRTX2060,1920,6.0,192.0,14.0,PCIExpress3.0x16,38476
83,Palit Microsystems NE51650S06G1-1170F (GeForce GTX1650 STORMX OC 4GB) [PCIExp 4GB] ドスパラWeb限定モデル,https://kakaku.com/item/K0001153313/,NVIDIA GeForceGTX1650,896,4.0,128.0,8.0,PCIExpress3.0x16,14980
84,玄人志向 RD-RX590-E8GB/OC/DF [PCIExp 8GB],https://kakaku.com/item/K0001133708/,AMD RadeonRX590,2304,8.0,256.0,8.0,PCIExpress3.0x16,22561
85,ASRock Phantom Gaming X Radeon RX590 8G OC [PCIExp 8GB],https://kakaku.com/item/K0001114651/,AMD RadeonRX590,2304,8.0,256.0,8.0,PCIExpress3.0x16,24420
86,MSI GeForce GTX 1660 AERO ITX 6G OC [PCIExp 6GB],https://kakaku.com/item/K0001140063/,NVIDIA GeForceGTX1660,1408,6.0,192.0,8.0,PCIExpress3.0x16,25589
87,GIGABYTE GV-N208TGAMING OC-11GC [PCIExp 11GB],https://kakaku.com/item/K0001082422/,NVIDIA GeForceRTX2080Ti,4352,11.0,352.0,14.0,PCIExpress3.0x16,146707
88,玄人志向 GF-GT710-E1GB/LP/P [PCIExp 1GB],https://kakaku.com/item/K0001205037/,NVIDIA GeForceGT710,192,1.0,64.0,5.0,PCIExpress2.0x8 接続スロット：PCI-Expressx16,3980
89,ASUS PH-GTX1050TI-4G [PCIExp 4GB],https://kakaku.com/item/K0000920443/,NVIDIA GeForceGTX1050Ti,768,4.0,128.0,7.008,PCIExpress3.0,12980
90,ELSA ELSA GeForce GTX 1650 SP GD1650-4GERSP [PCIExp 4GB],https://kakaku.com/item/K0001183314/,NVIDIA GeForceGTX1650,896,4.0,128.0,8.0,PCIExpress3.0x16,22800
91,Palit Microsystems NE6166SS18J9-1160A (GeForce GTX 1660 SUPER GP OC) [PCIExp 6GB] ドスパラWeb限定モデル,https://kakaku.com/item/K0001207176/,NVIDIA GeForceGTX1660SUPER,1408,6.0,192.0,14.0,PCIExpress3.0x16,28990
92,ZOTAC ZOTAC GAMING GeForce RTX 2070 SUPER Twin Fan ZT-T20710F-10P [PCIExp 8GB],https://kakaku.com/item/K0001174641/,NVIDIA GeForceRTX2070SUPER,2560,8.0,256.0,14.0,PCIExpress3.0x16,59800
93,Palit Microsystems NE5103000646-1080F (GeForce GT 1030 2GB LP) [PCIExp 2GB] ドスパラWeb限定モデル,https://kakaku.com/item/K0000967476/,NVIDIA GeForceGT1030,384,2.0,64.0,6.0,PCIExpress3.0x16,8642
94,Palit Microsystems NE5105T018G1-1070H (GeForce GTX1050Ti 4GB KalmX) [PCIExp 4GB] ドスパラWeb限定モデル,https://kakaku.com/item/K0000943628/,NVIDIA GeForceGTX1050Ti,768,4.0,128.0,3.5,PCIExpressx16,16628
95,ZOTAC ZOTAC GAMING GeForce RTX 2070 SUPER MINI ZT-T20710E-10M [PCIExp 8GB],https://kakaku.com/item/K0001193284/,NVIDIA GeForceRTX2070SUPER,2560,8.0,256.0,14.0,PCIExpress3.0x16,59180
96,ASRock Radeon RX 5700 XT Taichi X 8G OC+ [PCIExp 8GB],https://kakaku.com/item/K0001198118/,AMD RadeonRX5700XT,2560,8.0,256.0,14.0,PCIExpress4.0x16,61893
97,ASUS DUAL-RTX2070S-O8G-EVO [PCIExp 8GB],https://kakaku.com/item/K0001178058/,NVIDIA GeForceRTX2070SUPER,2560,8.0,256.0,14.0,PCIExpress3.0,63630
98,ZOTAC ZOTAC GAMING GeForce GTX 1650 Low Profile ZT-T16500H-10L [PCIExp 4GB],https://kakaku.com/item/K0001175955/,NVIDIA GeForceGTX1650,896,4.0,128.0,8.0,PCIExpress3.0x16,19483
99,ZOTAC ZOTAC GAMING GeForce GTX 1660 SUPER Twin Fan ZT-T16620F-10L [PCIExp 6GB],https://kakaku.com/item/K0001206478/,NVIDIA GeForceGTX1660SUPER,1408,6.0,192.0,14.0,PCIExpress3.0x16,28800
100,ASUS TUF 3-GTX1660S-O6G-GAMING [PCIExp 6GB],https://kakaku.com/item/K0001206484/,NVIDIA GeForceGTX1660SUPER,1408,6.0,192.0,14.002,PCIExpress3.0,31200
101,SAPPHIRE SAPPHIRE NITRO+ RADEON RX 5700 XT 8G GDDR6 DUAL HDMI/DUAL DP OC (UEFI) SPECIAL EDITION [PCIExp 8GB],https://kakaku.com/item/K0001214543/,AMD RadeonRX5700XT,2560,8.0,256.0,14.4,PCIExpress4.0x16,65780
102,ELSA ELSA GeForce RTX 2080 ERAZOR GAMING GD2080-8GERES [PCIExp 8GB],https://kakaku.com/item/K0001112008/,NVIDIA GeForceRTX2080,2944,8.0,256.0,,PCIExpress3.0x16,74860
103,ASUS PH-GTX1660S-O6G [PCIExp 6GB],https://kakaku.com/item/K0001206485/,NVIDIA GeForceGTX1660SUPER,1408,6.0,192.0,14.002,PCIExpress3.0,26765
104,玄人志向 GALAKURO GAMING GG-RTX2060-E6GB/DF [PCIExp 6GB],https://kakaku.com/item/K0001171865/,NVIDIA GeForceRTX2060,1920,6.0,192.0,14.0,PCIExpress3.0x16,36277
105,ELSA NVIDIA Quadro P2200 EQP2200-5GER [PCIExp 5GB],https://kakaku.com/item/K0001183351/,NVIDIA QuadroP2200,1280,5.0,160.0,,PCIExpress3.0x16,59544
106,ZOTAC ZOTAC GAMING GeForce GTX 1660 SUPER AMP ZT-T16620D-10M [PCIExp 6GB],https://kakaku.com/item/K0001206477/,NVIDIA GeForceGTX1660SUPER,1408,6.0,192.0,14.0,PCIExpress3.0x16,30980
107,ASUS DUAL-RTX2070S-8G-EVO [PCIExp 8GB],https://kakaku.com/item/K0001187536/,NVIDIA GeForceRTX2070SUPER,2560,8.0,256.0,14.0,PCIExpress3.0,60980
108,Palit Microsystems NE62060S18J9-1160A (GeForce RTX2060 6GB Dual OC) [PCIExp 6GB] ドスパラWeb限定モデル,https://kakaku.com/item/K0001140087/,NVIDIA GeForceRTX2060,1920,6.0,,14.0,PCIExpress3.0x16,37980
109,ASUS DUAL-RTX2060-O6G-EVO [PCIExp 6GB],https://kakaku.com/item/K0001161470/,NVIDIA GeForceRTX2060,1920,6.0,192.0,14.0,PCIExpress3.0,43978
110,GIGABYTE AORUS GV-N208TAORUSX WB-11GC [PCIExp 11GB],https://kakaku.com/item/K0001113733/,NVIDIA GeForceRTX2080Ti,4352,11.0,352.0,14.14,PCIExpress3.0x16,188889
111,SAPPHIRE SAPPHIRE R5 230 1G DDR3 PCI-E H/D/V [PCIExp 1GB],https://kakaku.com/item/K0000839138/,AMD RadeonR5230,160,1.0,64.0,,PCIExpress2.1x16,3278
112,ASUS GT710-SL-2GD5-BRK [PCIExp 2GB],https://kakaku.com/item/K0000977925/,NVIDIA GeForceGT710,192,2.0,64.0,5.012,PCIExpress2.0,5285
113,GIGABYTE GV-N1650IXOC-4GD [PCIExp 4GB],https://kakaku.com/item/K0001152725/,NVIDIA GeForceGTX1650,896,4.0,128.0,8.002,PCIExpress3.0x16,17152
114,Palit Microsystems NE51660S18J9-1161A (GeForce GTX1660 6GB DUAL OC) [PCIExp 6GB] ドスパラWeb限定モデル,https://kakaku.com/item/K0001146423/,NVIDIA GeForceGTX1660,1408,6.0,,8.0,PCIExpress3.0x16,23986
115,GIGABYTE GV-N207SGAMING OC-8GC [PCIExp 8GB],https://kakaku.com/item/K0001173221/,NVIDIA GeForceRTX2070SUPER,2560,8.0,256.0,14.0,PCIExpress3.0x16,65480
116,ELSA NVIDIA Quadro P620 EQP620-2GER [PCIExp 2GB],https://kakaku.com/item/K0001039626/,NVIDIA QuadroP620,,2.0,128.0,,PCIExpress3.0x16,22460
117,玄人志向 GF-GTX1660Ti-E6GB/DF [PCIExp 6GB],https://kakaku.com/item/K0001135568/,NVIDIA GeForceGTX1660Ti,1536,6.0,192.0,12.0,PCIExpress3.0x16,29800
118,ELSA ELSA GeForce GTX 1660 Ti S.A.C GD1660-6GERTS [PCIExp 6GB],https://kakaku.com/item/K0001162817/,NVIDIA GeForceGTX1660Ti,1536,6.0,192.0,12.0,PCIExpress3.0x16,34911
119,GIGABYTE AORUS GV-N206SAORUS-8GC [PCIExp 8GB],https://kakaku.com/item/K0001173222/,NVIDIA GeForceRTX2060SUPER,2176,8.0,256.0,14.0,PCIExpress3.0x16,57790
120,ASUS PH-GTX1650S-O4G [PCIExp 4GB],https://kakaku.com/item/K0001214539/,NVIDIA GeForceGTX1650SUPER,1280,4.0,128.0,12.002,PCIExpress3.0,21978
121,MSI GeForce GTX 1660 Ti AERO ITX 6G [PCIExp 6GB],https://kakaku.com/item/K0001204968/,NVIDIA GeForceGTX1660Ti,1536,6.0,192.0,12.0,PCIExpress3.0x16,28800
122,SAPPHIRE SAPPHIRE RADEON RX 5700 8G GDDR6 HDMI/TRIPLE DP (UEFI) [PCIExp 8GB],https://kakaku.com/item/K0001172586/,AMD RadeonRX5700,2304,8.0,256.0,14.0,PCIExpress4.0x16,43555
123,SAPPHIRE SAPPHIRE PULSE RADEON RX 5700 XT 8G GDDR6 HDMI/TRIPLE DP OC W/BP (UEFI) [PCIExp 8GB],https://kakaku.com/item/K0001184412/,AMD RadeonRX5700XT,2560,8.0,256.0,14.0,PCIExpress4.0x16,50303
124,GIGABYTE GV-N2070IX-8GC [PCIExp 8GB],https://kakaku.com/item/K0001120019/,NVIDIA GeForceRTX2070,2304,8.0,256.0,14.0,PCIExpress3.0x16,53111
125,PowerColor PowerColor Liquid Devil Radeon RX 5700 XT AXRX 5700XT 8GBD6-WDH/OC [PCIExp 8GB],https://kakaku.com/item/K0001215312/,AMD RadeonRX5700XT,2560,8.0,256.0,14.0,PCIExpress4.0,90480
126,Palit Microsystems NE6166S018J9-161F (GeForce GTX1660 SUPER StormX) [PCIExp 6GB] ドスパラWeb限定モデル,https://kakaku.com/item/K0001207177/,NVIDIA GeForceGTX1660SUPER,1408,6.0,192.0,14.0,PCIExpress3.0x16,26980
127,ELSA NVIDIA Quadro RTX 4000 ENQR4000-8GER [PCIExp 8GB],https://kakaku.com/item/K0001132780/,NVIDIA QuadroRTX4000,2304,8.0,256.0,,PCIExpress3.0x16,142400
128,玄人志向 GF-GT1030-E2GB/LP/D5 [PCIExp 2GB],https://kakaku.com/item/K0001145788/,NVIDIA GeForceGT1030,384,2.0,64.0,6.008,PCIExpress3.0x4 接続スロット：PCI-Expressx16,9218
129,Palit Microsystems NE6206ST19P2-1061J (GeForce RTX2060 SUPER JS 8GB) [PCIExp 8GB] ドスパラWeb限定モデル,https://kakaku.com/item/K0001173639/,NVIDIA GeForceRTX2060SUPER,2176,8.0,256.0,14.0,PCIExpress3.0x16,47322
130,GIGABYTE AORUS GV-N208TAORUS X-11GC [PCIExp 11GB],https://kakaku.com/item/K0001113735/,NVIDIA GeForceRTX2080Ti,4352,11.0,352.0,14.14,PCIExpress3.0x16,178017
131,MSI R7 240 2GD3 64b LP [PCIExp 2GB],https://kakaku.com/item/K0001051737/,AMD RadeonR7240,320,2.0,64.0,,PCIExpress3.0x8 接続スロット：PCI-Expressx16,4378
132,玄人志向 GF-GTX1050Ti-E4GB/DF3 [PCIExp 4GB],https://kakaku.com/item/K0001173593/,NVIDIA GeForceGTX1050Ti,768,4.0,128.0,7.008,PCIExpress3.0x16,13420
133,玄人志向 GF-GTX1650-E4GB/OC/DF [PCIExp 4GB],https://kakaku.com/item/K0001152723/,NVIDIA GeForceGTX1650,896,4.0,128.0,8.0,PCIExpress3.0x16,16141
134,ASRock Phantom Gaming D Radeon RX580 8G OC [PCIExp 8GB],https://kakaku.com/item/K0001101046/,AMD RadeonRX580,2304,8.0,256.0,8.0,PCIExpress3.0x16,19148
135,MSI GeForce RTX 2060 SUPER VENTUS XS J OC [PCIExp 8GB],https://kakaku.com/item/K0001207971/,NVIDIA GeForceRTX2060SUPER,2176,8.0,256.0,14.0,PCIExpress3.0x16,49565
136,MSI GeForce RTX 2070 SUPER GAMING Z TRIO [PCIExp 8GB],https://kakaku.com/item/K0001217730/,NVIDIA GeForceRTX2070SUPER,2560,8.0,256.0,15.5,PCIExpress3.0x16,79750
137,Colorful GeForce GTX 1650 SUPER NB 4G [PCIExp 4GB],https://kakaku.com/item/K0001214304/,NVIDIA GeForceGTX1650SUPER,1280,4.0,128.0,12.0,PCIExpress3.0x16,19990
138,MSI MSI Radeon RX 5700 8G [PCIExp 8GB],https://kakaku.com/item/K0001172584/,AMD RadeonRX5700,2304,8.0,256.0,14.0,PCIExpress4.0x16,39700
139,玄人志向 GALAKURO GAMING GG-RTX2060SP-E8GB/DF [PCIExp 8GB],https://kakaku.com/item/K0001173225/,NVIDIA GeForceRTX2060SUPER,2176,8.0,256.0,14.0,PCIExpress3.0x16,45800
140,ASUS ROG-STRIX-RTX2060-O6G-GAMING [PCIExp 6GB],https://kakaku.com/item/K0001119383/,NVIDIA GeForceRTX2060,1920,6.0,192.0,,PCIExpress,49053
141,ZOTAC ZOTAC GAMING GeForce RTX 2080 AMP Extreme ZT-T20800B-10P [PCIExp 8GB],https://kakaku.com/item/K0001119514/,NVIDIA GeForceRTX2080,2944,8.0,256.0,14.4,PCIExpress3.0,79444
142,ASRock Phantom Gaming X Radeon VII 16G [PCIExp 16GB],https://kakaku.com/item/K0001128286/,AMD RadeonVII,3840,16.0,4096.0,1.0,PCIExpress3.0x16,91185
143,ASUS TUF-GTX1650-O4G-GAMING [PCIExp 4GB],https://kakaku.com/item/K0001194293/,NVIDIA GeForceGTX1650,896,4.0,128.0,8.002,PCIExpress3.0,18134
144,玄人志向 GF-GT710-E2GB/LP/P [PCIExp 2GB],https://kakaku.com/item/K0001205036/,NVIDIA GeForceGT710,192,2.0,64.0,1.6,PCIExpress2.0x8,4729
145,ASUS TUF-GTX1660-O6G-GAMING [PCIExp 6GB],https://kakaku.com/item/K0001140064/,NVIDIA GeForceGTX1660,1408,6.0,192.0,8.002,PCIExpress3.0,25221
146,ASUS DUAL-RTX2060S-O8G-EVO [PCIExp 8GB],https://kakaku.com/item/K0001178059/,NVIDIA GeForceRTX2060SUPER,2176,8.0,256.0,14.0,PCIExpress3.0,52786
147,GIGABYTE GV-N207SGAMING OC-8GD [PCIExp 8GB],https://kakaku.com/item/K0001218164/,NVIDIA GeForceRTX2070SUPER,2560,8.0,256.0,14.0,PCIExpress3.0x16,63778
148,GIGABYTE GV-N208SAORUS-8GC [PCIExp 8GB],https://kakaku.com/item/K0001176801/,NVIDIA GeForceRTX2080SUPER,3072,8.0,256.0,15.5,PCIExpress3.0x16,102290
149,玄人志向 RD-RX560-E2GB/OC REV2.0 [PCIExp 2GB],https://kakaku.com/item/K0001045284/,AMD RadeonRX560,1024,2.0,128.0,6.0,PCIExpress3.0x8 接続スロット：PCI-Expressx16,9579
150,ASUS GTX1650-O4G-LP-BRK [PCIExp 4GB],https://kakaku.com/item/K0001187538/,NVIDIA GeForceGTX1650,896,4.0,128.0,8.002,PCIExpress3.0,20977
151,ELSA ELSA GeForce RTX 2080 Ti ERAZOR GAMING GD2080-11GERTES2 [PCIExp 11GB],https://kakaku.com/item/K0001176226/,NVIDIA GeForceRTX2080Ti,4352,11.0,352.0,14.0,PCIExpress3.0x16,153978
152,玄人志向 RD-R5-230-E1GB/HS [PCIExp 1GB],https://kakaku.com/item/K0001130126/,AMD RadeonR5230,160,1.0,64.0,1.334,PCIExpress2.1x16,3638
153,MSI N730K-2GD5LP/OCV1 [PCIExp 2GB],https://kakaku.com/item/K0000943365/,NVIDIA GeForceGT730(64-bitGDDR5),384,2.0,64.0,5.0,PCIExpress2.0,6094
154,ELSA NVIDIA Quadro P400 EQP400-2GER [PCIExp 2GB],https://kakaku.com/item/K0000941948/,NVIDIA QuadroP400,256,2.0,64.0,,PCIExpress3.0x16,15999
155,MSI GeForce GTX 1650 SUPER AERO ITX OC [PCIExp 4GB],https://kakaku.com/item/K0001214542/,NVIDIA GeForceGTX1650SUPER,1280,4.0,128.0,12.0,PCIExpress3.0x16,21478
156,玄人志向 GALAKURO GK-GTX1660Ti-E6GB/MINI [PCIExp 6GB],https://kakaku.com/item/K0001145789/,NVIDIA GeForceGTX1660Ti,1536,6.0,192.0,12.0,PCIExpress3.0x16,34609
157,ASUS ROG-STRIX-RXVEGA56-O8G-GAMING [PCIExp 8GB],https://kakaku.com/item/K0001026807/,AMD RadeonRXVega56,3584,8.0,2048.0,0.8,PCIExpress3.0,40188
158,ASRock Radeon RX 5700 XT Challenger D 8G OC [PCIExp 8GB],https://kakaku.com/item/K0001186912/,AMD RadeonRX5700XT,2560,8.0,256.0,14.0,PCIExpress4.0x16,49480
159,GIGABYTE GV-N207SGAMING OC WHITE-8GD [PCIExp 8GB],https://kakaku.com/item/K0001195781/,NVIDIA GeForceRTX2070SUPER,2560,8.0,256.0,14.0,PCIExpress3.0x16,66800
160,ELSA NVIDIA Quadro P4000 EQP4000-8GER [PCIExp 8GB],https://kakaku.com/item/K0000941944/,NVIDIA QuadroP4000,1792,8.0,256.0,,PCIExpress3.0x16,105489
161,ELSA ELSA GeForce RTX 2080 Ti ST GD2080-11GERTST [PCIExp 11GB],https://kakaku.com/item/K0001152560/,NVIDIA GeForceRTX2080Ti,4352,11.0,352.0,14.0,PCIExpress3.0x16,143401
162,玄人志向 GF-GT710-E2GB/HS [PCIExp 2GB],https://kakaku.com/item/K0001173594/,NVIDIA GeForceGT710,192,2.0,64.0,1.0,PCIExpress2.0x16,4280
163,ELSA ELSA GeForce GT 730 1GB QD GD730-1GERQD [PCIExp 1GB],https://kakaku.com/item/K0000741594/,NVIDIA GeForceGT730(64-bitDDR3),384,1.0,,,PCIExpress2.0x8 接続スロット：PCI-Expressx16,11980
164,ASUS TUF-GTX1650S-O4G-GAMING [PCIExp 4GB],https://kakaku.com/item/K0001214538/,NVIDIA GeForceGTX1650SUPER,1280,4.0,128.0,12.002,PCIExpress3.0,23585
165,玄人志向 GALAKURO GAMING GG-GTX1660-E6GB/DF [PCIExp 6GB],https://kakaku.com/item/K0001171866/,NVIDIA GeForceGTX1660,1408,6.0,192.0,8.0,PCIExpress3.0x16,24728
166,ASUS TUF-GTX1660S-O6G-GAMING [PCIExp 6GB],https://kakaku.com/item/K0001215823/,NVIDIA GeForceGTX1660SUPER,1408,6.0,192.0,14.002,PCIExpress3.0,31751
167,ASUS ROG-STRIX-GTX1660TI-O6G-GAMING [PCIExp 6GB],https://kakaku.com/item/K0001133238/,NVIDIA GeForceGTX1660Ti,1536,6.0,192.0,12.002,PCIExpress3.0,39787
168,MSI GeForce RTX 2080 SUPER VENTUS XS OC [PCIExp 8GB],https://kakaku.com/item/K0001205631/,NVIDIA GeForceRTX2080SUPER,3072,8.0,256.0,15.5,PCIExpress3.0x16,86897
169,ZOTAC ZOTAC GAMING GeForce RTX 2080 Ti AMP ZT-T20810D-10P [PCIExp 11GB],https://kakaku.com/item/K0001091038/,NVIDIA GeForceRTX2080Ti,4352,11.0,352.0,,PCIExpress3.0x16,149800
170,ASUS DUAL-RTX2080TI-O11G [PCIExp 11GB],https://kakaku.com/item/K0001082412/,NVIDIA GeForceRTX2080Ti,4352,11.0,352.0,14.0,PCIExpress3.0,152569
171,MSI GeForce RTX 2080 Ti SEA HAWK X [PCIExp 11GB],https://kakaku.com/item/K0001163354/,NVIDIA GeForceRTX2080Ti,4352,11.0,352.0,7.0,PCIExpress3.0x16,207548
172,Palit Microsystems NE5T7100HD46-2087F (GeForce GT710 2GB) [PCIExp 2GB] ドスパラWeb限定モデル,https://kakaku.com/item/K0001217659/,NVIDIA GeForceGT710,192,2.0,64.0,2.5,PCIExpress2.0x8,4580
173,GIGABYTE GV-N166TOC-6GD [PCIExp 6GB],https://kakaku.com/item/K0001133236/,NVIDIA GeForceGTX1660Ti,1536,6.0,192.0,12.0,PCIExpress3.0x16,34602
174,ASUS TURBO-RTX2060-6G [PCIExp 6GB],https://kakaku.com/item/K0001124219/,NVIDIA GeForceRTX2060,1920,6.0,192.0,14.0,PCIExpress,42799
175,ZOTAC ZOTAC GAMING GeForce RTX 2060 SUPER AMP ZT-T20610D-10P [PCIExp 8GB],https://kakaku.com/item/K0001184415/,NVIDIA GeForceRTX2060SUPER,2176,8.0,256.0,14.0,PCIExpress3.0x16,49800
176,GIGABYTE GV-N206SGAMING OC-8GC [PCIExp 8GB],https://kakaku.com/item/K0001173223/,NVIDIA GeForceRTX2060SUPER,2176,8.0,256.0,14.0,PCIExpress3.0x16,49980
177,Palit Microsystems NE6208SH20P2-1040G (GeForce RTX2080 SUPER GRP 8GB) [PCIExp 8GB] ドスパラWeb限定モデル,https://kakaku.com/item/K0001176900/,NVIDIA GeForceRTX2080SUPER,3072,8.0,,15.5,PCIExpress3.0x16,87280
178,PowerColor PowerColor Radeon VII 16GB HBM2 AXVII 16GBHBM2-3DH [PCIExp 16GB],https://kakaku.com/item/K0001128284/,AMD RadeonVII,3840,16.0,4096.0,1.0,PCIExpress3.0,97609
179,ASUS TURBO-RTX2080TI-11G [PCIExp 11GB],https://kakaku.com/item/K0001082413/,NVIDIA GeForceRTX2080Ti,4352,11.0,352.0,14.0,PCIExpress3.0,142669
180,ASUS ROG-STRIX-GTX1650-O4G-GAMING [PCIExp 4GB],https://kakaku.com/item/K0001156961/,NVIDIA GeForceGTX1650,896,4.0,128.0,8.002,PCIExpress3.0,21980
181,GIGABYTE GV-R57GAMING OC-8GD [PCIExp 8GB],https://kakaku.com/item/K0001186003/,AMD RadeonRX5700,2304,8.0,256.0,14.0,PCIExpress4.0x16,41554
182,ASUS ROG-STRIX-RTX2060S-O8G-GAMING [PCIExp 8GB],https://kakaku.com/item/K0001175925/,NVIDIA GeForceRTX2060SUPER,2176,8.0,256.0,14.0,PCIExpress3.0,57915
183,MSI GeForce RTX 2070 GAMING 8G [PCIExp 8GB],https://kakaku.com/item/K0001115212/,NVIDIA GeForceRTX2070,2304,8.0,256.0,14.0,PCIExpress3.0x16,59384
184,SAPPHIRE SAPPHIRE NITRO+ RADEON RX VEGA 64 DUAL HDMI/DUAL DP (UEFI) SAP-VEGA64NITROV2/11275-03-40G [PCIExp 8GB],https://kakaku.com/item/K0001140831/,AMD RadeonRXVega64,4096,8.0,2048.0,1.9,PCIExpress3.0x16,60549
185,ASUS TURBO-RTX2080S-8G-EVO [PCIExp 8GB],https://kakaku.com/item/K0001211455/,NVIDIA GeForceRTX2080SUPER,3072,8.0,256.0,15.5,PCIExpress3.0,96972
186,玄人志向 GF-GTX1060-E6GB/GD5X [PCIExp 6GB],https://kakaku.com/item/K0001114650/,NVIDIA GeForceGTX1060,1280,6.0,192.0,8.008,PCIExpress3.0x16,27478
187,ASUS DUAL-GTX1660TI-6G [PCIExp 6GB],https://kakaku.com/item/K0001195296/,NVIDIA GeForceGTX1660Ti,1536,6.0,192.0,12.002,PCIExpress3.0,31020
188,ELSA ELSA GeForce GTX 1660 Super S.A.C GD1660-6GERSS [PCIExp 6GB],https://kakaku.com/item/K0001217227/,NVIDIA GeForceGTX1660SUPER,1408,6.0,192.0,14.0,PCIExpress3.0x16,35008
189,ZOTAC ZOTAC GAMING GeForce GTX 1660 Ti AMP 6GB GDDR6 ZT-T16610D-10M [PCIExp 6GB],https://kakaku.com/item/K0001138277/,NVIDIA GeForceGTX1660Ti,1536,6.0,192.0,12.0,PCIExpress3.0x16,36406
190,ASRock Radeon RX 5700 Challenger D 8G OC [PCIExp 8GB],https://kakaku.com/item/K0001186913/,AMD RadeonRX5700,2304,8.0,256.0,14.0,PCIExpress4.0x16,43696
191,ELSA NVIDIA Quadro P1000 EQP1000-4GER [PCIExp 4GB],https://kakaku.com/item/K0000941946/,NVIDIA QuadroP1000,640,4.0,128.0,,PCIExpress3.0x16,44800
192,MSI GeForce RTX 2070 VENTUS GP [PCIExp 8GB],https://kakaku.com/item/K0001217228/,NVIDIA GeForceRTX2070,2304,8.0,256.0,14.0,PCIExpress3.0x16,55880
193,ASUS ROG-STRIX-RTX2060S-O8G-EVO-GAMING [PCIExp 8GB],https://kakaku.com/item/K0001211456/,NVIDIA GeForceRTX2060SUPER,2176,8.0,256.0,14.0,PCIExpress3.0,59673
194,ELSA ELSA GeForce RTX 2070 Super ERAZOR GAMING GD2070-8GERSES [PCIExp 8GB],https://kakaku.com/item/K0001174062/,NVIDIA GeForceRTX2070SUPER,2560,8.0,256.0,14.0,PCIExpress3.0x16,67422
195,ZOTAC ZOTAC GAMING GeForce RTX 2080 Ti AMP Extreme ZT-T20810B-10P [PCIExp 11GB],https://kakaku.com/item/K0001135566/,NVIDIA GeForceRTX2080Ti,4352,11.0,352.0,14.4,PCIExpress3.0x16,180873
196,GIGABYTE GV-N1030SL-2GL [PCIExp 2GB],https://kakaku.com/item/K0001002215/,NVIDIA GeForceGT1030,384,2.0,64.0,6.008,PCIExpress3.0x16,10492
197,SAPPHIRE SAPPHIRE PULSE RADEON RX 570 8G GDDR5 DUAL HDMI/DUAL DP OC W/BP (UEFI) [PCIExp 8GB],https://kakaku.com/item/K0001125314/,AMD RadeonRX570,2048,8.0,256.0,7.0,PCIExpress3.0x16,18273
198,ASUS TURBO-RTX2060S-8G-EVO [PCIExp 8GB],https://kakaku.com/item/K0001191899/,NVIDIA GeForceRTX2060SUPER,2176,8.0,256.0,14.0,PCIExpress3.0,48980
199,PowerColor PowerColor Red Devil Radeon RX 5700 XT AXRX 5700XT 8GBD6-3DHE/OC [PCIExp 8GB],https://kakaku.com/item/K0001186027/,AMD RadeonRX5700XT,2560,8.0,256.0,14.0,PCIExpress4.0,55880
200,ZOTAC ZOTAC GAMING GeForce RTX 2080 Ti ArcticStorm ZT-T20810K-30P [PCIExp 11GB],https://kakaku.com/item/K0001144020/,NVIDIA GeForceRTX2080Ti,4352,11.0,352.0,14.0,PCIExpress3.0x16,204614
201,MSI GeForce GTX 1050 Ti GAMING X 4G [PCIExp 4GB],https://kakaku.com/item/K0000919131/,NVIDIA GeForceGTX1050Ti,768,4.0,128.0,7.108,PCIExpress3.0x16,16478
202,SAPPHIRE SAPPHIRE NITRO+ RADEON RX 580 8G GDDR5 OC SA-RX580-8GD5N+001V2/11265-01-20G [PCIExp 8GB],https://kakaku.com/item/K0001122412/,AMD RadeonRX580,2304,8.0,256.0,8.0,PCIExpress3.0x16,24065
203,ASUS DUAL-RX580-O8G [PCIExp 8GB],https://kakaku.com/item/K0000977924/,AMD RadeonRX580,2304,8.0,256.0,8.0,PCIExpress3.0x16,26100
204,MSI GTX 1060 ARMOR 6G OCV1 [PCIExp 6GB],https://kakaku.com/item/K0000911458/,NVIDIA GeForceGTX1060,1280,6.0,192.0,8.008,PCIExpress3.0x16,29897
205,ASUS STRIX-GTX1060-DC26G [PCIExp 6GB],https://kakaku.com/item/K0001039497/,NVIDIA GeForceGTX1060,1280,6.0,192.0,8.008,PCIExpress3.0,36055
206,GIGABYTE GV-N2060OC-6GD [PCIExp 6GB],https://kakaku.com/item/K0001120840/,NVIDIA GeForceRTX2060,1920,6.0,192.0,14.0,PCIExpress3.0x16,38800
207,PowerColor PowerColor Red Devil Radeon RX 5700 AXRX 5700 8GBD6-3DHE/OC [PCIExp 8GB],https://kakaku.com/item/K0001186028/,AMD RadeonRX5700,2304,8.0,256.0,14.0,PCIExpress4.0,41753
208,ELSA ELSA GeForce RTX 2060 Super S.A.C GD2060-8GERSS [PCIExp 8GB],https://kakaku.com/item/K0001174061/,NVIDIA GeForceRTX2060SUPER,2176,8.0,256.0,14.0,PCIExpress3.0x16,54668
209,ELSA NVIDIA Quadro P2000 EQP2000-5GER [PCIExp 5GB],https://kakaku.com/item/K0000941945/,NVIDIA QuadroP2000,1024,5.0,160.0,,PCIExpress3.0x16,58959
210,ZOTAC ZOTAC GAMING GeForce RTX 2070 SUPER AMP Extreme ZT-T20710B-10P [PCIExp 8GB],https://kakaku.com/item/K0001178060/,NVIDIA GeForceRTX2070SUPER,2560,8.0,256.0,14.0,PCIExpress3.0,68314
211,GIGABYTE GV-N208SGAMINGOC WB-8GD [PCIExp 8GB],https://kakaku.com/item/K0001218165/,NVIDIA GeForceRTX2080SUPER,3072,8.0,256.0,15.5,PCIExpress3.0x16,98880
212,PowerColor PowerColor Red Devil Radeon RX 570 4GB GDDR5 AXRX 570 4GBD5-3DH/OC [PCIExp 4GB],https://kakaku.com/item/K0000960164/,AMD RadeonRX570,2048,4.0,256.0,1.75,PCIExpress3.0x16,16500
213,SAPPHIRE SAPPHIRE PULSE RADEON RX 570 ITX 4G GDDR5 [PCIExp 4GB],https://kakaku.com/item/K0001031606/,AMD RadeonRX570,2048,4.0,256.0,,PCIExpress3.0x16,21285
214,ELSA ELSA GeForce GTX 1650 S.A.C GD1650-4GERS [PCIExp 4GB],https://kakaku.com/item/K0001176227/,NVIDIA GeForceGTX1650,896,4.0,128.0,8.0,PCIExpress3.0x16,21800
215,GIGABYTE GV-N1660OC-6GD [PCIExp 6GB],https://kakaku.com/item/K0001140144/,NVIDIA GeForceGTX1660,1408,6.0,192.0,8.002,PCIExpress3.0x16,28028
216,MSI Radeon RX 590 ARMOR 8G OC [PCIExp 8GB],https://kakaku.com/item/K0001145125/,AMD RadeonRX590,2304,8.0,256.0,8.0,PCIExpressx16,28380
217,SAPPHIRE SAPPHIRE NITRO+ RADEON RX 590 8G GDDR5 OC W/BP (UEFI) AMD 50TH ANNIVERSARY EDITION [PCIExp 8GB],https://kakaku.com/item/K0001152737/,AMD RadeonRX590,2304,8.0,256.0,8.4,PCIExpress3.0x16,34480
218,GIGABYTE GV-N166TIXOC-6GD [PCIExp 6GB],https://kakaku.com/item/K0001133235/,NVIDIA GeForceGTX1660Ti,1536,6.0,192.0,12.0,PCIExpress3.0x16,35756
219,Colorful GeForce RTX 2060 6G V2 [PCIExp 6GB],https://kakaku.com/item/K0001159380/,NVIDIA GeForceRTX2060,1920,6.0,192.0,14.0,PCIExpress,36680
220,玄人志向 RD-RX5700-E8GB [PCIExp 8GB],https://kakaku.com/item/K0001172576/,AMD RadeonRX5700,2304,8.0,256.0,14.0,PCIExpress4.0x16,39800
221,MSI GeForce RTX 2060 SUPER ARMOR OC [PCIExp 8GB],https://kakaku.com/item/K0001195834/,NVIDIA GeForceRTX2060SUPER,2176,8.0,256.0,14.0,PCIExpress3.0x16,50600
222,ASRock ASRock Radeon RX 5700 XT 8G [PCIExp 8GB],https://kakaku.com/item/K0001172579/,AMD RadeonRX5700XT,2560,8.0,256.0,14.0,PCIExpress4.0x16,54348
223,Colorful GeForce RTX 2070 SUPER 8G [PCIExp 8GB],https://kakaku.com/item/K0001184410/,NVIDIA GeForceRTX2070SUPER,2560,8.0,256.0,14.0,PCIExpress3.0x16,58800
224,ASUS TURBO-RTX2070S-8G-EVO [PCIExp 8GB],https://kakaku.com/item/K0001181725/,NVIDIA GeForceRTX2070SUPER,2560,8.0,256.0,14.0,PCIExpress3.0,66800
225,MSI Radeon RX Vega 56 Air Boost 8G OC [PCIExp 8GB],https://kakaku.com/item/K0001021880/,AMD RadeonRXVega56,3584,8.0,2048.0,0.8,PCIExpress3.0x16,100028
226,ZOTAC ZOTAC GAMING GeForce GTX 1650 OC ZT-T16500F-10L [PCIExp 4GB],https://kakaku.com/item/K0001152722/,NVIDIA GeForceGTX1650,896,4.0,128.0,8.0,PCIExpress3.0x16,17578
227,MSI Radeon RX 570 ARMOR 8G OC [PCIExp 8GB],https://kakaku.com/item/K0001031957/,AMD RadeonRX570,2048,8.0,256.0,7.0,PCIExpress3.0x16,19250
228,ASUS RX5700-8G [PCIExp 8GB],https://kakaku.com/item/K0001174636/,AMD RadeonRX5700,2304,8.0,256.0,14.0,PCIExpress4.0,43430
229,MSI GeForce RTX 2060 VENTUS 6G OC [PCIExp 6GB],https://kakaku.com/item/K0001120298/,NVIDIA GeForceRTX2060,1920,6.0,192.0,14.0,PCIExpress3.0x16,46500
230,PowerColor PowerColor Red Dragon Radeon RX 5700XT AXRX 5700XT 8GBD6-3DHR/OC [PCIExp 8GB],https://kakaku.com/item/K0001201223/,AMD RadeonRX5700XT,2560,8.0,256.0,14.0,PCIExpress4.0x16,49970
231,玄人志向 GALAKURO GAMING GG-RTX2080SP-E8GB/DF [PCIExp 8GB],https://kakaku.com/item/K0001176804/,NVIDIA GeForceRTX2080SUPER,3072,8.0,256.0,15.5,PCIExpress3.0x16,83380
232,ZOTAC ZOTAC GAMING GeForce RTX 2080 SUPER AMP Extreme ZT-T20820B-10P [PCIExp 8GB],https://kakaku.com/item/K0001176805/,NVIDIA GeForceRTX2080SUPER,3072,8.0,256.0,15.5,PCIExpress3.0x16,99800
233,MSI GeForce RTX 2080 SEA HAWK X [PCIExp 8GB],https://kakaku.com/item/K0001141308/,NVIDIA GeForceRTX2080,2944,8.0,256.0,,PCIExpress3.0x16,122990
234,ASUS GT710-SL-1GD5-BRK [PCIExp 1GB],https://kakaku.com/item/K0001006893/,NVIDIA GeForceGT710,192,1.0,32.0,5.012,PCIExpress2.0,4386
235,ELSA ELSA GeForce GT 710 LP 2GB GD710-2GERL [PCIExp 2GB],https://kakaku.com/item/K0000857298/,NVIDIA GeForceGT710,192,2.0,64.0,,PCIExpress2.0x8 接続スロット：PCI-Expressx16,6124
236,Apple MJ1K2AM/A,https://kakaku.com/item/K0001162820/,,,,,,Thunderbolt3(USBType-C),7095
237,NVIDIA NVIDIA Quadro P620 NVQP620-2G [PCIExp 2GB],https://kakaku.com/item/K0001113862/,NVIDIA QuadroP620,512,2.0,128.0,,PCIExpress3.0x16,23826
238,GIGABYTE GV-N165SWF2OC-4GD [PCIExp 4GB],https://kakaku.com/item/K0001214540/,NVIDIA GeForceGTX1650SUPER,1280,4.0,128.0,12.0,PCIExpress3.0x16,24178
239,GIGABYTE GV-N1660GAMING OC-6GD [PCIExp 6GB],https://kakaku.com/item/K0001140143/,NVIDIA GeForceGTX1660,1408,6.0,192.0,8.002,PCIExpress3.0x16,30076
240,MSI GeForce RTX 2060 VENTUS XS 6G OC [PCIExp 6GB],https://kakaku.com/item/K0001140150/,NVIDIA GeForceRTX2060,1920,6.0,192.0,14.0,PCIExpress3.0x16,39600
241,HIS HS-57XR8SSBR [PCIExp 8GB],https://kakaku.com/item/K0001176896/,AMD RadeonRX5700XT,2560,8.0,256.0,14.0,PCIExpress4.0x16,51740
242,ASUS TUF 3-RX5700XT-O8G-GAMING [PCIExp 8GB],https://kakaku.com/item/K0001198789/,AMD RadeonRX5700XT,2560,8.0,256.0,14.0,PCIExpress4.0,52770
243,ASUS RX5700XT-8G [PCIExp 8GB],https://kakaku.com/item/K0001174637/,AMD RadeonRX5700XT,2560,8.0,256.0,14.0,PCIExpress4.0,54778
244,玄人志向 GALAKURO GAMING GG-RTX2070SP-E8GB/FAVgaming [PCIExp 8GB],https://kakaku.com/item/K0001205228/,NVIDIA GeForceRTX2070SUPER,2560,8.0,256.0,14.0,PCIExpress3.0x16,73260
245,GIGABYTE GV-N208SGAMING OC-8GC [PCIExp 8GB],https://kakaku.com/item/K0001176802/,NVIDIA GeForceRTX2080SUPER,3072,8.0,256.0,15.5,PCIExpress3.0x16,89800
246,GIGABYTE GV-N208STURBO-8GC [PCIExp 8GB],https://kakaku.com/item/K0001176803/,NVIDIA GeForceRTX2080SUPER,3072,8.0,256.0,15.5,PCIExpress3.0x16,96140
247,ASUS DUAL-RTX2080S-O8G-EVO-V2 [PCIExp 8GB],https://kakaku.com/item/K0001213895/,NVIDIA GeForceRTX2080SUPER,3072,8.0,256.0,15.5,PCIExpress3.0,99764
248,ELSA ELSA GeForce RTX 2080 Super ERAZOR GAMING GD2080-8GERSES [PCIExp 8GB],https://kakaku.com/item/K0001188362/,NVIDIA GeForceRTX2080SUPER,3072,8.0,256.0,15.5,PCIExpress3.0x16,104800
249,IODATA USBグラフィック USB-RGB3/H,https://kakaku.com/item/K0000322853/,,,,,,USB2.0 USB3.0,6290
250,玄人志向 RD-RX580-E8GB/OC/DF [PCIExp 8GB],https://kakaku.com/item/K0001017413/,AMD RadeonRX580,2304,8.0,256.0,8.0,PCIExpress3.0x16,19166
251,Palit Microsystems NE51660S18J9-165F (GeForce GTX1660 6GB STORMX OC) [PCIExp 6GB] ドスパラWeb限定モデル,https://kakaku.com/item/K0001140088/,NVIDIA GeForceGTX1660,1408,6.0,,8.0,PCIExpress3.0x16,24822
252,GIGABYTE GV-N2060WF2OC-6GD [PCIExp 6GB],https://kakaku.com/item/K0001120839/,NVIDIA GeForceRTX2060,1920,6.0,192.0,14.0,PCIExpress3.0x16,40217
253,XFX RX-57XT8OFF6 [PCIExp 8GB],https://kakaku.com/item/K0001181914/,AMD RadeonRX5700XT,2560,8.0,256.0,14.0,PCIExpress4.0x16,47800
254,GIGABYTE GV-N206SWF2OC-8GD [PCIExp 8GB],https://kakaku.com/item/K0001174748/,NVIDIA GeForceRTX2060SUPER,2176,8.0,256.0,14.0,PCIExpress3.0x16,48369
255,HIS HS-57TR8DSBR [PCIExp 8GB],https://kakaku.com/item/K0001182146/,AMD RadeonRX5700XT,2560,8.0,256.0,14.0,PCIExpress4.0x16,48378
256,MSI GeForce RTX 2060 GAMING Z 6G [PCIExp 6GB],https://kakaku.com/item/K0001120297/,NVIDIA GeForceRTX2060,1920,6.0,192.0,14.0,PCIExpress3.0x16,48950
257,MSI GeForce RTX 2070 GAMING Z 8G [PCIExp 8GB],https://kakaku.com/item/K0001098516/,NVIDIA GeForceRTX2070,2304,8.0,256.0,14.0,PCIExpress3.0x16,64980
258,NVIDIA Quadro RTX 4000 NVQRTX4000 [PCIExp 8GB],https://kakaku.com/item/K0001215313/,NVIDIA QuadroRTX4000,2304,8.0,256.0,,PCIExpress3.0x16,129800
259,ELSA NVIDIA Quadro RTX 5000 ENQR5000-16GER [PCIExp 16GB],https://kakaku.com/item/K0001125476/,NVIDIA QuadroRTX5000,3072,16.0,256.0,,PCIExpress3.0x16,282500
260,ELSA NVIDIA Quadro RTX 8000 ENQR8000-48GER [PCIExp 48GB],https://kakaku.com/item/K0001132781/,NVIDIA QuadroRTX8000,4608,48.0,384.0,,PCIExpress3.0x16,798800
261,ELSA NVIDIA Tesla V100 32GB ETSV100-32GER [PCIExp 32GB],https://kakaku.com/item/K0001083015/,NVIDIA GV100,,32.0,,,PCIExpress3.0x16,1178117
262,ELSA ELSA GeForce GT 710 LP 2GB Passive GD710-2GERLP [PCIExp 2GB],https://kakaku.com/item/K0000902699/,NVIDIA GeForceGT710,192,2.0,64.0,,PCIExpress2.0x8 接続スロット：PCI-Expressx16,6880
263,ELSA ELSA GeForce GT 730 LP 1GB GD730-1GERL [PCIExp 1GB],https://kakaku.com/item/K0000691093/,NVIDIA GeForceGT730(64-bitDDR3),384,1.0,,,PCIExpress2.0x8 接続スロット：PCI-Expressx16,7906
264,GIGABYTE GV-N1030D5-2GL [PCIExp 2GB],https://kakaku.com/item/K0000965885/,NVIDIA GeForceGT1030,384,2.0,64.0,6.008,PCIExpress3.0x16,10679
265,ZOTAC ZOTAC GeForce GT 1030 2GB GDDR5 ZT-P10300A-10L [PCIExp 2GB],https://kakaku.com/item/K0000965884/,NVIDIA GeForceGT1030,384,2.0,64.0,,PCIExpress3.0x4 接続スロット：PCI-Expressx16,10778
266,SAPPHIRE SAPPHIRE PULSE RADEON RX 570 8G GDDR5 [PCIExp 8GB],https://kakaku.com/item/K0001031607/,AMD RadeonRX570,2048,8.0,256.0,7.0,PCIExpress3.0x16,18678
267,MSI Radeon RX 580 GAMING X 8G [PCIExp 8GB],https://kakaku.com/item/K0000962432/,AMD RadeonRX580,2304,8.0,256.0,,PCIExpress3.0x16,24130
268,エーキューブ AMD Radeon Pro WX2100 2GB RP21-2GER [PCIExp 2GB],https://kakaku.com/item/K0001047233/,AMD RadeonProWX2100,512,2.0,64.0,,PCIExpress3.0x8 接続スロット：PCI-Expressx16,26588
269,ELSA ELSA GeForce GTX 1050 Ti 4GB S.A.C GD1050-4GERST [PCIExp 4GB],https://kakaku.com/item/K0000919126/,NVIDIA GeForceGTX1050Ti,768,4.0,128.0,,PCIExpress3.0x16,26768
270,ZOTAC ZOTAC GAMING GeForce GTX 1660 6GB GDDR5 ZT-T16600F-10L [PCIExp 6GB],https://kakaku.com/item/K0001139487/,NVIDIA GeForceGTX1660,1408,6.0,192.0,8.0,PCIExpress3.0x16,27153
271,Colorful GeForce GTX 1660 SUPER NB 6G [PCIExp 6GB],https://kakaku.com/item/K0001207428/,NVIDIA GeForceGTX1660SUPER,1408,6.0,192.0,14.0,PCIExpress3.0x16,28800
272,ASUS ROG-STRIX-RX580-O8G-GAMING [PCIExp 8GB],https://kakaku.com/item/K0000960804/,AMD RadeonRX580,2304,8.0,256.0,8.0,PCIExpress3.0x16,30147
273,ASUS DUAL-GTX1660TI-O6G [PCIExp 6GB],https://kakaku.com/item/K0001133239/,NVIDIA GeForceGTX1660Ti,1536,6.0,192.0,12.002,PCIExpress3.0,34980
274,ASUS TUF-RTX2060-O6G-GAMING [PCIExp 6GB],https://kakaku.com/item/K0001141307/,NVIDIA GeForceRTX2060,1920,6.0,192.0,14.0,PCIExpress3.0,43478
275,NVIDIA NVIDIA Quadro P1000 NVQP1000-4G [PCIExp 4GB],https://kakaku.com/item/K0001004740/,NVIDIA QuadroP1000,640,4.0,128.0,,PCIExpress3.0x16,46750
276,Colorful GeForce RTX 2060 SUPER 8G Limited [PCIExp 8GB],https://kakaku.com/item/K0001184411/,NVIDIA GeForceRTX2060SUPER,2176,8.0,256.0,14.0,PCIExpress3.0x16,48800
277,ZOTAC ZOTAC GAMING GeForce RTX 2060 SUPER AMP Extreme ZT-T20610B-10P [PCIExp 8GB],https://kakaku.com/item/K0001184414/,NVIDIA GeForceRTX2060SUPER,2176,8.0,256.0,14.0,PCIExpress3.0x16,55800
278,MSI GeForce RTX 2070 AERO ITX 8G [PCIExp 8GB],https://kakaku.com/item/K0001117125/,NVIDIA GeForceRTX2070,2304,8.0,256.0,14.0,PCIExpress3.0x16,56980
279,ZOTAC ZOTAC GAMING GeForce RTX 2070 AMP Edition ZT-T20700D-10P [PCIExp 8GB],https://kakaku.com/item/K0001098514/,NVIDIA GeForceRTX2070,2304,8.0,256.0,,PCIExpress3.0x16,64836
280,ASUS CERBERUS-GTX1070TI-A8G [PCIExp 8GB],https://kakaku.com/item/K0001020032/,NVIDIA GeForceGTX1070Ti,2432,8.0,256.0,8.008,PCIExpress3.0,68690
281,ELSA ELSA GeForce RTX 2070 S.A.C GD2070-8GERS [PCIExp 8GB],https://kakaku.com/item/K0001112009/,NVIDIA GeForceRTX2070,2304,8.0,256.0,14.0,PCIExpress3.0x16,69344
282,ASUS DUAL-RTX2070-O8G-EVO [PCIExp 8GB],https://kakaku.com/item/K0001141306/,NVIDIA GeForceRTX2070,2304,8.0,256.0,14.0,PCIExpress3.0,69800
283,ASUS DUAL-RTX2080S-O8G-EVO [PCIExp 8GB],https://kakaku.com/item/K0001179209/,NVIDIA GeForceRTX2080SUPER,3072,8.0,256.0,15.5,PCIExpress3.0,93157
284,ELSA NVIDIA Quadro P5000 EQP5000-16GER [PCIExp 16GB],https://kakaku.com/item/K0000921441/,NVIDIA QuadroP5000,2560,16.0,256.0,,PCIExpress3.0x16,235269
285,ZOTAC ZOTAC GT 710 1GB DDR3 LP ZTGT710-1GD3LP001/ZT-71301-20L [PCIExp 1GB],https://kakaku.com/item/K0000849063/,NVIDIA GeForceGT710,192,1.0,64.0,1.6,PCIExpress2.0,3802
286,IODATA USBグラフィック USB-RGB2,https://kakaku.com/item/K0000079868/,,,,,,USB2.0,4545
287,サンワサプライ AD-ALCHV [シルバー],https://kakaku.com/item/K0001118477/,,,,,,USBType-C,5091
288,IODATA USBグラフィック USB-RGB3/D,https://kakaku.com/item/K0000315524/,,,,,,USB2.0 USB3.0,5959
289,ASRock Phantom Gaming Radeon RX560 4G [PCIExp 4GB],https://kakaku.com/item/K0001112484/,AMD RadeonRX560(14ユニット),896,4.0,128.0,7.0,PCIExpress3.0x8 接続スロット：PCI-Expressx16,14278
290,ASUS DUAL-GTX1650-O4G [PCIExp 4GB],https://kakaku.com/item/K0001152733/,NVIDIA GeForceGTX1650,896,4.0,128.0,8.002,PCIExpress3.0,19580
291,Palit Microsystems NE6165S018G1-166F (GeForce GTX 1650 SUPER StormX 4GB) [PCIExp 4GB] ドスパラWeb限定モデル,https://kakaku.com/item/K0001214579/,NVIDIA GeForceGTX1650SUPER,1280,4.0,128.0,12.0,PCIExpress3.0x16,19800
292,GIGABYTE GV-N165SOC-4GD [PCIExp 4GB],https://kakaku.com/item/K0001218166/,NVIDIA GeForceGTX1650SUPER,1280,4.0,128.0,12.0,PCIExpress3.0x16,22528
293,MSI GTX 1060 GAMING X 6G [PCIExp 6GB],https://kakaku.com/item/K0000895014/,NVIDIA GeForceGTX1060,1280,6.0,192.0,8.108,PCIExpress3.0x16,32535
294,SAPPHIRE SAPPHIRE NITRO+ RADEON RX 570 4G GDDR5 [PCIExp 4GB],https://kakaku.com/item/K0000960152/,AMD RadeonRX570,2048,4.0,256.0,,PCIExpress3.0x16,32780
295,ASRock ASRock Radeon RX 5700 8G [PCIExp 8GB],https://kakaku.com/item/K0001172580/,AMD RadeonRX5700,2304,8.0,256.0,14.0,PCIExpress4.0x16,41717
296,ASUS DUAL-RX5700-O8G-EVO [PCIExp 8GB],https://kakaku.com/item/K0001201361/,AMD RadeonRX5700,2304,8.0,256.0,14.0,PCIExpress4.0,44238
297,玄人志向 RD-RX5700XT-E8GB/RPR [PCIExp 8GB],https://kakaku.com/item/K0001202265/,AMD RadeonRX5700XT,2560,8.0,256.0,14.0,PCIExpress4.0x16,49800
298,GIGABYTE AORUS GV-N2060AORUS X-6GC [PCIExp 6GB],https://kakaku.com/item/K0001120838/,NVIDIA GeForceRTX2060,1920,6.0,192.0,14.14,PCIExpress3.0x16,55952
299,ZOTAC ZOTAC GAMING GeForce RTX 2070 SUPER AMP ZT-T20710D-10P [PCIExp 8GB],https://kakaku.com/item/K0001178061/,NVIDIA GeForceRTX2070SUPER,2560,8.0,256.0,14.0,PCIExpress3.0,67980
300,MSI GTX 1070 Ti ARMOR 8G [PCIExp 8GB],https://kakaku.com/item/K0001010818/,NVIDIA GeForceGTX1070Ti,2432,8.0,256.0,8.008,PCIExpress3.0x16,68200
301,ELSA ELSA GeForce GTX 1070 Ti 8GB S.A.C GD1070-8GERTS [PCIExp 8GB],https://kakaku.com/item/K0001012790/,NVIDIA GeForceGTX1070Ti,2432,8.0,256.0,,PCIExpress3.0x16,68859
302,GIGABYTE AORUS GV-N2070AORUS X-8GC [PCIExp 8GB],https://kakaku.com/item/K0001098510/,NVIDIA GeForceRTX2070,2304,8.0,256.0,14.142,PCIExpress3.0x16,77800
303,ZOTAC ZOTAC GAMING GeForce RTX 2080 AMP Extreme Core ZT-T20800C-10P [PCIExp 8GB],https://kakaku.com/item/K0001119515/,NVIDIA GeForceRTX2080,2944,8.0,256.0,14.4,PCIExpress3.0,87978
304,ZOTAC ZOTAC GAMING GeForce RTX 2080 SUPER AMP ZT-T20820D-10P [PCIExp 8GB],https://kakaku.com/item/K0001176806/,NVIDIA GeForceRTX2080SUPER,3072,8.0,256.0,15.5,PCIExpress3.0x16,92700
305,MSI GeForce RTX 2080 GAMING TRIO [PCIExp 8GB],https://kakaku.com/item/K0001128564/,NVIDIA GeForceRTX2080,2944,8.0,256.0,,PCIExpress3.0x16,96580
306,Colorful iGame GeForce RTX 2080 Ti Advanced OC [PCIExp 11GB],https://kakaku.com/item/K0001093085/,NVIDIA GeForceRTX2080Ti,4352,11.0,352.0,14.0,PCIExpress3.0x16,148400
307,玄人志向 GALAKURO GK-RTX2080Ti-E11GB/WHITE2 [PCIExp 11GB],https://kakaku.com/item/K0001121446/,NVIDIA GeForceRTX2080Ti,4352,11.0,352.0,14.0,PCIExpress3.0x16,164978
308,Colorful iGame GeForce RTX 2080 Ti Neptune OC [PCIExp 11GB],https://kakaku.com/item/K0001146313/,NVIDIA GeForceRTX2080Ti,4352,11.0,352.0,14.0,PCIExpress3.0x16,178420
309,ELSA NVIDIA Tesla T4 ETST4-16GER [PCIExp 16GB],https://kakaku.com/item/K0001207207/,NVIDIA TeslaT4,2560,16.0,,,PCIExpress3.0x16,319963
310,NVIDIA Quadro GV100 NVQGV100-32GHBM2 [PCIExp 32GB],https://kakaku.com/item/K0001153572/,NVIDIA QuadroGV100,5120,32.0,4096.0,,PCIExpress3.0x16,1382480
311,エレコム AD-CHDMIBK2 [ブラック],https://kakaku.com/item/K0001213719/,,,,,,USBType-C,2372
312,エレコム AD-CHDMIBK [ブラック],https://kakaku.com/item/K0000808386/,,,,,,USBType-C,2423
313,エレコム AD-CHDMIQBK2 [ブラック],https://kakaku.com/item/K0001213720/,,,,,,USBType-C,3080
314,玄人志向 RD-R5-230-E2GB/HS [PCIExp 2GB],https://kakaku.com/item/K0001117732/,AMD RadeonR5230,160,2.0,64.0,1.0,PCIExpress2.1x16,4880
315,ZOTAC ZOTAC GT 710 2GB DDR3 LP ZTGT710-2GD3LP001/ZT-71302-20L [PCIExp 2GB],https://kakaku.com/item/K0000849062/,NVIDIA GeForceGT710,192,2.0,64.0,1.6,PCIExpress2.0,4977
316,IODATA USBグラフィック USB-RGB/D2,https://kakaku.com/item/K0000079867/,,,,,,USB2.0,5564
317,IODATA USBグラフィック USB-4K/DP,https://kakaku.com/item/K0000670497/,,,,,,USB2.0 USB3.0,10134
318,SAPPHIRE SAPPHIRE R9 380 2G GDDR5 PCI-E H/D/2MDP ITX COMPACT [PCIExp 2GB],https://kakaku.com/item/K0000787483/,AMD RadeonR9380,1792,2.0,256.0,,PCIExpress3.0x16,16317
319,ASUS GTX1050TI-O4G-LP-BRK [PCIExp 4GB],https://kakaku.com/item/K0001128285/,NVIDIA GeForceGTX1050Ti,768,4.0,128.0,7.008,PCIExpress3.0,19980
320,ASUS PH-GTX1060-6G [PCIExp 6GB],https://kakaku.com/item/K0001090019/,NVIDIA GeForceGTX1060,1280,6.0,192.0,8.008,PCIExpress3.0,31081
321,GIGABYTE GV-N166SIXOC-6GD [PCIExp 6GB],https://kakaku.com/item/K0001218163/,NVIDIA GeForceGTX1660SUPER,1408,6.0,192.0,14.0,PCIExpress3.0x16,31680
322,SAPPHIRE SAPPHIRE NITRO+ RADEON RX 570 8G GDDR5 [PCIExp 8GB],https://kakaku.com/item/K0000960151/,AMD RadeonRX570,2048,8.0,256.0,,PCIExpress3.0x16,33979
323,エーキューブ AMD Radeon Pro WX3200 4GB RP32-4GER [PCIExp 4GB],https://kakaku.com/item/K0001208849/,AMD RadeonProWX3200,640,4.0,128.0,,PCIExpress3.0x8 接続スロット：PCI-Expressx16,34595
324,GIGABYTE GV-N166SGAMING OC-6GD [PCIExp 6GB],https://kakaku.com/item/K0001206482/,NVIDIA GeForceGTX1660SUPER,1408,6.0,192.0,14.0,PCIExpress3.0x16,36080
325,ASRock Phantom Gaming X Radeon RX VEGA 56 8G [PCIExp 8GB],https://kakaku.com/item/K0001083605/,AMD RadeonRXVega56,3584,8.0,2048.0,0.8,PCIExpress3.0x16,40537
326,HIS HS-57LR8SSNR [PCIExp 8GB],https://kakaku.com/item/K0001176895/,AMD RadeonRX5700,2304,8.0,256.0,14.0,PCIExpress4.0x16,41778
327,ZOTAC ZOTAC GAMING GeForce RTX 2060 AMP Edition ZT-T20600D-10M [PCIExp 6GB],https://kakaku.com/item/K0001120213/,NVIDIA GeForceRTX2060,1920,6.0,192.0,14.0,PCIExpress3.0x16,43943
328,ASUS ROG-STRIX-RX5700-O8G-GAMING [PCIExp 8GB],https://kakaku.com/item/K0001191359/,AMD RadeonRX5700,2304,8.0,256.0,14.0,PCIExpress4.0,47562
329,PowerColor PowerColor Red Devil Radeon RX 580 8GB GDDR5 AXRX 580 8GBD5-3DH/OC [PCIExp 8GB],https://kakaku.com/item/K0000960159/,AMD RadeonRX580,2304,8.0,256.0,2.0,PCIExpress3.0x16,52668
330,NVIDIA NVIDIA Quadro P2000 NVQP2000-5G [PCIExp 5GB],https://kakaku.com/item/K0001004741/,NVIDIA QuadroP2000,1024,5.0,160.0,,PCIExpress3.0x16,55800
331,GIGABYTE GV-N2070WF3-8GC [PCIExp 8GB],https://kakaku.com/item/K0001100682/,NVIDIA GeForceRTX2070,2304,8.0,256.0,14.0,PCIExpress3.0x16,60280
332,ZOTAC ZOTAC GeForce GTX 1080 AMP Extreme ZT-P10800B-10P [PCIExp 8GB],https://kakaku.com/item/K0000889116/,NVIDIA GeForceGTX1080,2560,8.0,256.0,,PCIExpress3.0x16,76633
333,ZOTAC ZOTAC GAMING GeForce RTX 2080 AMP ZT-T20800D-10P [PCIExp 8GB],https://kakaku.com/item/K0001091040/,NVIDIA GeForceRTX2080,2944,8.0,256.0,14.0,PCIExpress3.0x16,89800
334,ASUS TURBO-RTX2080-8G-EVO [PCIExp 8GB],https://kakaku.com/item/K0001163589/,NVIDIA GeForceRTX2080,2944,8.0,256.0,14.0,PCIExpress3.0,90605
335,玄人志向 GALAKURO GK-RTX2070-E8GB/WHITE [PCIExp 8GB],https://kakaku.com/item/K0001098509/,NVIDIA GeForceRTX2070,2304,8.0,256.0,14.0,PCIExpress3.0x16,98978
336,ELSA ELSA GeForce RTX 2080 ST GD2080-8GERST [PCIExp 8GB],https://kakaku.com/item/K0001168762/,NVIDIA GeForceRTX2080,2944,8.0,256.0,14.0,PCIExpress3.0x16,108352
337,ASUS DUAL-RTX2080-O8G [PCIExp 8GB],https://kakaku.com/item/K0001082415/,NVIDIA GeForceRTX2080,2944,8.0,256.0,14.0,PCIExpress3.0,114852
338,MSI GeForce RTX 2080 Ti VENTUS 11G OC [PCIExp 11GB],https://kakaku.com/item/K0001126771/,NVIDIA GeForceRTX2080Ti,4352,11.0,352.0,14.0,PCIExpress3.0x16,144598
339,ZOTAC ZOTAC GAMING GeForce RTX 2080 Ti Blower ZT-T20810A-10P [PCIExp 11GB],https://kakaku.com/item/K0001117106/,NVIDIA GeForceRTX2080Ti,4352,11.0,352.0,,PCIExpress3.0x16,152420
340,ELSA NVIDIA Quadro RTX 6000 ENQR6000-24GER [PCIExp 24GB],https://kakaku.com/item/K0001125477/,NVIDIA QuadroRTX6000,4608,24.0,384.0,,PCIExpress3.0x16,568900
341,ELSA NVIDIA Tesla V100 16GB ETSV100-16GER [PCIExp 16GB],https://kakaku.com/item/K0001054399/,NVIDIA GV100,,16.0,,,PCIExpress3.0x16,1199495
342,j5 create JDA134,https://kakaku.com/item/K0001126612/,,,,,,DisplayPort,2060
343,エレコム AD-CVGABK2 [ブラック],https://kakaku.com/item/K0001213721/,,,,,,USBType-C,2510
344,j5 create JCA153J,https://kakaku.com/item/K0001125152/,,,,,,USBType-C,3110
345,バッファロー GX-HDMI/U2,https://kakaku.com/item/K0000258574/,,,,,,USB2.0,5381
346,AREA スパイダー2K SD-U3DH2,https://kakaku.com/item/K0001067653/,,,,,,USB2.0 USB3.0,5390
347,玄人志向 VGA-USB3.0/HDMI,https://kakaku.com/item/K0000415305/,,,,,,USB3.0,5927
348,ELSA ELSA GeForce GT 610 x1 1GB GD610-1GERL1 [PCIExp 1GB],https://kakaku.com/item/K0000766073/,NVIDIA GeForceGT610,48,1.0,,,PCIExpress2.0x1,8415
349,エレコム LDE-HDMI4KU3,https://kakaku.com/item/K0000761954/,,,,,,USB2.0 USB3.0,8530
350,j5 create JUA354,https://kakaku.com/item/K0001045529/,,,,,,USB3.0,8750
351,GIGABYTE GV-RX550D5-2GD Rev2.0 [PCIExp 2GB],https://kakaku.com/item/K0001113736/,AMD RadeonRX550,512,2.0,128.0,6.0,PCIExpress3.0x8 接続スロット：PCI-Expressx16,13811
352,玄人志向 GF-GTX1050Ti-4GB/OC/LP [PCIExp 4GB],https://kakaku.com/item/K0000938878/,NVIDIA GeForceGTX1050Ti,768,4.0,128.0,7.008,PCIExpress3.0x16,13980
353,玄人志向 RD-RX560-E4GB/OC [PCIExp 4GB],https://kakaku.com/item/K0001092513/,AMD RadeonRX560(14ユニット),896,4.0,128.0,7.0,PCIExpress3.0x8 接続スロット：PCI-Expressx16,16734
354,GIGABYTE GV-N105TD5-4GD [PCIExp 4GB],https://kakaku.com/item/K0000919130/,NVIDIA GeForceGTX1050Ti,768,4.0,128.0,7.008,PCIExpress3.0x16,19039
355,MSI GTX 1050 Ti 4G OCV1 [PCIExp 4GB],https://kakaku.com/item/K0000995580/,NVIDIA GeForceGTX1050Ti,768,4.0,128.0,,PCIExpress3.0x16,20360
356,ZOTAC ZOTAC GeForce GTX 1050 Ti Low Profile ZT-P10510E-10L [PCIExp 4GB],https://kakaku.com/item/K0000956816/,NVIDIA GeForceGTX1050Ti,768,4.0,128.0,,PCIExpress3.0x16,21871
357,ZOTAC ZOTAC GeForce GTX 1050 2GB Mini ZT-P10500A-10L [PCIExp 2GB],https://kakaku.com/item/K0000919125/,NVIDIA GeForceGTX1050,640,2.0,128.0,,PCIExpress3.0x16,22798
358,MATROX Millennium G550 PCIe (PCIExp 32MB),https://kakaku.com/item/05505013346/,MATROX G550,,0.032,,,PCIExpressx1,26520
359,MSI Radeon RX 560 AERO ITX 4G OC [PCIExp 4GB],https://kakaku.com/item/K0000972273/,AMD RadeonRX560,1024,4.0,128.0,,PCIExpress3.0x8 接続スロット：PCI-Expressx16,27076
360,MATROX DualHead2Go デジタル版 SE D2G/DSE,https://kakaku.com/item/K0000462250/,,,,,,DisplayPort,28764
361,ZOTAC ZOTAC GAMING GeForce GTX 1660 AMP 6GB GDDR5 ZT-T16600D-10M [PCIExp 6GB],https://kakaku.com/item/K0001139486/,NVIDIA GeForceGTX1660,1408,6.0,192.0,8.0,PCIExpress3.0x16,30800
362,GIGABYTE GV-RX570GAMING-4GD [PCIExp 4GB],https://kakaku.com/item/K0000960157/,AMD RadeonRX570,2048,4.0,256.0,7.0,PCIExpress3.0x16,33000
363,エーキューブ AMD Radeon Pro WX3100 4GB RP31-4GER [PCIExp 4GB],https://kakaku.com/item/K0001047232/,AMD RadeonProWX3100,512,4.0,128.0,,PCIExpress3.0x8 接続スロット：PCI-Expressx16,34039
364,MATROX Matrox M9120 Plus LP PCIe x16/J (PCIExp 512MB),https://kakaku.com/item/05505016801/,MATROX,,0.512,,,PCIExp16X,36772
365,ELSA ELSA GeForce RTX 2060 S.A.C GD2060-6GERS [PCIExp 6GB],https://kakaku.com/item/K0001135585/,NVIDIA GeForceRTX2060,1920,6.0,192.0,14.0,PCIExpress3.0x16,47180
366,SAPPHIRE SAPPHIRE NITRO+ RADEON RX 580 8G GDDR5 SPECIAL EDITION [PCIExp 8GB],https://kakaku.com/item/K0001033236/,AMD RadeonRX580,2304,8.0,256.0,,PCIExpress3.0x16,49060
367,ELSA NVIDIA NVS 510 [PCIExp 2GB],https://kakaku.com/item/K0000452576/,NVIDIA NVS510,192,2.0,,,PCIExpress2.0x16,49500
368,Colorful GTX1070Ti Twin [PCIExp 8GB],https://kakaku.com/item/K0001054364/,NVIDIA GeForceGTX1070Ti,2432,8.0,256.0,8.0,PCIExpress3.0x16,58119
369,MSI GeForce RTX 2070 VENTUS 8G [PCIExp 8GB],https://kakaku.com/item/K0001111739/,NVIDIA GeForceRTX2070,2304,8.0,256.0,14.0,PCIExpress3.0x16,61957
370,ZOTAC ZOTAC GAMING GeForce RTX 2070 AMP Extreme ZT-T20700B-10P [PCIExp 8GB],https://kakaku.com/item/K0001098512/,NVIDIA GeForceRTX2070,2304,8.0,256.0,,PCIExpress3.0x16,61987
371,ZOTAC ZOTAC GAMING GeForce RTX 2070 OC MINI ZT-T20700F-10P [PCIExp 8GB],https://kakaku.com/item/K0001103649/,NVIDIA GeForceRTX2070,2304,8.0,256.0,,PCIExpress3.0x16,64089
372,PowerColor PowerColor Red Devil Radeon RX 5700 XT Limited Edition AXRX 5700XT 8GBD6-3DHEP/OC [PCIExp 8GB],https://kakaku.com/item/K0001183062/,AMD RadeonRX5700XT,2560,8.0,256.0,14.0,PCIExpress4.0x16,67848
373,GIGABYTE GV-N107TGAMING-8GD [PCIExp 8GB],https://kakaku.com/item/K0001013313/,NVIDIA GeForceGTX1070Ti,2432,8.0,256.0,8.008,PCIExpress3.0x16,72938
374,GIGABYTE GV-N2080WF3-8GC [PCIExp 8GB],https://kakaku.com/item/K0001124220/,NVIDIA GeForceRTX2080,2944,8.0,256.0,14.0,PCIExpress3.0x16,78078
375,MSI GeForce RTX 2080 VENTUS 8G OC [PCIExp 8GB],https://kakaku.com/item/K0001085633/,NVIDIA GeForceRTX2080,2944,8.0,256.0,,PCIExpress3.0x16,86413
376,Colorful iGame GeForce RTX 2080 Advanced OC [PCIExp 8GB],https://kakaku.com/item/K0001091240/,NVIDIA GeForceRTX2080,2944,8.0,256.0,14.0,PCIExpress3.0x16,88880
377,GIGABYTE GV-N2080WF3OC-8GC [PCIExp 8GB],https://kakaku.com/item/K0001082423/,NVIDIA GeForceRTX2080,2944,8.0,256.0,14.0,PCIExpress3.0x16,92592
378,GIGABYTE GV-N2080GAMING OC-8GC [PCIExp 8GB],https://kakaku.com/item/K0001082424/,NVIDIA GeForceRTX2080,2944,8.0,256.0,14.0,PCIExpress3.0x16,97680
379,ASUS ROG-STRIX-RTX2080-O8G-GAMING [PCIExp 8GB],https://kakaku.com/item/K0001082414/,NVIDIA GeForceRTX2080,2944,8.0,256.0,14.0,PCIExpress3.0,102884
380,MSI GeForce RTX 2080 GAMING X TRIO [PCIExp 8GB],https://kakaku.com/item/K0001082418/,NVIDIA GeForceRTX2080,2944,8.0,256.0,14.0,PCIExpress3.0x16,108843
381,GIGABYTE AORUS GV-N2080AORUS X-8GC [PCIExp 8GB],https://kakaku.com/item/K0001096667/,NVIDIA GeForceRTX2080,2944,8.0,256.0,14.14,PCIExpress3.0x16,109796
382,MSI GeForce RTX 2080 DUKE 8G OC [PCIExp 8GB],https://kakaku.com/item/K0001082419/,NVIDIA GeForceRTX2080,2944,8.0,256.0,,PCIExpress3.0x16,114905
383,ZOTAC ZOTAC GAMING GeForce RTX 2080 Blower ZT-T20800A-10P [PCIExp 8GB],https://kakaku.com/item/K0001091041/,NVIDIA GeForceRTX2080,2944,8.0,256.0,,PCIExpress3.0x16,125663
384,玄人志向 GK-RTX2080-E8GB/WHITE [PCIExp 8GB],https://kakaku.com/item/K0001091994/,NVIDIA GeForceRTX2080,2944,8.0,256.0,14.0,PCIExpress3.0x16,141768
385,ZOTAC ZOTAC GAMING GeForce RTX 2080 Ti Triple Fan ZT-T20810F-10P [PCIExp 11GB],https://kakaku.com/item/K0001091039/,NVIDIA GeForceRTX2080Ti,4352,11.0,352.0,14.0,PCIExpress3.0x16,149380
386,Inno3D GeForce RTX 2080 Ti X2 OC N208T2-11D6X [PCIExp 11GB],https://kakaku.com/item/K0001106667/,NVIDIA GeForceRTX2080Ti,4352,11.0,352.0,14.0,PCIExpress3.0x16,152478
387,ELSA NVIDIA Tesla P4 75W ETSP4-8GER [PCIExp 8GB],https://kakaku.com/item/K0000938218/,NVIDIA TeslaP4,2560,8.0,,,PCIExpress3.0x16,310640
388,ELSA NVIDIA Quadro P6000 EQP6000-24GER [PCIExp 24GB],https://kakaku.com/item/K0000924706/,NVIDIA QuadroP6000,3840,24.0,384.0,,PCIExpress3.0x16,623330
389,エーキューブ AMD Radeon INSTINCT MI25 RI-MI25 [PCIExp 16GB],https://kakaku.com/item/K0001041180/,AMD Vega10,,16.0,512.0,,PCIExpress3.0x16,846511
390,ELSA NVIDIA Quadro GV100 EQGV100-32GER [PCIExp 32GB],https://kakaku.com/item/K0001043984/,NVIDIA QuadroGV100,5120,32.0,4096.0,,PCIExpress3.0x16,1279900
391,j5 create JDA154,https://kakaku.com/item/K0001126615/,,,,,,DisplayPort,1276
392,j5 create JDA152,https://kakaku.com/item/K0001126614/,,,,,,MiniDisplayPort,1309
393,j5 create JCA140,https://kakaku.com/item/K0000867439/,,,,,,USBType-C,1628
394,エレコム AD-CDPBK [ブラック],https://kakaku.com/item/K0000808388/,,,,,,USBType-C,2122
395,エレコム AD-CDPBK2 [ブラック],https://kakaku.com/item/K0001213717/,,,,,,USBType-C,2140
396,j5 create JDA112,https://kakaku.com/item/K0001126610/,,,,,,MiniDisplayPort,2140
397,センチュリー CCA-UCVGA,https://kakaku.com/item/K0001108022/,,,,,,USBType-C,2280
398,エレコム AD-CVGABK [ブラック],https://kakaku.com/item/K0000808384/,,,,,,USBType-C,2401
399,エレコム AD-APCHDMIWH [ホワイト],https://kakaku.com/item/K0000808387/,,,,,,USBType-C,2462
400,ミヨシ DP-HDA01/BK,https://kakaku.com/item/K0001108923/,,,,,,DisplayPort,2480
401,j5 create JDA114,https://kakaku.com/item/K0001126611/,,,,,,DisplayPort,2497
402,エレコム AD-CDVIBK [ブラック],https://kakaku.com/item/K0001213718/,,,,,,USBType-C,2510
403,j5 create JCA111,https://kakaku.com/item/K0000825697/,,,,,,USBType-C,2570
404,ADATA ACVGAPL-ADP-CWH [ホワイト],https://kakaku.com/item/K0001069708/,,,,,,USBType-C,2630
405,j5 create JDA158,https://kakaku.com/item/K0001127000/,,,,,,DisplayPort,2640
406,j5 create JDA159,https://kakaku.com/item/K0001127001/,,,,,,MiniDisplayPort,2827
407,IODATA US3C-DA/H,https://kakaku.com/item/K0000878573/,,,,,,USBType-C(DisplayPortAltMode),3012
408,j5 create JDC159 [ホワイト],https://kakaku.com/item/K0001127005/,,,,,,MiniDisplayPort,3045
409,j5 create JDC158 [ホワイト],https://kakaku.com/item/K0001127004/,,,,,,DisplayPort,3047
410,j5 create JDA173,https://kakaku.com/item/K0001127002/,,,,,,MiniDisplayPort,3487
411,IODATA US3C-DA/RGB2,https://kakaku.com/item/K0001148517/,,,,,,USBType-C(DisplayPortAltMode),3493
412,エレコム AD-APCVGAWH [ホワイト],https://kakaku.com/item/K0000808385/,,,,,,USBType-C,3830
413,Dell USB-C - HDMI 2.0 アダプタ,https://kakaku.com/item/K0001045527/,,,,,,USBType-C,4054
414,ADATA ACHDMIPL-ADP-CWH [ホワイト],https://kakaku.com/item/K0001069709/,,,,,,USBType-C,4175
415,j5 create JDA214,https://kakaku.com/item/K0001127003/,,,,,,D-SUB,4279
416,IODATA US3C-DA/RGB,https://kakaku.com/item/K0001045528/,,,,,,USBType-C(DisplayPortAltMode),4290
417,ロジテック LDE-SX015U,https://kakaku.com/item/K0000062567/,,,,,,USB2.0,4333
418,j5 create JUA210,https://kakaku.com/item/K0000534536/,,,,,,USB2.0,4400
419,j5 create JUA230,https://kakaku.com/item/K0000534537/,,,,,,USB2.0,4836
420,j5 create JUA330,https://kakaku.com/item/K0000534540/,,,,,,USB2.0 USB3.0,4900
421,チューンウェア TUN-OT-000052 [シルバー],https://kakaku.com/item/K0001132142/,,,,,,USBType-C,4920
422,チューンウェア TUN-OT-000053 [スペースグレイ],https://kakaku.com/item/K0001132143/,,,,,,USBType-C,4920
423,SILVERSTONE SST-EP07W [ホワイト],https://kakaku.com/item/K0001217658/,,,,,,USB3.1Type-C,5088
424,ロジテック LDE-WX015U,https://kakaku.com/item/K0000051097/,,,,,,USB2.0,5163
425,Acer NP.CAB1A.012 [Black],https://kakaku.com/item/K0001115200/,,,,,,USB3.1Type-C,5480
426,j5 create JUA315,https://kakaku.com/item/K0000785397/,,,,,,USB2.0 USB3.0,5500
427,ELSA ELSA GeForce GT 710 LP 1GB GD710-1GERL [PCIExp 1GB],https://kakaku.com/item/K0000857297/,NVIDIA GeForceGT710,192,1.0,64.0,,PCIExpress2.0x8 接続スロット：PCI-Expressx16,5720
428,EVGA GeForce 8400 GS DDR3 01G-P3-1302-LR [PCIExp 1GB],https://kakaku.com/item/K0000173045/,,,,,,,5801
429,SUNIX VGA2788 [USB 3.0 to HDMI],https://kakaku.com/item/K0000238549/,,,,,,USB3.0,5918
430,j5 create JUA250,https://kakaku.com/item/K0000534538/,,,,,,USB2.0,5979
431,j5 create JUA355,https://kakaku.com/item/K0000785398/,,,,,,USB2.0 USB3.0,5980
432,玄人志向 VGA-USB3.0/DVI,https://kakaku.com/item/K0000415306/,,,,,,USB3.0,5980
433,グリーンハウス GH-USB-DVIA,https://kakaku.com/item/K0000263779/,,,,,,USB2.0,6040
434,エレコム LDE-HDMI2KU3,https://kakaku.com/item/K0000761955/,,,,,,USB2.0 USB3.0,6154
435,ZOTAC ZOTAC Geforce GT 710 ZONE Edition 1GB ZT-71304-20L [PCIExp 1GB],https://kakaku.com/item/K0000872584/,NVIDIA GeForceGT710,192,1.0,64.0,,PCIExpress2.0x1,6578
436,j5 create JUA350,https://kakaku.com/item/K0000534541/,,,,,,USB2.0 USB3.0,6600
437,サンワサプライ 【直販モデル】 400-HUB027,https://kakaku.com/item/K0000857590/,,,,,,USB USB2.0USB3.0,6980
438,RATOC REX-USB3DP-4K,https://kakaku.com/item/K0000794257/,,,,,,USB2.0 USB3.0,8118
439,サンワサプライ 【直販モデル】 400-HUB026,https://kakaku.com/item/K0000857589/,,,,,,USB USB2.0USB3.0,8180
440,j5 create JDA146,https://kakaku.com/item/K0001126613/,,,,,,MiniDisplayPort,8767
441,j5 create JUA360,https://kakaku.com/item/K0001127397/,,,,,,USB3.0,8767
442,j5 create JUA365,https://kakaku.com/item/K0001045530/,,,,,,USB3.0,9850
443,PNY NVIDIA NVS 315 for Dual DVI and VGA Low Profile VCNVS315DVI-PB [PCIExp 1GB],https://kakaku.com/item/K0000682982/,NVIDIA NVS315,48,1.0,,,PCIExpress2.0x16,14259
444,玄人志向 GF-QUAD-DISP/4DVI/LP [PCIExp 1GB],https://kakaku.com/item/K0000701499/,NVIDIA GeForceGT730(64-bitDDR3),384,1.0,64.0,1.8,PCIExpressx8,14355
445,MSI GTX 1050 2G OC [PCIExp 2GB],https://kakaku.com/item/K0000921005/,NVIDIA GeForceGTX1050,640,2.0,128.0,7.008,PCIExpress3.0x16,14385
446,玄人志向 GF-GTX1050Ti-4GB/OC/DF2 [PCIExp 4GB],https://kakaku.com/item/K0001135352/,NVIDIA GeForceGTX1050Ti,768,4.0,128.0,7.008,PCIExpress3.0x16,14980
447,PNY NVIDIA NVS 310 x16 for Dual DP Low Profile VCNVS310DP-PB [PCIExp 512MB],https://kakaku.com/item/K0000682983/,NVIDIA NVS310,48,0.512,,,PCIExpress2.0x16,15300
448,SAPPHIRE SAPPHIRE Thunderbolt 3 to Dual HDMI Active,https://kakaku.com/item/K0001116266/,,,,,,Thunderbolt3(USBType-C),15437
449,SAPPHIRE SAPPHIRE PULSE RADEON RX 550 2G GDDR5 [PCIExp 2GB],https://kakaku.com/item/K0001031608/,AMD RadeonRX550,640,2.0,128.0,,PCIExpress3.0x16,16093
450,BELKIN B2B166 [ブラック],https://kakaku.com/item/K0001183277/,,,,,,D-SUB HDMIminiDisplayPortUSBType-C,16900
451,PNY NVIDIA NVS 310 x16 for DVI VCNVS310DVI-PB [PCIExp 512MB バルク],https://kakaku.com/item/K0000436113/,,,,,,,
452,PNY NVIDIA Quadro P400 VCQP400-PB [PCIExp 2GB],https://kakaku.com/item/K0000972277/,NVIDIA QuadroP400,256,2.0,64.0,,PCIExpress3.0x16,17310
453,MSI GTX 1050 2GT LP [PCIExp 2GB],https://kakaku.com/item/K0000931718/,NVIDIA GeForceGTX1050,640,2.0,128.0,7.008,PCIExpress3.0x16,17490
454,ASUS PH-GTX1050-2G [PCIExp 2GB],https://kakaku.com/item/K0000920444/,NVIDIA GeForceGTX1050,640,2.0,128.0,7.008,PCIExpress3.0,17659
455,ZOTAC ZOTAC GeForce GTX 1050 Ti 4GB Mini ZT-P10510A-10L [PCIExp 4GB],https://kakaku.com/item/K0000919124/,NVIDIA GeForceGTX1050Ti,768,4.0,128.0,,PCIExpress3.0x16,17737
456,ELSA NVIDIA Quadro 400 [PCIExp 512MB],https://kakaku.com/item/K0000249787/,NVIDIA Quadro400,,0.512,,0.77,PCIExpress2.0,18213
457,玄人志向 GF-GTX1050-2GB/OC/SF [PCIExp 2GB],https://kakaku.com/item/K0000919783/,NVIDIA GeForceGTX1050,640,2.0,128.0,7.008,PCIExpress3.0x16,18460
458,PNY NVIDIA Quadro 410 Low Profile VCQ410-PB [PCIExp 512MB],https://kakaku.com/item/K0000682979/,NVIDIA Quadro410,192,0.512,64.0,,PCIExpress2.0x16,19176
459,PNY NVIDIA Quadro K420 VCQK420-PB [PCIExp 1GB],https://kakaku.com/item/K0000693233/,NVIDIA QuadroK420,192,1.0,128.0,,PCIExpress2.0x16,19176
460,ZOTAC ZOTAC GeForce GTX 1050 Ti 4GB OC ZT-P10510B-10L [PCIExp 4GB],https://kakaku.com/item/K0000919123/,NVIDIA GeForceGTX1050Ti,768,4.0,128.0,,PCIExpress3.0x16,20869
461,MATROX Millennium G550 LP PCI (PCI 32MB),https://kakaku.com/item/05505012493/,MATROX G550,,0.032,,,PCI,20910
462,ASUS ROG-STRIX-RX570-O4G-GAMING [PCIExp 4GB],https://kakaku.com/item/K0000960805/,AMD RadeonRX570,2048,4.0,256.0,7.0,PCIExpress3.0x16,21450
463,Colorful GTX1050Ti NB 4G [PCIExp 4GB],https://kakaku.com/item/K0001054366/,NVIDIA GeForceGTX1050Ti,768,4.0,128.0,7.0,PCIExpress3.0x16,21912
464,玄人志向 RD-RX580-E8GB/OC/DF2 [PCIExp 8GB],https://kakaku.com/item/K0001123896/,AMD RadeonRX580,2304,8.0,256.0,7.0,PCIExpress3.0x16,24263
465,ASRock Radeon RX 5500 XT Challenger D 4G OC [PCIExp 4GB],https://kakaku.com/item/K0001219745/,AMD RadeonRX5500XT,1408,4.0,128.0,14.0,PCIExpress4.0x8,25080
466,MATROX DualHead2Go デジタル版 D2G/D,https://kakaku.com/item/K0000462249/,,,,,,D-SUB,25700
467,SAPPHIRE SAPPHIRE PULSE RADEON RX 580 8G GDDR5 OC [PCIExp 8GB],https://kakaku.com/item/K0000960149/,AMD RadeonRX580,2304,8.0,256.0,,PCIExpress3.0x16,26294
468,ATI FirePro 2450 PCI-E x1 (PCIExp 512MB),https://kakaku.com/item/K0000054630/,ATI FirePro2450,,0.512,,,PCIExpress2.0,26954
469,ATI FirePro 2460 [PCIExp 512MB],https://kakaku.com/item/K0000137553/,,,,,,,27459
470,Colorful GTX1060 NB 3G [PCIExp 3GB],https://kakaku.com/item/K0001054365/,NVIDIA GeForceGTX1060,1152,3.0,192.0,8.0,PCIExpress3.0x16,27517
471,ASRock Phantom Gaming X Radeon RX570 8G OC [PCIExp 8GB],https://kakaku.com/item/K0001046983/,AMD RadeonRX570,2048,8.0,256.0,7.0,PCIExpress3.0x16,27633
472,エーキューブ AMD FirePro 2270 PCI-EX1 FP227-512ERX1 [PCIExp 512MB],https://kakaku.com/item/K0000227554/,AMD FirePro2270,,0.512,,0.4,PCIExpressx1,27665
473,エーキューブ AMD FirePro 2270 PCI-EX16 FP227-512ERX16 [PCIExp 512MB],https://kakaku.com/item/K0000227552/,AMD FirePro2270,,0.512,,0.4,PCIExpress2.0,27665
474,ASRock Radeon RX 5500 XT Challenger D 8G OC [PCIExp 8GB],https://kakaku.com/item/K0001219744/,AMD RadeonRX5500XT,1408,8.0,128.0,14.0,PCIExpress4.0x8,28138
475,玄人志向 GF-GTX1660-E6GB/OC/DF [PCIExp 6GB],https://kakaku.com/item/K0001139855/,NVIDIA GeForceGTX1660,1408,6.0,192.0,8.008,PCIExpress3.0x16,28600
476,ASRock Phantom Gaming X Radeon RX580 8G OC [PCIExp 8GB],https://kakaku.com/item/K0001046984/,AMD RadeonRX580,2304,8.0,256.0,8.0,PCIExpress3.0x16,28673
477,MATROX DualHead2Go Digital ME D2G-DP2D-MIF,https://kakaku.com/item/K0000639262/,,,,,,DisplayPort,29127
478,MATROX Millennium G550 LP PCIe (PCIExp 32MB),https://kakaku.com/item/05505013558/,MATROX G550,,0.032,,,PCIExpressx1,30396
479,MSI GTX 1060 AERO ITX 3G OC [PCIExp 3GB],https://kakaku.com/item/K0000958083/,NVIDIA GeForceGTX1060,1152,3.0,192.0,,PCIExpress3.0x16,30490
480,ZOTAC ZOTAC GeForce GTX 1060 Mini 3GB ZT-P10610A-10L [PCIExp 3GB],https://kakaku.com/item/K0000903102/,NVIDIA GeForceGTX1060,1152,3.0,192.0,,PCIExpress3.0x16,30798
481,Colorful GTX1060 NB 6G [PCIExp 6GB],https://kakaku.com/item/K0001041080/,NVIDIA GeForceGTX1060,1280,6.0,192.0,8.0,PCIExpress3.0x16,32619
482,MSI GTX 1060 ARMOR 3G OCV1 [PCIExp 3GB],https://kakaku.com/item/K0000905376/,NVIDIA GeForceGTX1060,1152,3.0,192.0,,PCIExpress3.0x16,34249
483,MSI Radeon RX 580 ARMOR MK2 8G OC [PCIExp 8GB],https://kakaku.com/item/K0001041181/,AMD RadeonRX580,2304,8.0,256.0,8.0,PCIExpressx16,35445
484,MATROX DualHead2Go DisplayPort版 D2G/DP,https://kakaku.com/item/K0000462251/,,,,,,DisplayPort,36720
485,Colorful GeForce GTX 1660 Ti 6G [PCIExp 6GB],https://kakaku.com/item/K0001135351/,NVIDIA GeForceGTX1660Ti,1536,6.0,192.0,12.0,PCIExpress3.0x16,36872
486,ASUS STRIX-GTX1060-DC2O6G [PCIExp 6GB],https://kakaku.com/item/K0000921442/,NVIDIA GeForceGTX1060,1280,6.0,192.0,8.008,PCIExpress3.0x16,37233
487,MATROX Matrox M9120 PCIe x16/J (PCIExp 512MB),https://kakaku.com/item/05505016797/,MATROX,,0.512,,,PCIExp16X,37500
488,GIGABYTE GV-RX590GAMING-8GD [PCIExp 8GB],https://kakaku.com/item/K0001139485/,AMD RadeonRX590,2304,8.0,256.0,8.0,PCIExpress3.0x16,37650
489,MATROX Millennium P690 PCIe x16 (PCIExp 128MB),https://kakaku.com/item/05505015914/,MATROX P690,,0.128,,,PCIExp16X,38333
490,MATROX Millennium P690 LP PCIe x1 (PCIExp 128MB),https://kakaku.com/item/05505015912/,MATROX P690,,0.128,,,PCIExpressx1,44292
491,GIGABYTE GV-R57-8GD-B [PCIExp 8GB],https://kakaku.com/item/K0001172578/,AMD RadeonRX5700,2304,8.0,256.0,14.0,PCIExpress4.0x16,44876
492,MATROX TripleHead2Go デジタル版SE T2G/DSE,https://kakaku.com/item/K0000835510/,,,,,,DisplayPort,44880
493,Colorful GeForce RTX 2060 6G [PCIExp 6GB],https://kakaku.com/item/K0001122087/,NVIDIA GeForceRTX2060,1920,6.0,192.0,14.0,PCIExpress3.0x16,44940
494,PowerColor PowerColor Red Dragon Radeon RX 5700 AXRX 5700 8GBD6-3DHR/OC [PCIExp 8GB],https://kakaku.com/item/K0001201224/,AMD RadeonRX5700,2304,8.0,256.0,14.0,PCIExpress4.0x16,45799
495,PNY NVIDIA Quadro K1200 for DisplayPort VCQK1200DP-PB [PCIExp 4GB],https://kakaku.com/item/K0000778609/,NVIDIA QuadroK1200,512,4.0,128.0,,PCIExpress2.0x16,46716
496,PowerColor PowerColor RX 5700 8GB GDDR6 AXRX 5700 8GBD6-M3DH [PCIExp 8GB],https://kakaku.com/item/K0001172582/,AMD RadeonRX5700,,8.0,256.0,14.0,PCIExpress4.0,46750
497,MATROX Millennium P690 Plus LP PCIe x16 (PCIExp 256MB),https://kakaku.com/item/05505015918/,MATROX P690,,0.256,,,PCIExp16X,47590
498,GIGABYTE AORUS GV-N1060AORUS-6GD Rev.2.0 [PCIExp 6GB],https://kakaku.com/item/K0000999101/,NVIDIA GeForceGTX1060,1280,6.0,192.0,8.008,PCIExpress3.0x16,47694
499,MATROX Matrox M9128 LP PCIe x16 [PCIExp 1GB],https://kakaku.com/item/K0000224796/,,,,,,,47736
500,ASUS DUAL-RTX2060-O6G [PCIExp 6GB],https://kakaku.com/item/K0001126080/,NVIDIA GeForceRTX2060,1920,6.0,192.0,14.0,PCIExpress,47800
501,ASUS TUF 3-RX5700-O8G-GAMING [PCIExp 8GB],https://kakaku.com/item/K0001205038/,AMD RadeonRX5700,2304,8.0,256.0,14.0,PCIExpress4.0,49979
502,ATI FIRE GL V5100 (PCIExp 128MB),https://kakaku.com/item/05500312299/,ATI FGLV,,0.128,,,PCIExp16X,50327
503,Inno3D GeForce RTX 2060 Twin X2 N20602-06D6-1710VA23 [PCIExp 6GB],https://kakaku.com/item/K0001123587/,NVIDIA GeForceRTX2060,1920,6.0,192.0,14.0,PCIExpress3.0x16,50722
504,PNY NVIDIA NVS 510 for Quad DP Low Profile VCNVS510DP-PB [PCIExp 2GB],https://kakaku.com/item/K0000682981/,NVIDIA NVS510,192,2.0,128.0,,PCIExpress3.0x16,50796
505,ASUS ROG STRIX-GTX1060-O6G-GAMING [PCIExp 6GB],https://kakaku.com/item/K0000895411/,NVIDIA GeForceGTX1060,1280,6.0,192.0,8.208,PCIExpress3.0x16,50900
506,MATROX Matrox M9120 Plus LP PCIe x1/J (PCIExp 512MB),https://kakaku.com/item/05505016803/,MATROX,,0.512,,,PCIExpressx1,51816
507,AMD RADEON PRO WX 4100 [PCIExp 4GB],https://kakaku.com/item/K0000960485/,AMD RadeonProWX4100,1024,4.0,128.0,,PCIExpress3.0x16,53279
508,PNY NVIDIA NVS 510 for Quad DVI Low Profile VCNVS510DVI-PB [PCIExp 2GB],https://kakaku.com/item/K0000682980/,NVIDIA NVS510,192,2.0,128.0,,PCIExpress3.0x16,54039
509,ZOTAC ZOTAC GAMING GeForce RTX 2070 MINI ZT-T20700E-10P [PCIExp 8GB],https://kakaku.com/item/K0001103650/,NVIDIA GeForceRTX2070,2304,8.0,256.0,14.0,PCIExpress3.0x16,56933
510,MSI N680GTX Twin Frozr 2GD5/OC [PCIExp 2GB],https://kakaku.com/item/K0000362114/,NVIDIA GeForceGTX680,1536,2.0,,,PCIExpress3.0x16,58017
511,MATROX TripleHead2Go DisplayPort版 T2G/DP,https://kakaku.com/item/K0000835511/,,,,,,DisplayPort,59670
512,MATROX Matrox M9125 PCIe x16 DualLink/J (PCIExp 512MB),https://kakaku.com/item/05505016799/,MATROX,,0.512,,,PCIExp16X,60996
513,Colorful iGame GTX1070 U-TOP-8G [PCIExp 8GB],https://kakaku.com/item/K0001039095/,NVIDIA GeForceGTX1070,1920,8.0,256.0,8.008,PCIExpress3.0,62399
514,ASUS DUAL-RTX2070-O8G [PCIExp 8GB],https://kakaku.com/item/K0001098553/,NVIDIA GeForceRTX2070,2304,8.0,256.0,14.0,PCIExpress3.0,64565
515,MATROX TripleHead2Go デジタル版 T2G/D,https://kakaku.com/item/K0000835509/,,,,,,DVI D-SUB,65076
516,Colorful GeForce RTX 2070 8G [PCIExp 8GB],https://kakaku.com/item/K0001118167/,NVIDIA GeForceRTX2070,2304,8.0,256.0,14.0,PCIExpress3.0x16,65790
517,MSI N680GTX-PM2D2GD5 [PCIExp 2GB],https://kakaku.com/item/K0000354831/,NVIDIA GeForceGTX680,1536,2.0,,,PCIExpress3.0x16,67167
518,MSI GeForce RTX 2070 ARMOR 8G [PCIExp 8GB],https://kakaku.com/item/K0001098515/,NVIDIA GeForceRTX2070,2304,8.0,256.0,14.0,PCIExpress3.0x16,68020
519,AMD RADEON PRO WX 5100 [PCIExp 8GB],https://kakaku.com/item/K0000960484/,AMD RadeonProWX5100,1792,8.0,256.0,,PCIExpress3.0x16,70596
520,ASUS STRIX-GTX980-DC2OC-4GD5-SP [PCIExp 4GB],https://kakaku.com/item/K0000763093/,NVIDIA GeForceGTX980,2048,4.0,256.0,7.01,PCIExpress3.0x16,71279
521,玄人志向 GF-RTX2070-E8GB/DF [PCIExp 8GB],https://kakaku.com/item/K0001100493/,NVIDIA GeForceRTX2070,2304,8.0,256.0,14.0,PCIExpress3.0x16,72391
522,GIGABYTE GV-N2070GAMING OC-8GC [PCIExp 8GB],https://kakaku.com/item/K0001098511/,NVIDIA GeForceRTX2070,2304,8.0,256.0,14.0,PCIExpress3.0x16,73146
523,ASUS STRIX-GTX980-DC2OC-4GD5 [PCIExp 4GB],https://kakaku.com/item/K0000703140/,NVIDIA GeForceGTX980,2048,4.0,256.0,7.01,PCIExpress3.0x16,73480
524,MATROX Matrox Parhelia DL256 PCI (PCI 256MB),https://kakaku.com/item/05505012919/,MATROX ParheliaDL256,,0.256,,,PCI,74519
525,ELSA ELSA GeForce GTX 1070 8GB S.A.C GD1070-8GERXS [PCIExp 8GB],https://kakaku.com/item/K0000900665/,NVIDIA GeForceGTX1070,1920,8.0,256.0,,PCIExpress3.0x16,75045
526,MATROX Matrox M9138 LP PCIe x16 (PCIExp 1GB),https://kakaku.com/item/K0000064747/,MATROX,,1.0,,,PCIExp16X,78336
527,ASUS ROG-STRIX-RTX2070-O8G-GAMING [PCIExp 8GB],https://kakaku.com/item/K0001098552/,NVIDIA GeForceRTX2070,2304,8.0,256.0,14.0,PCIExpress3.0,80300
528,EVGA GeForce RTX 2070 XC GAMING 08G-P4-2172-KR [PCIExp 8GB],https://kakaku.com/item/K0001100681/,NVIDIA GeForceRTX2070,2304,8.0,256.0,14.0,PCIExpress3.0x16,81294
529,ASUS TURBO-RTX2070-8G [PCIExp 8GB],https://kakaku.com/item/K0001098554/,NVIDIA GeForceRTX2070,2304,8.0,256.0,14.0,PCIExpress3.0,82346
530,ZOTAC ZOTAC GAMING GeForce RTX 2080 Twin Fan ZT-T20800F-10P [PCIExp 8GB],https://kakaku.com/item/K0001091042/,NVIDIA GeForceRTX2080,2944,8.0,256.0,,PCIExpress3.0x16,84678
531,MSI GeForce RTX 2070 ARMOR 8G OC [PCIExp 8GB],https://kakaku.com/item/K0001100679/,NVIDIA GeForceRTX2070,2304,8.0,256.0,,PCIExpress3.0x16,86386
532,EVGA GeForce RTX 2070 XC ULTRA GAMING 08G-P4-2173-KR [PCIExp 8GB],https://kakaku.com/item/K0001100680/,NVIDIA GeForceRTX2070,2304,8.0,256.0,14.0,PCIExpress3.0x16,86386
533,MSI GeForce RTX 2080 VENTUS 8G V2 [PCIExp 8GB],https://kakaku.com/item/K0001145126/,NVIDIA GeForceRTX2080,2944,8.0,256.0,14.0,PCIExpress3.0x16,86680
534,ATI FirePro W7000 [PCIExp 4GB],https://kakaku.com/item/K0000435685/,AMD FireProW7000,,4.0,256.0,,PCIExpress3.0x16,87479
535,MSI GeForce RTX 2080 VENTUS 8G [PCIExp 8GB],https://kakaku.com/item/K0001117124/,NVIDIA GeForceRTX2080,2944,8.0,256.0,14.0,PCIExpress3.0x16,88913
536,ASUS DUAL-RTX2080-O8G-EVO [PCIExp 8GB],https://kakaku.com/item/K0001141305/,NVIDIA GeForceRTX2080,2944,8.0,256.0,14.0,PCIExpress3.0,92019
537,ASUS ROG MATRIX-GTX980-P-4GD5 [PCIExp 4GB],https://kakaku.com/item/K0000738666/,NVIDIA GeForceGTX980,2048,4.0,256.0,7.01,PCIExpress3.0x16,94000
538,MATROX Matrox M9140 LP PCIe x16/J (PCIExp 512MB),https://kakaku.com/item/05505016805/,MATROX,,0.512,,,PCIExp16X,94350
539,エーキューブ FirePro W5100 4GB GDDR5日本語版 FPW51-4GER [PCIExp 4GB],https://kakaku.com/item/K0000693193/,AMD FireProW5100,,4.0,,,PCIExpress3.0x16,96005
540,MATROX Matrox M9148 LP PCIe x16 (PCIExp 1GB),https://kakaku.com/item/K0000064749/,MATROX,,1.0,,,PCIExp16X,97512
541,ZOTAC ZOTAC GAMING GeForce RTX 2080 ZT-T20800G-10P [PCIExp 8GB],https://kakaku.com/item/K0001138276/,NVIDIA GeForceRTX2080,2944,8.0,256.0,14.0,PCIExpress3.0x16,98780
542,Inno3D GeForce RTX 2080 X2 OC N20802-08D6X [PCIExp 8GB],https://kakaku.com/item/K0001106668/,NVIDIA GeForceRTX2080,2944,8.0,256.0,14.0,PCIExpress3.0x16,98978
543,GIGABYTE GV-RXVEGA64GAMING OC-8GD [PCIExp 8GB],https://kakaku.com/item/K0001021381/,AMD RadeonRXVega64,4096,8.0,2048.0,0.945,PCIExpress3.0x16,102461
544,ASUS DUAL-RTX2080-A8G [PCIExp 8GB],https://kakaku.com/item/K0001100683/,NVIDIA GeForceRTX2080,2944,8.0,256.0,14.0,PCIExpress3.0,104720
545,AMD RADEON PRO WX 7100 [PCIExp 8GB],https://kakaku.com/item/K0000960483/,AMD RadeonProWX7100,2304,8.0,256.0,,PCIExpress3.0x16,109116
546,MATROX C420 LP PCIe x16/J C420/2GBPEX16/LP [PCIExp 2GB],https://kakaku.com/item/K0000722020/,AMD,,2.0,,,PCIExpress3.0x16,111996
547,MATROX C680/4G PCIe x16/J C680/4GBPEX16 [PCIExp 4GB],https://kakaku.com/item/K0001083595/,AMD,,4.0,,,PCIExpress3.0x16,117504
548,MATROX Matrox G450MMS/QPD/B (PCI 128MB),https://kakaku.com/item/05505011941/,MATROX G450,,0.128,,,PCI,121297
549,PNY NVIDIA Quadro K4000 VCQK4000-PB [PCIExp 3GB],https://kakaku.com/item/K0000605760/,NVIDIA QuadroK4000,768,3.0,192.0,,PCIExpress2.0x16,128010
550,PNY NVIDIA Quadro M4000 VCQM4000-PB [PCIExp 8GB],https://kakaku.com/item/K0000898718/,NVIDIA QuadroM4000,1664,8.0,256.0,,PCIExpress3.0x16,142991
551,Colorful iGame GeForce RTX 2080 Ti Vulcan X OC [PCIExp 11GB],https://kakaku.com/item/K0001142487/,NVIDIA GeForceRTX2080Ti,4352,11.0,352.0,14.0,PCIExpress3.0x16,159246
552,AMD RADEON PRO WX 8200 [PCIExp 8GB],https://kakaku.com/item/K0001081189/,AMD RadeonProWX8200,3584,8.0,2048.0,,PCIExpress3.0x16,178371
553,SAPPHIRE GEARBOX RTX2080TI Blower [11GB],https://kakaku.com/item/K0001148456/,NVIDIA GeForceRTX2080Ti,4352,11.0,,,Thunderbolt3,228790
554,エーキューブ AMD FirePro W8100 8GB GDDR5日本語版 FPW81-8GER [PCIExp 8GB],https://kakaku.com/item/K0000719637/,AMD FireProW8100,,8.0,512.0,,PCIExpress3.0x16,241780
555,ELSA NVIDIA TESLA C2075 [PCIExp 6GB],https://kakaku.com/item/K0000442673/,NVIDIA TeslaC2075,,6.0,,,PCIExpress2.0x16,263780
556,PNY NVIDIA Quadro K5200 VCQK5200-PB [PCIExp 8GB],https://kakaku.com/item/K0000703984/,NVIDIA QuadroK5200,2304,8.0,256.0,,PCIExpress3.0x16,293760
557,ELSA NVIDIA Tesla P4 50W ETSP4W-8GER [PCIExp 8GB],https://kakaku.com/item/K0000938219/,NVIDIA TeslaP4,2560,8.0,,,PCIExpress3.0x16,310640
558,AMD RADEON PRO WX 9100 RPWX91-16GER [PCIExp 16GB],https://kakaku.com/item/K0001057478/,AMD RadeonProWX9100,4096,16.0,2048.0,,PCIExpress3.0x16,329613
559,ELSA NVIDIA Quadro K6000 EQK6000-12GER [PCIExp 12GB],https://kakaku.com/item/K0000705877/,NVIDIA QuadroK6000,2880,12.0,,,PCIExpress3.0x16,623334
560,ELSA NVIDIA Tesla P100 12GB ETSP100-12GER [PCIExp 12GB],https://kakaku.com/item/K0001048510/,NVIDIA TeslaP100,3584,12.0,,,PCIExpress3.0x16,649165
561,ELSA NVIDIA Tesla P40 ETSP40-24GER [PCIExp 24GB],https://kakaku.com/item/K0001054398/,NVIDIA TeslaP40,3840,24.0,,,PCIExpress3.0x16,801075
562,ELSA NVIDIA Tesla P100 16GB ETSP100-16GER [PCIExp 16GB],https://kakaku.com/item/K0001048509/,NVIDIA TeslaP100,3584,16.0,,,PCIExpress3.0x16,814880
563,ELSA NVIDIA Quadro GP100 EQGP100-16GER [PCIExp 16GB],https://kakaku.com/item/K0000941943/,NVIDIA QuadroGP100,3584,16.0,4096.0,,PCIExpress3.0x16,851719
