0,WESTERN DIGITAL WD60EZAZ-RT [6TB SATA600 5400],https://kakaku.com/item/K0001133799/,6000.0,5400.0,256000.0,SerialATA600,10976
1,SEAGATE ST8000DM004 [8TB SATA600 5400],https://kakaku.com/item/K0001026180/,8000.0,5400.0,256000.0,SerialATA600,13936
2,WESTERN DIGITAL WD40EZRZ-RT2 [4TB SATA600 5400],https://kakaku.com/item/K0000927098/,4000.0,5400.0,64000.0,SerialATA600,8225
3,SEAGATE ST4000DM004 [4TB SATA600 5400],https://kakaku.com/item/K0000983050/,4000.0,5400.0,256000.0,SerialATA600,7531
4,WESTERN DIGITAL WD80EFAX [8TB SATA600 5400],https://kakaku.com/item/K0001058221/,8000.0,5400.0,256000.0,SerialATA600,23533
5,WESTERN DIGITAL WD20EZAZ-RT [2TB SATA600 5400],https://kakaku.com/item/K0001098284/,2000.0,5400.0,256000.0,SerialATA600,6356
6,東芝 DT01ACA100 [1TB SATA600 7200],https://kakaku.com/item/K0000391558/,1000.0,7200.0,32000.0,SerialATA600,4024
7,東芝 MD05ACA800 [8TB SATA600 7200],https://kakaku.com/item/K0000964013/,8000.0,7200.0,128000.0,SerialATA600,18753
8,東芝 DT01ACA200 [2TB SATA600 7200],https://kakaku.com/item/K0000406684/,2000.0,7200.0,64000.0,SerialATA600,5551
9,SEAGATE ST6000DM003 [6TB SATA600 5400],https://kakaku.com/item/K0001026181/,6000.0,5400.0,256000.0,SerialATA600,10957
10,WESTERN DIGITAL WD10EZEX [1TB SATA600 7200],https://kakaku.com/item/K0000385373/,1000.0,7200.0,64000.0,SerialATA600,4738
11,WESTERN DIGITAL WD20EFAX-RT [2TB SATA600 5400],https://kakaku.com/item/K0001150830/,2000.0,5400.0,256000.0,SerialATA600,8777
12,SEAGATE ST2000DM005 [2TB SATA600 5400],https://kakaku.com/item/K0001075415/,2000.0,5400.0,256000.0,SerialATA600,5702
13,WESTERN DIGITAL WD60EFAX-RT [6TB SATA600 5400],https://kakaku.com/item/K0001135667/,6000.0,5400.0,256000.0,SerialATA600,20980
14,WESTERN DIGITAL WD40EFRX-RT2 [4TB SATA600 5400],https://kakaku.com/item/K0000927099/,4000.0,5400.0,64000.0,SerialATA600,14518
15,WESTERN DIGITAL WD30EFRX [3TB SATA600 5400],https://kakaku.com/item/K0000401036/,3000.0,5400.0,64000.0,SerialATA600,10758
16,SEAGATE ST2000DM008 [2TB SATA600 7200],https://kakaku.com/item/K0001101158/,2000.0,7200.0,256000.0,SerialATA600,6497
17,東芝 MN07ACA12T [12TB SATA600 7200],https://kakaku.com/item/K0001087115/,12000.0,7200.0,,SerialATA600,37796
18,東芝 DT02ABA400 [4TB SATA600 5400],https://kakaku.com/item/K0001216680/,4000.0,5400.0,,SerialATA600,8228
19,WESTERN DIGITAL WD100EFAX [10TB SATA600 5400],https://kakaku.com/item/K0000972162/,10000.0,5400.0,256000.0,SerialATA600,35580
20,WESTERN DIGITAL WD30EZRZ-RT [3TB SATA600 5400],https://kakaku.com/item/K0000820181/,3000.0,5400.0,64000.0,SerialATA600,7347
21,東芝 DT01ACA050 [500GB SATA600 7200],https://kakaku.com/item/K0000391560/,500.0,7200.0,32000.0,SerialATA600,4037
22,WESTERN DIGITAL WD120EFAX [12TB SATA600 5400],https://kakaku.com/item/K0001163678/,12000.0,5400.0,256000.0,SerialATA600,44779
23,東芝 DT01ACA300 [3TB SATA600 7200],https://kakaku.com/item/K0000406683/,3000.0,7200.0,64000.0,SerialATA600,7141
24,SEAGATE ST4000VN008 [4TB SATA600 5900],https://kakaku.com/item/K0000896131/,4000.0,5900.0,64000.0,SerialATA600,12650
25,SEAGATE ST1000DM010 [1TB SATA600 7200],https://kakaku.com/item/K0000919026/,1000.0,7200.0,64000.0,SerialATA600,4375
26,東芝 MN05ACA800 [8TB SATA600 7200],https://kakaku.com/item/K0000942528/,8000.0,7200.0,,SerialATA600,21978
27,SEAGATE ST3000DM007 [3TB SATA600 5400],https://kakaku.com/item/K0001023197/,3000.0,5400.0,256000.0,SerialATA600,6835
28,WESTERN DIGITAL WD82PURZ [8TB SATA600 7200],https://kakaku.com/item/K0001160217/,8000.0,7200.0,256000.0,SerialATA600,24058
29,東芝 MG07ACA12TE [12TB SATA600 7200],https://kakaku.com/item/K0001193678/,12000.0,7200.0,,SerialATA600,37800
30,東芝 MN04ACA400 [4TB SATA600 7200],https://kakaku.com/item/K0000942530/,4000.0,7200.0,,SerialATA600,10980
31,WESTERN DIGITAL WD40PURZ [4TB SATA600 5400],https://kakaku.com/item/K0000966644/,4000.0,5400.0,64000.0,SerialATA600,11435
32,東芝 MN06ACA10T [10TB SATA600 7200],https://kakaku.com/item/K0001164815/,10000.0,7200.0,,SerialATA600,29975
33,WESTERN DIGITAL WD20PURZ [2TB SATA600 5400],https://kakaku.com/item/K0000966642/,2000.0,5400.0,64000.0,SerialATA600,7186
34,SEAGATE ST14000VN0008 [14TB SATA600 7200],https://kakaku.com/item/K0001090643/,14000.0,7200.0,256000.0,SerialATA600,49879
35,SEAGATE ST8000VN004 [8TB SATA600 7200],https://kakaku.com/item/K0001174592/,8000.0,7200.0,256000.0,SerialATA600,24728
36,東芝 MN07ACA14T [14TB SATA600 7200],https://kakaku.com/item/K0001087114/,14000.0,7200.0,,SerialATA600,47800
37,SEAGATE ST10000VN0004 [10TB SATA600 7200],https://kakaku.com/item/K0000896128/,10000.0,7200.0,256000.0,SerialATA600,33980
38,東芝 MD04ACA400 [4TB SATA600 7200],https://kakaku.com/item/K0000700770/,4000.0,7200.0,,SerialATA600,10950
39,東芝 MD04ACA600 [6TB SATA600 7200],https://kakaku.com/item/K0000831511/,6000.0,7200.0,,SerialATA600,15600
40,SEAGATE ST16000VN001 [16TB SATA600 7200],https://kakaku.com/item/K0001177767/,16000.0,7200.0,256000.0,SerialATA600,68200
41,WESTERN DIGITAL WD10EFRX [1TB SATA600 5400],https://kakaku.com/item/K0000401034/,1000.0,5400.0,64000.0,SerialATA600,7350
42,WESTERN DIGITAL WD10PURZ [1TB SATA600 5400],https://kakaku.com/item/K0000966641/,1000.0,5400.0,64000.0,SerialATA600,5777
43,WESTERN DIGITAL WD30EZRX [3TB SATA600],https://kakaku.com/item/K0000242118/,3000.0,,64000.0,SerialATA600,7950
44,東芝 MG05ACA800E [8TB SATA600 7200],https://kakaku.com/item/K0000957817/,8000.0,7200.0,,SerialATA600,22300
45,東芝 MD06ACA10T [10TB SATA600 7200],https://kakaku.com/item/K0001108231/,10000.0,7200.0,,SerialATA600,28688
46,WESTERN DIGITAL WD140EFFX [14TB SATA600 5400],https://kakaku.com/item/K0001215996/,14000.0,5400.0,512000.0,SerialATA600,62800
47,WESTERN DIGITAL WD4005FZBX [4TB SATA600 7200],https://kakaku.com/item/K0001035976/,4000.0,7200.0,256000.0,SerialATA600,19841
48,SEAGATE ST8000VN0022 [8TB SATA600 7200],https://kakaku.com/item/K0000896129/,8000.0,7200.0,256000.0,SerialATA600,26949
49,SEAGATE ST12000VN0008 [12TB SATA600 7200],https://kakaku.com/item/K0001167551/,12000.0,7200.0,256000.0,SerialATA600,39930
50,WESTERN DIGITAL WD2500AAKX [250GB SATA600 7200],https://kakaku.com/item/K0000315145/,250.0,7200.0,16000.0,,2176
51,WESTERN DIGITAL WD30PURZ [3TB SATA600 5400],https://kakaku.com/item/K0000966643/,3000.0,5400.0,64000.0,SerialATA600,8954
52,WESTERN DIGITAL WD6003FZBX [6TB SATA600 7200],https://kakaku.com/item/K0001035975/,6000.0,7200.0,256000.0,SerialATA600,26508
53,WESTERN DIGITAL WD60PURX [6TB SATA600],https://kakaku.com/item/K0000731991/,6000.0,,64000.0,SerialATA600,16015
54,WESTERN DIGITAL WD20EURX [2TB SATA600],https://kakaku.com/item/K0000649032/,2000.0,,64000.0,SerialATA600,9658
55,WESTERN DIGITAL WD60PURZ [6TB SATA600 5400],https://kakaku.com/item/K0000966645/,6000.0,5400.0,64000.0,SerialATA600,18977
56,SEAGATE ST500DM009 [500GB SATA600 7200],https://kakaku.com/item/K0000903571/,500.0,7200.0,32000.0,SerialATA600,4639
57,WESTERN DIGITAL WD1003FZEX [1TB SATA600 7200],https://kakaku.com/item/K0000596579/,1000.0,7200.0,64000.0,SerialATA600,7933
58,SEAGATE ST3000VN007 [3TB SATA600 5900],https://kakaku.com/item/K0000896132/,3000.0,5900.0,64000.0,SerialATA600,10098
59,WESTERN DIGITAL WD30EURX [3TB SATA600],https://kakaku.com/item/K0000684294/,3000.0,,64000.0,SerialATA600,10480
60,HGST HUS722T2TALA604 [2TB SATA600 7200],https://kakaku.com/item/K0001051522/,2000.0,7200.0,128000.0,SerialATA600,15239
61,SEAGATE ST6000VN0033 [6TB SATA600 7200],https://kakaku.com/item/K0001026182/,6000.0,7200.0,256000.0,SerialATA600,19269
62,WESTERN DIGITAL HUS726T6TALE6L4 [6TB SATA600 7200],https://kakaku.com/item/K0001114936/,6000.0,7200.0,256000.0,SerialATA600,28200
63,WESTERN DIGITAL WD10EZRZ-RT [1TB SATA600 5400],https://kakaku.com/item/K0000820662/,1000.0,5400.0,64000.0,SerialATA600,5929
64,WESTERN DIGITAL WD1005FBYZ [1TB SATA600 7200],https://kakaku.com/item/K0000952001/,1000.0,7200.0,128000.0,SerialATA600,9880
65,WESTERN DIGITAL WD5000AZRZ-RT [500GB SATA600 5400],https://kakaku.com/item/K0000820665/,500.0,5400.0,64000.0,SerialATA600,5250
66,HGST HUS722T1TALA604 [1TB SATA600 7200],https://kakaku.com/item/K0000935362/,1000.0,7200.0,128000.0,SerialATA600,10361
67,WESTERN DIGITAL WD2003FZEX [2TB SATA600 7200],https://kakaku.com/item/K0000596578/,2000.0,7200.0,64000.0,SerialATA600,14938
68,東芝 MN05ACA600 [6TB SATA600 7200],https://kakaku.com/item/K0000942529/,6000.0,7200.0,,SerialATA600,18975
69,SEAGATE ST16000NE000 [16TB SATA600 7200],https://kakaku.com/item/K0001179848/,16000.0,7200.0,256000.0,SerialATA600,71500
70,WESTERN DIGITAL WD3200AAJS (320G SATA300 7200),https://kakaku.com/item/05302515805/,320.0,7200.0,8000.0,SerialATA300,2800
71,WESTERN DIGITAL WD10EURX [1TB SATA600],https://kakaku.com/item/K0000684293/,1000.0,,64000.0,SerialATA600,5996
72,WESTERN DIGITAL WD4003FRYZ [4TB SATA600 7200],https://kakaku.com/item/K0001207347/,4000.0,7200.0,256000.0,SerialATA600,20889
73,SEAGATE ST500DM002 [500GB SATA600 7200],https://kakaku.com/item/K0000280722/,500.0,7200.0,16000.0,,2967
74,SEAGATE ST1000NM0008 [1TB SATA600 7200],https://kakaku.com/item/K0001035507/,1000.0,7200.0,128000.0,SerialATA600,9628
75,SEAGATE ST10000NM0086 [10TB SATA600 7200],https://kakaku.com/item/K0001051525/,10000.0,7200.0,256000.0,SerialATA600,38068
76,HGST HUH721212ALE600 [12TB SATA600 7200],https://kakaku.com/item/K0000996123/,12000.0,7200.0,256000.0,SerialATA600,54000
77,WESTERN DIGITAL WD141KRYZ [14TB SATA600 7200],https://kakaku.com/item/K0001207349/,14000.0,7200.0,512000.0,SerialATA600,62578
78,WESTERN DIGITAL WD6400AAKS (640G SATA300 7200),https://kakaku.com/item/05302515863/,640.0,7200.0,16000.0,SerialATA300,3264
79,SEAGATE ST1000VN002 [1TB SATA600 5900],https://kakaku.com/item/K0000896134/,1000.0,5900.0,64000.0,SerialATA600,6952
80,SEAGATE ST10000VN0008 [10TB SATA600 7200],https://kakaku.com/item/K0001167552/,10000.0,7200.0,256000.0,SerialATA600,34800
81,WESTERN DIGITAL WD101KFBX [10TB SATA600 7200],https://kakaku.com/item/K0000972161/,10000.0,7200.0,256000.0,SerialATA600,49700
82,WESTERN DIGITAL WD5000AZLX [500GB SATA600 7200],https://kakaku.com/item/K0000449787/,500.0,7200.0,32000.0,SerialATA600,4839
83,SEAGATE ST3160215ACE [160GB U100 7200],https://kakaku.com/item/K0000364318/,160.0,7200.0,2000.0,UltraATA100,5044
84,SEAGATE ST2000VN004 [2TB SATA600 5900],https://kakaku.com/item/K0000896133/,2000.0,5900.0,64000.0,SerialATA600,8930
85,東芝 DT01ACA300BOX [3TB SATA 7200],https://kakaku.com/item/K0000438645/,3000.0,7200.0,64000.0,,12158
86,バッファロー OP-HD1.0T/LS [1TB SATA],https://kakaku.com/item/K0000337069/,1000.0,,,,14186
87,WESTERN DIGITAL WD40EURX [4TB SATA600],https://kakaku.com/item/K0000729171/,4000.0,,64000.0,SerialATA600,16276
88,WESTERN DIGITAL WD101PURZ [10TB SATA600 7200],https://kakaku.com/item/K0001078043/,10000.0,7200.0,256000.0,SerialATA600,34579
89,WESTERN DIGITAL WD8004FRYZ [8TB SATA600 7200],https://kakaku.com/item/K0001207348/,8000.0,7200.0,256000.0,SerialATA600,38055
90,SEAGATE ST500NM0011 [500GB SATA600 7200],https://kakaku.com/item/K0000247478/,500.0,7200.0,64000.0,,3066
91,SEAGATE ST380215ACE [80GB U100 7200],https://kakaku.com/item/K0000364320/,80.0,7200.0,2000.0,UltraATA100,3432
92,WESTERN DIGITAL WD5000AAKS (500G SATA300 7200),https://kakaku.com/item/05302515791/,500.0,7200.0,16000.0,SerialATA300,3857
93,WESTERN DIGITAL WD5000AAKX [500GB SATA600 7200],https://kakaku.com/item/K0000164534/,500.0,7200.0,16000.0,,4277
94,WESTERN DIGITAL WD20EFRX [2TB SATA600 5400],https://kakaku.com/item/K0000401035/,2000.0,5400.0,64000.0,SerialATA600,9900
95,WESTERN DIGITAL WD2005FBYZ [2TB SATA600 7200],https://kakaku.com/item/K0000922235/,2000.0,7200.0,128000.0,SerialATA600,13750
96,SEAGATE ST4000NE001 [4TB SATA600 7200],https://kakaku.com/item/K0001192619/,4000.0,7200.0,128000.0,SerialATA600,19980
97,WESTERN DIGITAL HUS726T4TALA6L4 [4TB SATA600 7200],https://kakaku.com/item/K0001114935/,4000.0,7200.0,256000.0,SerialATA600,21349
98,SEAGATE ST4000NM0035 [4TB SATA600 7200],https://kakaku.com/item/K0001051523/,4000.0,7200.0,128000.0,SerialATA600,23100
99,WESTERN DIGITAL WD60EFRX [6TB SATA600 5400],https://kakaku.com/item/K0000678035/,6000.0,5400.0,64000.0,SerialATA600,27518
100,WESTERN DIGITAL WD6003FFBX [6TB SATA600 7200],https://kakaku.com/item/K0001044791/,6000.0,7200.0,256000.0,SerialATA600,29200
101,WESTERN DIGITAL WD6003FRYZ [6TB SATA600 7200],https://kakaku.com/item/K0001207346/,6000.0,7200.0,256000.0,SerialATA600,29778
102,WESTERN DIGITAL WD121KRYZ [12TB SATA600 7200],https://kakaku.com/item/K0000999796/,12000.0,7200.0,256000.0,SerialATA600,55480
103,WESTERN DIGITAL WD3200AAKS (320G SATA300 7200),https://kakaku.com/item/05302515806/,320.0,7200.0,16000.0,SerialATA300,3758
104,WESTERN DIGITAL WD20EARX [2TB SATA600],https://kakaku.com/item/K0000256713/,2000.0,,64000.0,SerialATA600,6725
105,WESTERN DIGITAL WD05PURZ [500GB SATA600 5400],https://kakaku.com/item/K0000966640/,500.0,5400.0,64000.0,SerialATA600,7193
106,SEAGATE ST31000528AS (1TB SATA300 7200),https://kakaku.com/item/K0000014807/,1000.0,7200.0,32000.0,SerialATA300,7714
107,東芝 DT01ABA200V [2TB SATA600 5700],https://kakaku.com/item/K0000406695/,2000.0,5700.0,32000.0,SerialATA600,8900
108,SEAGATE ST2000NM0008 [2TB SATA600 7200],https://kakaku.com/item/K0001035506/,2000.0,7200.0,128000.0,SerialATA600,13420
109,ロジテック LHD-D3000SAK2 [3TB SATA600 7200],https://kakaku.com/item/K0000832692/,3000.0,7200.0,,SerialATA600,13470
110,ロジテック 【直販モデル】 LHD-DA30SAKWR [3TB SATA600],https://kakaku.com/item/K0000408272/,3000.0,,64000.0,SerialATA600,13860
111,SEAGATE ST2000DX002 [2TB SATA600 7200],https://kakaku.com/item/K0000913438/,2000.0,7200.0,64000.0,SerialATA600,14280
112,SEAGATE ST6000DM004 [6TB SATA600 7200],https://kakaku.com/item/K0000930242/,6000.0,7200.0,256000.0,SerialATA600,22880
113,WESTERN DIGITAL HUS726T4TALE6L4 [4TB SATA600 7200],https://kakaku.com/item/K0001114937/,4000.0,7200.0,256000.0,SerialATA600,23100
114,SEAGATE ST8000NE001 [8TB SATA600 7200],https://kakaku.com/item/K0001192617/,8000.0,7200.0,256000.0,SerialATA600,32978
115,SEAGATE ST8000NM0055 [8TB SATA600 7200],https://kakaku.com/item/K0000880170/,8000.0,7200.0,256000.0,SerialATA600,34800
116,WESTERN DIGITAL HUS728T8TALE6L4 [8TB SATA600 7200],https://kakaku.com/item/K0001114938/,8000.0,7200.0,256000.0,SerialATA600,38045
117,WESTERN DIGITAL WD8003FFBX [8TB SATA600 7200],https://kakaku.com/item/K0001058220/,8000.0,7200.0,256000.0,SerialATA600,40499
118,SEAGATE ST12000VN0007 [12TB SATA600 7200],https://kakaku.com/item/K0001004783/,12000.0,7200.0,256000.0,SerialATA600,42719
119,WESTERN DIGITAL WD121KFBX [12TB SATA600 7200],https://kakaku.com/item/K0001163679/,12000.0,7200.0,256000.0,SerialATA600,63574
120,SEAGATE ST14000DM001 [14TB SATA600 7200],https://kakaku.com/item/K0001101159/,14000.0,7200.0,256000.0,SerialATA600,68800
121,SEAGATE ST3250312AS [250GB SATA600 7200],https://kakaku.com/item/K0000228650/,250.0,7200.0,8000.0,,2769
122,SEAGATE ST3500418AS (500GB SATA300 7200),https://kakaku.com/item/K0000014805/,500.0,7200.0,16000.0,SerialATA300,4154
123,ロジテック 【直販モデル】 LHD-WD10EZRZ [1TB],https://kakaku.com/item/K0000976364/,1000.0,,,,5580
124,ロジテック 【直販モデル】 LHD-WD20EZRZ [2TB],https://kakaku.com/item/K0000976369/,2000.0,,,,6980
125,WESTERN DIGITAL WD5003AZEX [500GB SATA600 7200],https://kakaku.com/item/K0000411658/,500.0,7200.0,64000.0,SerialATA600,7952
126,HGST HDS722020ALA330 (2TB SATA300 7200),https://kakaku.com/item/K0000051713/,2000.0,7200.0,32000.0,SerialATA300,8505
127,HGST HUS724020ALA640 [2TB SATA600 7200],https://kakaku.com/item/K0000506548/,2000.0,7200.0,64000.0,SerialATA600,9008
128,東芝 DT01ABA300V [3TB SATA600 5940],https://kakaku.com/item/K0000406694/,3000.0,5940.0,32000.0,SerialATA600,9980
129,SEAGATE ST3000DM008 [3TB SATA600 7200],https://kakaku.com/item/K0000902238/,3000.0,7200.0,64000.0,SerialATA600,11180
130,SEAGATE ST2000VM003 [2TB SATA600 5900],https://kakaku.com/item/K0000665228/,2000.0,5900.0,64000.0,SerialATA600,11280
131,SEAGATE ST2000NE0025 [2TB SATA600 7200],https://kakaku.com/item/K0000951728/,2000.0,7200.0,128000.0,SerialATA600,13033
132,WESTERN DIGITAL WD2002FFSX [2TB SATA600 7200],https://kakaku.com/item/K0000921987/,2000.0,7200.0,64000.0,SerialATA600,14419
133,ロジテック 【直販モデル】 LHD-DA40SAKWR [4TB SATA600 7200],https://kakaku.com/item/K0000724970/,4000.0,7200.0,64000.0,SerialATA600,17930
134,WESTERN DIGITAL WD4003FFBX [4TB SATA600 7200],https://kakaku.com/item/K0001046063/,4000.0,7200.0,256000.0,SerialATA600,22880
135,SEAGATE ST6000NM0115 [6TB SATA600 7200],https://kakaku.com/item/K0001051524/,6000.0,7200.0,256000.0,SerialATA600,33456
136,HGST HUH721008ALE600 [8TB SATA600 7200],https://kakaku.com/item/K0000835197/,8000.0,7200.0,256000.0,SerialATA600,41200
137,SEAGATE ST10000DM0004 [10TB SATA600 7200],https://kakaku.com/item/K0000909153/,10000.0,7200.0,256000.0,SerialATA600,45244
138,WESTERN DIGITAL WD10EZRX [1TB SATA600],https://kakaku.com/item/K0000331815/,1000.0,,64000.0,SerialATA600,4747
139,WESTERN DIGITAL WD10EARX [1TB SATA600],https://kakaku.com/item/K0000260543/,1000.0,,64000.0,,5242
140,SEAGATE ST1000VX005 [1TB SATA600],https://kakaku.com/item/K0000930247/,1000.0,,64000.0,SerialATA600,5657
141,東芝 DT01ACA050BOX [500GB SATA 7200],https://kakaku.com/item/K0000438642/,500.0,7200.0,32000.0,,6232
142,東芝 DT01ABA100V [1TB SATA600 5700],https://kakaku.com/item/K0000406697/,1000.0,5700.0,32000.0,SerialATA600,6480
143,東芝 DT01ACA100BOX [1TB SATA 7200],https://kakaku.com/item/K0000438643/,1000.0,7200.0,32000.0,,7280
144,WESTERN DIGITAL WD1001FALS (1TB SATA300 7200),https://kakaku.com/item/05302515903/,1000.0,7200.0,32000.0,SerialATA300,7417
145,東芝 DT01ABA100VBOX [1TB SATA600 5700],https://kakaku.com/item/K0000835861/,1000.0,5700.0,,SerialATA600,7470
146,SEAGATE ST2000VX008 [2TB SATA600],https://kakaku.com/item/K0000930248/,2000.0,,64000.0,SerialATA600,7881
147,ロジテック 【直販モデル】 LHD-WD30EZRZ [3TB],https://kakaku.com/item/K0000976373/,3000.0,,,,8280
148,バッファロー HD-ID1.0TS [1TB SATA],https://kakaku.com/item/K0000319185/,1000.0,,,,8308
149,IODATA HDI-S120A7P [120GB SATA 7200],https://kakaku.com/item/K0000351899/,120.0,7200.0,,,8580
150,SEAGATE ST2000DL003 [2TB SATA600 5900],https://kakaku.com/item/K0000183490/,2000.0,5900.0,64000.0,,9494
151,ロジテック 【直販モデル】 LHD-WD20EURX [2TB],https://kakaku.com/item/K0000976368/,2000.0,,,,9680
152,WESTERN DIGITAL WD20EZRX [2TB SATA600],https://kakaku.com/item/K0000404033/,2000.0,,64000.0,SerialATA600,9692
153,SEAGATE ST31000524AS [1TB SATA600 7200],https://kakaku.com/item/K0000228646/,1000.0,7200.0,32000.0,,10081
154,WESTERN DIGITAL WD2503ABYZ [250GB SATA600 7200],https://kakaku.com/item/K0000651713/,250.0,7200.0,64000.0,SerialATA600,10181
155,ロジテック 【直販モデル】 LHD-WD30EFRX [3TB],https://kakaku.com/item/K0000976371/,3000.0,,,,11580
156,東芝 DT01ABA300VBOX [3TB SATA600 5940],https://kakaku.com/item/K0000835859/,3000.0,5940.0,,SerialATA600,12030
157,SEAGATE ST4000VX007 [4TB SATA600],https://kakaku.com/item/K0000930250/,4000.0,,64000.0,SerialATA600,13940
158,バッファロー HD-ID2.0TS [2TB SATA],https://kakaku.com/item/K0000319184/,2000.0,,,,14121
159,ロジテック 【直販モデル】 LHD-WD40EFRX [4TB],https://kakaku.com/item/K0000976375/,4000.0,,,,15580
160,WESTERN DIGITAL WD40EFRX [4TB SATA600 5400],https://kakaku.com/item/K0000573468/,4000.0,5400.0,64000.0,SerialATA600,18655
161,WESTERN DIGITAL WD4002FYYZ [4TB SATA600 7200],https://kakaku.com/item/K0000872594/,4000.0,7200.0,128000.0,SerialATA600,21600
162,SEAGATE ST6000VN0041 [6TB SATA600 7200],https://kakaku.com/item/K0000896130/,6000.0,7200.0,128000.0,SerialATA600,25270
163,バッファロー OP-HD4.0H [4TB SATA],https://kakaku.com/item/K0000580639/,4000.0,,,,29368
164,SEAGATE ST8000VX0022 [8TB SATA600],https://kakaku.com/item/K0000930252/,8000.0,,256000.0,SerialATA600,32520
165,SEAGATE ST8000DM0004 [8TB SATA600 7200],https://kakaku.com/item/K0000980074/,8000.0,7200.0,256000.0,SerialATA600,32780
166,SEAGATE ST10000VX0004 [10TB SATA600 7200],https://kakaku.com/item/K0000930253/,10000.0,7200.0,256000.0,SerialATA600,33498
167,SEAGATE ST8000NE0004 [8TB SATA600 7200],https://kakaku.com/item/K0000980073/,8000.0,7200.0,256000.0,SerialATA600,34429
168,ロジテック 【直販モデル】 LHD-WD80EFAX [8TB],https://kakaku.com/item/K0001115059/,8000.0,,,,41030
169,HGST HUH721010ALE600 [10TB SATA600 7200],https://kakaku.com/item/K0000835196/,10000.0,7200.0,256000.0,SerialATA600,48900
170,SEAGATE ST14000NE0008 [14TB SATA600 7200],https://kakaku.com/item/K0001090644/,14000.0,7200.0,256000.0,SerialATA600,53292
171,ロジテック 【直販モデル】 LHD-DA80SAKWR [8TB SATA600 5400],https://kakaku.com/item/K0000876887/,8000.0,5400.0,64000.0,SerialATA600,55440
172,WESTERN DIGITAL HUH721212ALE604 [12TB SATA600 7200],https://kakaku.com/item/K0001127994/,12000.0,7200.0,256000.0,SerialATA600,59675
173,WESTERN DIGITAL WUH721414ALE6L4 [14TB SATA600 7200],https://kakaku.com/item/K0001127995/,14000.0,7200.0,512000.0,SerialATA600,66578
174,SEAGATE ST250DM000 [250GB SATA600 7200],https://kakaku.com/item/K0000280721/,250.0,7200.0,,,2571
175,SEAGATE ST1000NM0011 [1TB SATA600 7200],https://kakaku.com/item/K0000276899/,1000.0,7200.0,64000.0,,4648
176,SEAGATE ST1000DM003 [1TB SATA600 7200],https://kakaku.com/item/K0000313504/,1000.0,7200.0,64000.0,,4846
177,SEAGATE ST1500DL003 [1.5TB SATA600 5900],https://kakaku.com/item/K0000185739/,1500.0,5900.0,64000.0,,5736
178,東芝 DT01ABA050VBOX [500GB SATA600 5700],https://kakaku.com/item/K0000835862/,500.0,5700.0,,SerialATA600,6503
179,ロジテック 【直販モデル】 LHD-DA10SAKWGP [1TB SATA300],https://kakaku.com/item/K0000343347/,1000.0,5400.0,64000.0,SerialATA300,6600
180,WESTERN DIGITAL WD5002AALX [500GB SATA600 7200],https://kakaku.com/item/K0000221784/,500.0,7200.0,32000.0,,6658
181,WESTERN DIGITAL WD15EARS (1.5TB SATA300),https://kakaku.com/item/K0000077882/,1500.0,,64000.0,SerialATA300,6963
182,ロジテック 【直販モデル】 LHD-WD10EFRX [1TB],https://kakaku.com/item/K0000976365/,1000.0,,,,7650
183,ロジテック 【直販モデル】 LHD-DA20SAKWGP [2TB SATA300],https://kakaku.com/item/K0000343349/,2000.0,5400.0,64000.0,SerialATA300,8030
184,SEAGATE ST2000DL001 [2TB SATA600 5900],https://kakaku.com/item/K0000234698/,2000.0,5900.0,64000.0,,8703
185,東芝 DT01ACA200BOX [2TB SATA 7200],https://kakaku.com/item/K0000438644/,2000.0,7200.0,64000.0,,8860
186,東芝 MK2002TSKB [2TB SATA300 7200],https://kakaku.com/item/K0000184544/,2000.0,7200.0,64000.0,SerialATA300,9200
187,ロジテック 【直販モデル】 LHD-WD20EFRX [2TB],https://kakaku.com/item/K0000976367/,2000.0,,,,9630
188,東芝 DT01ABA200VBOX [2TB SATA600 5700],https://kakaku.com/item/K0000835860/,2000.0,5700.0,,SerialATA600,9695
189,ロジテック 【直販モデル】 LHD-WD40EZRZ [4TB],https://kakaku.com/item/K0000976376/,4000.0,,,,9980
190,ロジテック LHD-D500SAK2 [500GB SATA600 7200],https://kakaku.com/item/K0000832689/,500.0,7200.0,,SerialATA600,10744
191,ロジテック LHD-D1000SAK2 [1TB SATA600 7200],https://kakaku.com/item/K0000832690/,1000.0,7200.0,,SerialATA600,11266
192,WESTERN DIGITAL WD10EALS (1TB SATA300 7200),https://kakaku.com/item/K0000093683/,1000.0,7200.0,32000.0,SerialATA300,11268
193,SEAGATE ST3000VX010 [3TB SATA600],https://kakaku.com/item/K0000930249/,3000.0,,64000.0,SerialATA600,11378
194,HP QK554AA [500GB SATA600 7200],https://kakaku.com/item/K0000392828/,500.0,7200.0,,SerialATA600,11677
195,ロジテック 【直販モデル】 LHD-DA20SAKWR [2TB SATA600],https://kakaku.com/item/K0000408271/,2000.0,,64000.0,SerialATA600,11880
196,ロジテック 【直販モデル】 LHD-DA40SAKWGP [4TB SATA600 5400],https://kakaku.com/item/K0000724971/,4000.0,5400.0,64000.0,SerialATA600,11880
197,バッファロー OP-HD500/LS [500GB SATA],https://kakaku.com/item/K0000337070/,500.0,,,,12358
198,ロジテック LHD-D2000SAK2 [2TB SATA600 7200],https://kakaku.com/item/K0000832691/,2000.0,7200.0,,SerialATA600,12414
199,SEAGATE ST1000NM0055 [1TB SATA600 7200],https://kakaku.com/item/K0000935363/,1000.0,7200.0,128000.0,SerialATA600,12480
200,WESTERN DIGITAL WD40EZRX [4TB SATA600],https://kakaku.com/item/K0000577600/,4000.0,,64000.0,SerialATA600,12500
201,ロジテック 【直販モデル】 LHD-WD30EURX [3TB],https://kakaku.com/item/K0000976372/,3000.0,,,,12650
202,IODATA HDI-S1.0A7B [1TB SATA600 7200],https://kakaku.com/item/K0001011160/,1000.0,7200.0,,SerialATA600,13057
203,SEAGATE ST33000651AS [3TB SATA600 7200],https://kakaku.com/item/K0000242120/,3000.0,7200.0,64000.0,,14245
204,WESTERN DIGITAL WD40EZRZ-RT [4TB SATA600 5400],https://kakaku.com/item/K0000820663/,4000.0,5400.0,64000.0,SerialATA600,16141
205,SEAGATE ST2000NM0055 [2TB SATA600 7200],https://kakaku.com/item/K0000925300/,2000.0,7200.0,128000.0,SerialATA600,16980
206,東芝 MG04ACA200E [2TB SATA600 7200],https://kakaku.com/item/K0000623445/,2000.0,7200.0,,SerialATA600,17127
207,IODATA HDI-S2.0A7B [2TB SATA600 7200],https://kakaku.com/item/K0001011161/,2000.0,7200.0,,SerialATA600,18208
208,WESTERN DIGITAL WD2004FBYZ [2TB SATA600 7200],https://kakaku.com/item/K0000876594/,2000.0,7200.0,128000.0,SerialATA600,18329
209,東芝 MD04ACA400BOX [4TB SATA600 7200],https://kakaku.com/item/K0000690437/,4000.0,7200.0,,SerialATA600,19773
210,ロジテック 【直販モデル】 LHD-DA20SAKWRP [2TB SATA600 7200],https://kakaku.com/item/K0000724201/,2000.0,7200.0,64000.0,SerialATA600,21340
211,SEAGATE ST6000VX0023 [6TB SATA600],https://kakaku.com/item/K0000930251/,6000.0,,256000.0,SerialATA600,22320
212,SEAGATE ST6000VX001 [6TB SATA600],https://kakaku.com/item/K0001117558/,6000.0,,256000.0,SerialATA600,22831
213,バッファロー OP-HD2.0T/LS [2TB SATA],https://kakaku.com/item/K0000337067/,2000.0,,,,23273
214,SEAGATE ST3000NM0005 [3TB SATA600 7200],https://kakaku.com/item/K0000956538/,3000.0,7200.0,128000.0,SerialATA600,23759
215,バッファロー OP-HD1.5T/LS [1.5TB SATA],https://kakaku.com/item/K0000337068/,1500.0,,,,24369
216,SEAGATE ST4000NE0025 [4TB SATA600 7200],https://kakaku.com/item/K0000951727/,4000.0,7200.0,128000.0,SerialATA600,24980
217,バッファロー OP-HD3.0T/LS [3TB SATA],https://kakaku.com/item/K0000337066/,3000.0,,,,28260
218,ロジテック 【直販モデル】 LHD-WD60EFRX [6TB],https://kakaku.com/item/K0000976380/,6000.0,,,,29700
219,ロジテック 【直販モデル】 LHD-WD60EZRZ [6TB],https://kakaku.com/item/K0000976381/,6000.0,,,,30360
220,Lenovo 7XB7A00049 [1TB SATA600 7200],https://kakaku.com/item/K0001197007/,1000.0,7200.0,,SerialATA600,30960
221,SEAGATE ST6000NE000 [6TB SATA600 7200],https://kakaku.com/item/K0001192618/,6000.0,7200.0,256000.0,SerialATA600,30979
222,東芝 MD05ACA600 [6TB SATA600 7200],https://kakaku.com/item/K0000978807/,6000.0,7200.0,,SerialATA600,31361
223,SEAGATE ST6000NE0023 [6TB SATA600 7200],https://kakaku.com/item/K0001032562/,6000.0,7200.0,256000.0,SerialATA600,31549
224,ロジテック 【直販モデル】 LHD-DA60SAKWR [6TB SATA600 7200],https://kakaku.com/item/K0000724967/,6000.0,7200.0,64000.0,SerialATA600,31790
225,WESTERN DIGITAL WD6002FZWX [6TB SATA600 7200],https://kakaku.com/item/K0000940285/,6000.0,7200.0,128000.0,SerialATA600,32565
226,ロジテック 【直販モデル】 LHD-DA40SAKWRP [4TB SATA600 7200],https://kakaku.com/item/K0000724203/,4000.0,7200.0,64000.0,SerialATA600,33440
227,ロジテック 【直販モデル】 LHD-DA60SAKWGP [6TB SATA600 5400],https://kakaku.com/item/K0000724969/,6000.0,5400.0,64000.0,SerialATA600,33440
228,東芝 MG04ACA300E [3TB SATA600 7200],https://kakaku.com/item/K0000623441/,3000.0,7200.0,,SerialATA600,36259
229,SEAGATE ST6000NE0021 [6TB SATA600 7200],https://kakaku.com/item/K0000930244/,6000.0,7200.0,256000.0,SerialATA600,36710
230,ロジテック 【直販モデル】 LHD-WD80EFZX [8TB],https://kakaku.com/item/K0000976383/,8000.0,,,,41030
231,SEAGATE ST10000NE0004 [10TB SATA600 7200],https://kakaku.com/item/K0000930246/,10000.0,7200.0,256000.0,SerialATA600,44470
232,東芝 MG04ACA400E [4TB SATA600 7200],https://kakaku.com/item/K0000623437/,4000.0,7200.0,,SerialATA600,46170
233,バッファロー OP-HD2.0ZH [2TB SATA],https://kakaku.com/item/K0000580644/,2000.0,,,,48664
234,東芝 MG04ACA400A [4TB SATA600 7200],https://kakaku.com/item/K0000623438/,4000.0,7200.0,,SerialATA600,48920
235,SEAGATE ST8000NE0021 [8TB SATA600 7200],https://kakaku.com/item/K0000930245/,8000.0,7200.0,256000.0,SerialATA600,48920
236,HGST HUH721010ALE604 [10TB SATA600 7200],https://kakaku.com/item/K0000835204/,10000.0,7200.0,256000.0,SerialATA600,49000
237,バッファロー OP-HD2.0H [2TB SATA],https://kakaku.com/item/K0000580641/,2000.0,,,,49434
238,SEAGATE ST12000NE0007 [12TB SATA600 7200],https://kakaku.com/item/K0001004784/,12000.0,7200.0,256000.0,SerialATA600,49499
239,WESTERN DIGITAL WD121PURZ [12TB SATA600 7200],https://kakaku.com/item/K0001080062/,12000.0,7200.0,256000.0,SerialATA600,50599
240,SEAGATE ST10000NM0016 [10TB SATA600 7200],https://kakaku.com/item/K0000870039/,10000.0,7200.0,256000.0,SerialATA600,50738
241,SEAGATE ST12000NE0008 [12TB SATA600 7200],https://kakaku.com/item/K0001192616/,12000.0,7200.0,256000.0,SerialATA600,56780
242,バッファロー OP-HD3.0H [3TB SATA],https://kakaku.com/item/K0000580640/,3000.0,,,,56848
243,バッファロー OP-HD3.0ZH [3TB SATA],https://kakaku.com/item/K0000580643/,3000.0,,,,56848
244,HGST HUS726060ALA640 [6TB SATA600 7200],https://kakaku.com/item/K0000591565/,6000.0,7200.0,64000.0,SerialATA600,59160
245,SEAGATE ST12000NM0007 [12TB SATA600 7200],https://kakaku.com/item/K0001009304/,12000.0,7200.0,256000.0,SerialATA600,59645
246,ロジテック 【直販モデル】 LHD-WD100EFAX [10TB],https://kakaku.com/item/K0001115060/,10000.0,,,,59950
247,ロジテック 【直販モデル】 LHD-WD6002FRYZ [6TB],https://kakaku.com/item/K0000976379/,6000.0,,,,63030
248,バッファロー OP-HD4.0ZH [4TB SATA],https://kakaku.com/item/K0000580642/,4000.0,,,,64263
249,東芝 MG04ACA500E [5TB SATA600 7200],https://kakaku.com/item/K0000623433/,5000.0,7200.0,,SerialATA600,64605
250,SEAGATE ST10000NE0008 [10TB SATA600 7200],https://kakaku.com/item/K0001167553/,10000.0,7200.0,256000.0,SerialATA600,68020
251,バッファロー OP-HD4.0S [4TB SATA],https://kakaku.com/item/K0000393405/,4000.0,,,,68382
252,東芝 MG04ACA600E [6TB SATA600 7200],https://kakaku.com/item/K0000876596/,6000.0,7200.0,,SerialATA600,76725
253,ロジテック 【直販モデル】 LHD-WD8002FRYZ [8TB],https://kakaku.com/item/K0000976382/,8000.0,,,,79310
254,HP 628061-B21 [3TB SATA600 7200],https://kakaku.com/item/K0000392821/,3000.0,7200.0,,SerialATA600,90488
255,東芝 MQ04ABD200 [2TB 9.5mm],https://kakaku.com/item/K0001058986/,2000.0,5400.0,,SerialATA600,6849
256,東芝 MQ04ABF100 [1TB 7mm],https://kakaku.com/item/K0001042209/,1000.0,5400.0,,SerialATA600,4236
257,WESTERN DIGITAL WD10SPZX [1TB 7mm],https://kakaku.com/item/K0000983114/,1000.0,5400.0,128000.0,SerialATA600,5280
258,東芝 MQ01ABD100 [1TB 9.5mm],https://kakaku.com/item/K0000276595/,1000.0,5400.0,8000.0,SerialATA300,4675
259,WESTERN DIGITAL WD20SPZX [2TB 7mm],https://kakaku.com/item/K0001035209/,2000.0,5400.0,128000.0,SerialATA600,9793
260,SEAGATE ST2000LX001 [2TB 7mm],https://kakaku.com/item/K0000930260/,2000.0,5400.0,128000.0,SerialATA600,9349
261,東芝 MQ01ABF050 [500GB 7mm],https://kakaku.com/item/K0000485931/,500.0,5400.0,,SerialATA600,3865
262,SEAGATE ST2000LM007 [2TB 7mm],https://kakaku.com/item/K0000874961/,2000.0,5400.0,128000.0,SerialATA600,7394
263,HGST HTS721010A9E630 [1TB 9.5mm],https://kakaku.com/item/K0000488134/,1000.0,7200.0,,SerialATA600,5500
264,SEAGATE ST320LT012 [320GB 7mm],https://kakaku.com/item/K0000393712/,320.0,5400.0,16000.0,SerialATA300,1978
265,WESTERN DIGITAL WD10JFCX [1TB 9.5mm],https://kakaku.com/item/K0000577163/,1000.0,,16000.0,SerialATA600,8299
266,SEAGATE ST5000LM000 [5TB 15mm],https://kakaku.com/item/K0000930257/,5000.0,5400.0,128000.0,SerialATA600,15567
267,SEAGATE ST1000LM048 [1TB 7mm],https://kakaku.com/item/K0000920811/,1000.0,5400.0,128000.0,SerialATA600,4818
268,WESTERN DIGITAL WD40NPZZ [4TB 15mm],https://kakaku.com/item/K0000976782/,4000.0,5400.0,8000.0,SerialATA600,14980
269,東芝 MQ01ABD050 [500GB 9.5mm],https://kakaku.com/item/K0000276597/,500.0,5400.0,8000.0,,3300
270,東芝 MQ01ABD100M [1TB 9.5mm],https://kakaku.com/item/K0000914396/,1000.0,5400.0,8000.0,SerialATA600,4665
271,SEAGATE ST4000LM024 [4TB 15mm],https://kakaku.com/item/K0000930256/,4000.0,5400.0,128000.0,SerialATA600,13480
272,東芝 MK5076GSX [500GB 9.5mm],https://kakaku.com/item/K0000255903/,500.0,5400.0,8000.0,SerialATA300,3758
273,東芝 MQ01ABD032V [320GB 9.5mm],https://kakaku.com/item/K0001137673/,320.0,5400.0,,SerialATA300,2990
274,WESTERN DIGITAL WD5000MPCK [500GB 5mm],https://kakaku.com/item/K0000624750/,500.0,5400.0,16000.0,SerialATA600,3200
275,HGST HTS541680J9AT00 (80G 9.5mm),https://kakaku.com/item/05360410350/,80.0,5400.0,8000.0,UltraATA100,4579
276,SEAGATE ST500LM030 [500GB 7mm],https://kakaku.com/item/K0000930254/,500.0,5400.0,128000.0,SerialATA600,4650
277,SEAGATE ST1000LM049 [1TB 7mm],https://kakaku.com/item/K0001055642/,1000.0,7200.0,128000.0,SerialATA600,6780
278,HGST HTS545050A7E680 [500GB 7mm],https://kakaku.com/item/K0000694059/,500.0,5400.0,8000.0,SerialATA600,3461
279,WESTERN DIGITAL WD5000LPCX [500GB 7mm],https://kakaku.com/item/K0000862479/,500.0,5400.0,16000.0,SerialATA600,4354
280,SEAGATE ST1000LX015 [1TB 7mm],https://kakaku.com/item/K0000930259/,1000.0,5400.0,128000.0,SerialATA600,7280
281,WESTERN DIGITAL WD5000LPVX [500GB 7mm],https://kakaku.com/item/K0000512071/,500.0,5400.0,8000.0,SerialATA600,3461
282,HGST HCC545050A7E380 [500GB 7mm],https://kakaku.com/item/K0001177112/,500.0,5400.0,8000.0,SerialATA300,3980
283,HGST HTS545050B7E660 [500GB 7mm],https://kakaku.com/item/K0000960171/,500.0,5400.0,16000.0,SerialATA600,4383
284,SEAGATE ST500LX025 [500GB 7mm],https://kakaku.com/item/K0000930258/,500.0,5400.0,128000.0,SerialATA600,6039
285,HGST HTS543225A7A384 [250GB 7mm],https://kakaku.com/item/K0000116655/,250.0,5400.0,8000.0,SerialATA300,2275
286,東芝 MK2576GSX [250GB 9.5mm],https://kakaku.com/item/K0000255901/,250.0,5400.0,8000.0,SerialATA300,2900
287,SEAGATE ST500LT012 [500GB 7mm],https://kakaku.com/item/K0000393708/,500.0,5400.0,16000.0,SerialATA300,3461
288,SEAGATE ST500LM034 [500GB 7mm],https://kakaku.com/item/K0001055643/,500.0,7200.0,128000.0,SerialATA600,5787
289,WESTERN DIGITAL WD5000LPLX [500GB 7mm],https://kakaku.com/item/K0000755023/,500.0,7200.0,32000.0,SerialATA600,6784
290,HGST 0S03509 [1TB 9.5mm],https://kakaku.com/item/K0000353592/,1000.0,,,,7166
291,SEAGATE ST2000LM015 [2TB 7mm],https://kakaku.com/item/K0000920810/,2000.0,5400.0,128000.0,SerialATA600,8930
292,SEAGATE ST250LT003 [250GB 7mm],https://kakaku.com/item/K0000393713/,250.0,5400.0,16000.0,SerialATA300,2176
293,WESTERN DIGITAL WD2500BPVT [250GB 9.5mm],https://kakaku.com/item/K0000274644/,250.0,5400.0,8000.0,SerialATA300,2769
294,HGST HTS545032B9A300 (320GB 9.5mm),https://kakaku.com/item/K0000002611/,320.0,5400.0,8000.0,SerialATA300,3182
295,WESTERN DIGITAL WD3200BEVT (320G 9.5mm),https://kakaku.com/item/05366010527/,320.0,5400.0,8000.0,,3560
296,HGST HTS547575A9E384 [750GB 9.5mm],https://kakaku.com/item/K0000156530/,750.0,5400.0,8000.0,SerialATA300,3956
297,東芝 MK3276GSX [320GB 9.5mm],https://kakaku.com/item/K0000255902/,320.0,5400.0,8000.0,SerialATA300,4100
298,東芝 MQ01ABF032 [320GB 7mm],https://kakaku.com/item/K0000566460/,320.0,5400.0,,SerialATA600,4979
299,WESTERN DIGITAL WD3200LPCX [320GB 7mm],https://kakaku.com/item/K0000862480/,320.0,5400.0,16000.0,SerialATA600,5390
300,SEAGATE ST9500325AS (500GB 9.5mm),https://kakaku.com/item/K0000012478/,500.0,5400.0,8000.0,SerialATA,5538
301,WESTERN DIGITAL WD30NPZZ [3TB 15mm],https://kakaku.com/item/K0000976781/,3000.0,5400.0,8000.0,SerialATA600,15580
302,SEAGATE ST250LT007 [250GB 7mm],https://kakaku.com/item/K0000393719/,250.0,7200.0,16000.0,SerialATA300,3022
303,HGST HTS543232A7A384 [320GB 7mm],https://kakaku.com/item/K0000116654/,320.0,5400.0,8000.0,SerialATA300,3165
304,HGST HTS545032A7E680 [320GB 7mm],https://kakaku.com/item/K0000752332/,320.0,5400.0,8000.0,SerialATA600,3165
305,HGST HTS725032A7E630 [320GB 7mm],https://kakaku.com/item/K0000535122/,320.0,7200.0,32000.0,SerialATA600,3165
306,WESTERN DIGITAL WD3200BPVT [320GB 9.5mm],https://kakaku.com/item/K0000274643/,320.0,5400.0,8000.0,SerialATA300,3165
307,東芝 MQ01ACF032 [320GB 7mm],https://kakaku.com/item/K0000565343/,320.0,7278.0,,SerialATA600,3264
308,ロジテック LHD-N500SAK2 [500GB 7mm],https://kakaku.com/item/K0000832685/,500.0,5400.0,,SerialATA600,4095
309,SEAGATE ST9640320AS (640GB 9.5mm),https://kakaku.com/item/K0000092027/,640.0,5400.0,8000.0,SerialATA300,4154
310,IODATA HDN-S250A5 [250GB 9.5mm],https://kakaku.com/item/K0000319603/,250.0,5400.0,,SerialATA300,5270
311,東芝 MK6476GSX [640GB 9.5mm],https://kakaku.com/item/K0000489511/,640.0,5400.0,8000.0,SerialATA300,5866
312,東芝 MQ01ABD100BOX [1TB 9.5mm],https://kakaku.com/item/K0000438685/,1000.0,5400.0,8000.0,SerialATA,7728
313,東芝 MQ03ABB200 [2TB 15mm],https://kakaku.com/item/K0000942825/,2000.0,5400.0,,SerialATA600,8639
314,HGST HTS541612J9AT00 (120G 9.5mm),https://kakaku.com/item/05360410349/,120.0,5400.0,8000.0,UltraATA100,11206
315,IODATA HDN-S1.0A5 [1TB 9.5mm],https://kakaku.com/item/K0000319605/,1000.0,5400.0,,SerialATA300,13158
316,SEAGATE ST1000NX0423 [1TB 15mm],https://kakaku.com/item/K0001118499/,1000.0,7200.0,128000.0,SerialATA600,23282
317,WESTERN DIGITAL WD3200LPVX [320GB 7mm],https://kakaku.com/item/K0000519162/,320.0,5400.0,8000.0,SerialATA600,2472
318,HGST HTS545032A7E380 [320GB 7mm],https://kakaku.com/item/K0000220782/,320.0,5400.0,8000.0,SerialATA300,3101
319,サムスン HN-M500MBB [500GB 9.5mm],https://kakaku.com/item/K0000271357/,500.0,,,,3349
320,東芝 MK3275GSX [320GB 9.5mm],https://kakaku.com/item/K0000370501/,320.0,5400.0,8000.0,SerialATA300,3392
321,東芝 MK4058GSX (400GB 9.5mm),https://kakaku.com/item/05361010630/,400.0,5400.0,8000.0,SerialATA300,3392
322,HGST HTS543232L9A300 (320GB 9.5mm),https://kakaku.com/item/05360410543/,320.0,5400.0,8000.0,SerialATA300,3758
323,東芝 MQ01ACF050 [500GB 7mm],https://kakaku.com/item/K0000565342/,500.0,7278.0,,SerialATA600,3956
324,SEAGATE ST640LM001 [640GB 9.5mm],https://kakaku.com/item/K0000407007/,640.0,5400.0,8000.0,SerialATA300,4154
325,東芝 MQ01ABD032 [320GB 9.5mm],https://kakaku.com/item/K0000276598/,320.0,5400.0,8000.0,,4279
326,HGST HTS727564A9E364 [640GB 9.5mm],https://kakaku.com/item/K0000156534/,640.0,7200.0,16000.0,SerialATA,4665
327,SEAGATE ST1000LM035 [1TB 7mm],https://kakaku.com/item/K0000874962/,1000.0,5400.0,128000.0,SerialATA600,5680
328,東芝 MQ01ABF032BOX [320GB 7mm],https://kakaku.com/item/K0000565813/,320.0,5400.0,8000.0,SerialATA600,6013
329,HGST HTS541616J9AT00 (160G 9.5mm),https://kakaku.com/item/05360410348/,160.0,5400.0,8000.0,UltraATA100,6100
330,東芝 MQ01ABF050BOX [500GB 7mm],https://kakaku.com/item/K0000565812/,500.0,5400.0,8000.0,SerialATA600,6480
331,東芝 MQ01ABD032BOX [320GB 9.5mm],https://kakaku.com/item/K0000438682/,320.0,5400.0,8000.0,SerialATA,6740
332,WESTERN DIGITAL WD2500BEVE (250GB 9.5mm),https://kakaku.com/item/05366010558/,250.0,5400.0,8000.0,UltraATA100,6950
333,WESTERN DIGITAL WD7500BPVX [750GB 9.5mm],https://kakaku.com/item/K0000537028/,750.0,5400.0,8000.0,SerialATA600,7024
334,WESTERN DIGITAL WD3200LPLX [320GB 7mm],https://kakaku.com/item/K0000879804/,320.0,7200.0,32000.0,SerialATA600,7080
335,東芝 MQ02ABF100 [1TB 7mm],https://kakaku.com/item/K0000588945/,1000.0,5400.0,,SerialATA600,7124
336,WESTERN DIGITAL WD2500LPLX [250GB 7mm],https://kakaku.com/item/K0000879805/,250.0,7200.0,32000.0,SerialATA600,7280
337,IODATA HDN-S500A5 [500GB 9.5mm],https://kakaku.com/item/K0000319604/,500.0,5400.0,,SerialATA300,8070
338,ロジテック 【直販モデル】 LHD-WD10JFCX [1TB],https://kakaku.com/item/K0000976318/,1000.0,,,SerialATA600,9460
339,東芝 MQ01ABC150 [1.5TB 12.5mm],https://kakaku.com/item/K0000486947/,1500.0,5400.0,8000.0,,9936
340,バッファロー HD-IN1.0TS [1TB 9.5mm],https://kakaku.com/item/K0000368858/,1000.0,,,SerialATA,11968
341,ロジテック 【直販モデル】 LHD-NA10SAKWR [1TB 9.5mm],https://kakaku.com/item/K0000855068/,1000.0,5400.0,8000.0,SerialATA600,12210
342,ロジテック LHD-N1000SAK2 [1TB 9.5mm],https://kakaku.com/item/K0000832686/,1000.0,5400.0,,SerialATA600,12377
343,WESTERN DIGITAL WD10SPCX [1TB 7mm],https://kakaku.com/item/K0000563073/,1000.0,5400.0,16000.0,SerialATA600,13046
344,SEAGATE ST1000LX001 [1TB 9.5mm],https://kakaku.com/item/K0000858846/,1000.0,5400.0,64000.0,SerialATA600,14980
345,ロジテック 【直販モデル】 LHD-NA20SAKWGP [2TB 15mm],https://kakaku.com/item/K0000855067/,2000.0,5400.0,8000.0,SerialATA600,15180
346,Lenovo 4XB0R48453 [1TB 7mm],https://kakaku.com/item/K0001117929/,1000.0,7200.0,,SerialATA600,15903
347,バッファロー HD-IN500S [500GB 9.5mm],https://kakaku.com/item/K0000319182/,500.0,,,SerialATA,16450
348,ロジテック LHD-NA120SAK (120G 9.5mm),https://kakaku.com/item/05361610324/,120.0,5400.0,,SerialATA150,16800
349,SEAGATE ST2000NX0403 [2TB 15mm],https://kakaku.com/item/K0001118498/,2000.0,7200.0,128000.0,SerialATA600,26653
350,SEAGATE ST2000NX0253 [2TB 15mm],https://kakaku.com/item/K0000913633/,2000.0,7200.0,128000.0,SerialATA600,40736
351,SEAGATE ST3600057SS (600GB 15000 SAS2.0),https://kakaku.com/item/K0000093193/,600.0,15000.0,16000.0,SAS2.0,13980
352,東芝 MK1401GRRB [147GB 15000 SAS2.0],https://kakaku.com/item/K0000297457/,147.0,15000.0,,SAS2.0,5800
353,東芝 MBF2300RC (300GB 10025 SAS2.0),https://kakaku.com/item/K0000091295/,300.0,10025.0,16000.0,SAS2.0,8896
354,富士通 MBB2073RC (73.5GB 10025 SAS),https://kakaku.com/item/K0000052533/,73.5,10025.0,16000.0,SAS,1480
355,富士通 MBD2147RC (147GB 10025 SAS),https://kakaku.com/item/K0000003206/,147.0,10025.0,16000.0,SAS,8650
356,東芝 MK1001TRKB [1TB 7200 SAS2.0],https://kakaku.com/item/K0000184547/,1000.0,7200.0,16000.0,SAS2.0,9400
357,WESTERN DIGITAL WD1001FYYG [1TB 7200 SAS2.0],https://kakaku.com/item/K0000835854/,1000.0,7200.0,32000.0,SAS2.0,19799
358,東芝 MG04SCA40EA [4TB 7200 SAS3.0],https://kakaku.com/item/K0001114329/,4000.0,7200.0,,SAS3.0,23980
359,SEAGATE ST3000NM0025 [3TB 7200 SAS3.0],https://kakaku.com/item/K0001018695/,3000.0,7200.0,128000.0,SAS3.0,24397
360,SEAGATE ST1000NX0453 [1TB 7200 SAS3.0],https://kakaku.com/item/K0001118497/,1000.0,7200.0,128000.0,SAS3.0,24745
361,WESTERN DIGITAL HUS726T4TAL5204 [4TB 7200 SAS3.0],https://kakaku.com/item/K0001127992/,4000.0,7200.0,,SAS3.0,27499
362,WESTERN DIGITAL HUS726T6TAL5204 [6TB 7200 SAS3.0],https://kakaku.com/item/K0001127993/,6000.0,7200.0,,SAS3.0,37128
363,SEAGATE ST8000NM0075 [8TB 7200 SAS3.0],https://kakaku.com/item/K0000880250/,8000.0,7200.0,256000.0,SAS3.0,37839
364,HP 652564-B21 [300GB 10000 SAS2.0],https://kakaku.com/item/K0000392972/,300.0,10000.0,,SAS2.0,40597
365,HP 507614-B21 [1TB 7200 SAS2.0],https://kakaku.com/item/K0000392965/,1000.0,7200.0,,SAS2.0,41131
366,SEAGATE ST10000NM0096 [10TB 7200 SAS3.0],https://kakaku.com/item/K0001159934/,10000.0,7200.0,256000.0,SAS3.0,43779
367,HP 507610-B21 [500GB 7200 SAS2.0],https://kakaku.com/item/K0000392963/,500.0,7200.0,,SAS2.0,51847
368,HGST HUH721008AL5200 [8TB 7200 SAS3.0],https://kakaku.com/item/K0000835219/,8000.0,7200.0,256000.0,SAS3.0,52799
369,SEAGATE ST2000NX0433 [2TB 7200 SAS3.0],https://kakaku.com/item/K0001118496/,2000.0,7200.0,128000.0,SAS3.0,56780
370,HGST HUH721010AL5200 [10TB 7200 SAS3.0],https://kakaku.com/item/K0000835218/,10000.0,7200.0,256000.0,SAS3.0,58629
371,HP 605835-B21 [1TB 7200 SAS2.0],https://kakaku.com/item/K0000392962/,1000.0,7200.0,,SAS2.0,60876
372,HP 507616-B21 [2TB 7200 SAS2.0],https://kakaku.com/item/K0000392964/,2000.0,7200.0,,SAS2.0,62465
373,SEAGATE ST12000NM0027 [12TB 7200 SAS3.0],https://kakaku.com/item/K0001159935/,12000.0,7200.0,256000.0,SAS3.0,65779
374,HGST HUH721212AL5200 [12TB 7200 SAS3.0],https://kakaku.com/item/K0001032507/,12000.0,7200.0,256000.0,SAS3.0,68969
375,HP 652583-B21 [600GB 10000 SAS2.0],https://kakaku.com/item/K0000392970/,600.0,10000.0,,SAS2.0,72621
376,HP 581284-B21 [450GB 10000 SAS2.0],https://kakaku.com/item/K0000392949/,450.0,10000.0,,SAS2.0,78381
377,HP 652611-B21 [300GB 15000 SAS2.0],https://kakaku.com/item/K0000392966/,300.0,15000.0,,SAS2.0,83287
378,HP 627117-B21 [300GB 15000 SAS2.0],https://kakaku.com/item/K0000392944/,300.0,15000.0,,SAS2.0,83919
379,HP 581286-B21 [600GB 10000 SAS2.0],https://kakaku.com/item/K0000392948/,600.0,10000.0,,SAS2.0,94101
380,HP 619291-B21 [900GB 10000 SAS2.0],https://kakaku.com/item/K0000392947/,900.0,10000.0,,SAS2.0,104329
381,IBM 49Y2003 [600GB 1000 SAS2.0],https://kakaku.com/item/K0000353773/,600.0,10000.0,,SAS2.0,109109
382,HP 652589-B21 [900GB 10000 SAS2.0],https://kakaku.com/item/K0000392969/,900.0,10000.0,,SAS2.0,111656
