,name,url,capacity,read_speed,write_speed,std_size,interface,type,thikness,PRICE
0,IBM 43W7714,https://kakaku.com/item/K0000353597/,50.0,80.0,50.0,2.5インチ,SerialATA,SLC,9.5mm,156720
1,グリーンハウス GH-SSDP2A128,https://kakaku.com/item/K0000597252/,128.0,80.0,60.0,2.5インチ,IDE,MLC,7.2mm,14448
2,SUPER TALENT DuraDrive ZT4 FEU032MD1X,https://kakaku.com/item/K0000857252/,32.0,110.0,45.0,1.8インチ,ZIF,MLC,5mm,4730
3,SUPER TALENT DuraDrive ZT4 FEU064MD1X,https://kakaku.com/item/K0000857253/,64.0,110.0,72.0,1.8インチ,ZIF,MLC,5mm,7150
4,SUPER TALENT FE8032MD2D,https://kakaku.com/item/K0000685152/,32.0,110.0,95.0,2.5インチ,IDE,MLC,9.5mm,5940
5,SUPER TALENT DuraDrive ZT4 FEU128MD1X,https://kakaku.com/item/K0000857254/,128.0,112.0,90.0,1.8インチ,ZIF,MLC,5mm,8800
6,トランセンド TS64GPSD330,https://kakaku.com/item/K0000505985/,64.0,115.0,64.0,2.5インチ,IDE,MLC,7.4mm,10593
7,トランセンド TS32GPSD330,https://kakaku.com/item/K0000505984/,32.0,119.0,36.0,2.5インチ,IDE,MLC,7.4mm,6393
8,トランセンド TS128GPSD330,https://kakaku.com/item/K0000505986/,128.0,119.0,93.0,2.5インチ,IDE,MLC,7.4mm,40770
9,IBM 43W7726,https://kakaku.com/item/K0000353599/,50.0,140.0,18.0,1.8インチ,SerialATA,0,0,140032
10,IBM 43W7746,https://kakaku.com/item/K0000353600/,200.0,150.0,35.0,1.8インチ,SerialATA,0,0,472883
11,トランセンド SSD370 TS32GSSD370S,https://kakaku.com/item/K0000773283/,32.0,230.0,40.0,2.5インチ,SerialATA6Gb/s,MLC,6.8mm,2819
12,インテル X25-M Mainstream SATA SSD SSDSA2MH080G1,https://kakaku.com/item/05371910212/,80.0,250.0,70.0,2.5インチ,SerialATA,MLC,0,41638
13,IODATA HDUS-TBSSS1.0,https://kakaku.com/item/K0000606302/,1000.0,264.77,240.7,0,0,0,0,107800
14,SUPER TALENT DuraDrive AT7 FTM064MU2P,https://kakaku.com/item/K0000968787/,64.0,270.0,95.0,2.5インチ,SerialATA6Gb/s,3DMLC,6.8mm,5350
15,ユニスター SEKITOBA TM110A-S25-M128G34,https://kakaku.com/item/K0000148980/,128.0,270.0,200.0,2.5インチ,SerialATA,MLC,9.5mm,293500
16,エレコム ESD-E0512U3F,https://kakaku.com/item/K0000893872/,512.0,270.0,250.0,0,USB,0,0,22400
17,IODATA HDUS-TBSB1.0,https://kakaku.com/item/K0000770028/,1000.0,279.44,251.03,0,0,0,0,59800
18,エレコム ESD-ED0120GBK [ブラック],https://kakaku.com/item/K0001078811/,120.0,300.0,50.0,0,USB,TLC,0,2943
19,エレコム ESD-ED0240GBK [ブラック],https://kakaku.com/item/K0001078814/,240.0,300.0,200.0,0,USB,TLC,0,4737
20,バッファロー SSD-PL120U3-BK,https://kakaku.com/item/K0000961672/,120.0,340.0,200.0,0,USB,0,0,4796
21,IODATA SSPH-UT960K/E,https://kakaku.com/item/K0001151259/,960.0,340.0,300.0,0,USB,0,0,13093
22,バッファロー SSD-PL120U3-BK/N [ブラック],https://kakaku.com/item/K0000986770/,120.0,340.0,320.0,0,USB,0,0,3380
23,エレコム ESD-EA0120GRD [レッド],https://kakaku.com/item/K0000909920/,120.0,350.0,60.0,0,USB,TLC,0,5907
24,IODATA SSPH-UT480K/E,https://kakaku.com/item/K0001151258/,480.0,350.0,300.0,0,USB,0,0,6880
25,エレコム ESD-JEC0120GBK [ブラック],https://kakaku.com/item/K0001082288/,120.0,350.0,350.0,0,USB,TLC,0,3780
26,バッファロー SSD-PZN240U3-BK,https://kakaku.com/item/K0000834471/,240.0,360.0,360.0,0,USB,0,0,18864
27,HP P500 7PD51AA#UUF [シルバー],https://kakaku.com/item/K0001204293/,250.0,370.0,200.0,0,USB,3DNAND,0,6784
28,Silicon Power SP120GBTSDT11013 [シルバー],https://kakaku.com/item/K0000602831/,120.0,380.0,340.0,0,0,0,0,10428
29,トランセンド SSD340 TS64GSSD340K,https://kakaku.com/item/K0000859230/,64.0,400.0,90.0,2.5インチ,SerialATA6Gb/s,MLC,6.8mm,4461
30,HI-DISC HDEXSSD120GPM10TD,https://kakaku.com/item/K0001055857/,120.0,400.0,300.0,0,USB,0,0,2849
31,エレコム ESD-EJ0250GWH [ホワイト],https://kakaku.com/item/K0001214595/,250.0,400.0,320.0,0,USB,0,0,5594
32,HI-DISC HDEXSSD240GPM10TD,https://kakaku.com/item/K0001055858/,240.0,400.0,380.0,0,USB,0,0,4179
33,KingFast F6 PRO 2710DCS23-120,https://kakaku.com/item/K0001004406/,120.0,400.0,390.0,2.5インチ,SerialATA6Gb/s,TLCNAND,7mm,3276
34,Silicon Power Bolt B10 SP256GBPSDB10SBK [ブラック],https://kakaku.com/item/K0001031117/,256.0,400.0,400.0,0,USB,0,0,5900
35,トランセンド TS256GESD400K,https://kakaku.com/item/K0000672294/,256.0,410.0,380.0,0,USB,MLC,0,9750
36,エレコム ESD-EC0120GWH [ホワイト],https://kakaku.com/item/K0001038561/,120.0,410.0,400.0,0,USB,TLC,0,3480
37,SANDISK エクストリーム 500 SDSSDEXT-240G-G25,https://kakaku.com/item/K0000859656/,240.0,415.0,340.0,0,USB,0,0,7770
38,SANDISK エクストリーム500 SDSSDEXT-250G-J25,https://kakaku.com/item/K0000945501/,250.0,415.0,365.0,0,USB,0,0,9900
39,バッファロー SSD-PM120U3A-B [ブラック],https://kakaku.com/item/K0000959497/,120.0,421.6,370.0,0,USB,0,0,2979
40,HGST G-DRIVE ev RaW SSD 500GB JP 0G04758,https://kakaku.com/item/K0001018811/,500.0,425.0,425.0,2.5インチ,USB,0,0,18480
41,エレコム ESD-EF0250GSV [シルバー],https://kakaku.com/item/K0001188704/,250.0,430.0,400.0,0,USB,0,0,7678
42,エレコム ESD-EF0500GBK [ブラック],https://kakaku.com/item/K0001188705/,500.0,430.0,410.0,0,USB,0,0,11765
43,エレコム ESD-EF1000GNV [ネイビー],https://kakaku.com/item/K0001188709/,1000.0,430.0,420.0,0,USB,0,0,21640
44,エレコム LimitEx series ESD-EB0480GBK [ブラック],https://kakaku.com/item/K0000955319/,480.0,430.0,430.0,0,USB,TLC,0,16296
45,HI-DISC HDEXSSD960GPM20TD,https://kakaku.com/item/K0001055859/,960.0,431.0,373.0,0,USB,0,0,11399
46,Silicon Power Bolt B75 SP128GBPSDB75SCS [シルバー],https://kakaku.com/item/K0001166500/,128.0,440.0,430.0,0,USB,0,0,3280
47,トランセンド SSD370 TS64GSSD370S,https://kakaku.com/item/K0000773284/,64.0,450.0,80.0,2.5インチ,SerialATA6Gb/s,MLC,6.8mm,3980
48,レキサーメディア Professional Workflow DD256 LRWDD256CRBJP,https://kakaku.com/item/K0000847760/,256.0,450.0,245.0,0,USB,0,0,12980
49,インテル DC S3520 SSDSC2BB960G701,https://kakaku.com/item/K0000964789/,960.0,450.0,380.0,2.5インチ,SerialATA6Gb/s,MLC,7mm,17099
50,IODATA GigaCrysta E.A.G.L SSPX-GC256G,https://kakaku.com/item/K0001204456/,256.0,450.0,440.0,0,USB,0,0,8646
51,サムスン T1 MU-PS250B/IT,https://kakaku.com/item/K0000736865/,250.0,450.0,450.0,0,USB,3DV-NAND,9.2mm,11880
52,Corsair Force Series LE200 CSSD-F120GBLE200B,https://kakaku.com/item/K0001060405/,120.0,470.0,450.0,2.5インチ,SerialATA6Gb/s,TLCNAND,7mm,7150
53,Corsair Force Series LE200 CSSD-F240GBLE200B,https://kakaku.com/item/K0001060406/,240.0,490.0,460.0,2.5インチ,SerialATA6Gb/s,TLCNAND,7mm,6854
54,インテル DC S3510 Series SSDSC2BB240G601,https://kakaku.com/item/K0000842393/,240.0,500.0,260.0,2.5インチ,SerialATA6Gb/s,MLC,7mm,29480
55,SUPER TALENT SATA Mini 2 PCIe DX1 FMT032JCRM,https://kakaku.com/item/K0000857256/,32.0,500.0,280.0,0,SerialATA6Gb/s,MLC,3.5mm,5820
56,KINGMAX KM120GSMV32,https://kakaku.com/item/K0001043869/,120.0,500.0,300.0,2.5インチ,SerialATA6Gb/s,TLC,7mm,1995
57,キングストン A400 SSD SA400S37/120G,https://kakaku.com/item/K0000956839/,120.0,500.0,320.0,2.5インチ,SerialATA6Gb/s,TLC,7mm,2450
58,キングストン A400 SSD SA400S37/240G,https://kakaku.com/item/K0000956840/,240.0,500.0,350.0,2.5インチ,SerialATA6Gb/s,TLC,7mm,3540
59,グリーンハウス GH-SSDR2SA120,https://kakaku.com/item/K0001083589/,120.0,500.0,400.0,2.5インチ,SerialATA6Gb/s,TLC,7mm,1949
60,KINGMAX KM240GSMV32,https://kakaku.com/item/K0001043870/,240.0,500.0,410.0,2.5インチ,SerialATA6Gb/s,TLC,7mm,3344
61,エレコム ESD-IB0240G,https://kakaku.com/item/K0001121678/,240.0,500.0,430.0,2.5インチ,SerialATA6Gb/s,TLC,7mm,8244
62,トランセンド MTS800S TS32GMTS800S,https://kakaku.com/item/K0001104682/,32.0,500.0,450.0,M.2(Type2280),SerialATA6Gb/s,MLCNAND,3.58mm,3035
63,インテル DC S4500 SSDSC2KB038T701,https://kakaku.com/item/K0000993269/,3800.0,500.0,470.0,2.5インチ,SerialATA6Gb/s,3DNANDTLC,7mm,61749
64,トランセンド SSD220 TS240GSSD220S,https://kakaku.com/item/K0000871391/,240.0,500.0,480.0,2.5インチ,SerialATA6Gb/s,3DNANDTLC,6.8mm,3980
65,インテル DC S4500 SSDSC2KB960G701,https://kakaku.com/item/K0000993271/,960.0,500.0,490.0,2.5インチ,SerialATA6Gb/s,3DNANDTLC,7mm,66534
66,HGST Atomos Master Caddy 4K 256GB Black WW 0G05219,https://kakaku.com/item/K0000992131/,256.0,500.0,500.0,0,0,0,0,19000
67,addlink S20 ad120GBS20S3S,https://kakaku.com/item/K0001217878/,120.0,510.0,400.0,2.5インチ,SerialATA6Gb/s,3DTLCNAND,7mm,2480
68,グリーンハウス GH-SSD32E120,https://kakaku.com/item/K0000827664/,120.0,520.0,200.0,2.5インチ,SerialATA6Gb/s,MLC,7mm,10280
69,ADATA Ultimate SU650 ASU650SS-120GT-R,https://kakaku.com/item/K0001090766/,120.0,520.0,320.0,2.5インチ,SerialATA6Gb/s,3DNAND,7mm,2090
70,グリーンハウス GH-SSD32E240,https://kakaku.com/item/K0000827665/,240.0,520.0,400.0,2.5インチ,SerialATA6Gb/s,MLC,7mm,17280
71,トランセンド SSD220 TS120GSSD220S,https://kakaku.com/item/K0000883279/,120.0,520.0,450.0,2.5インチ,SerialATA6Gb/s,3DNANDTLC,6.8mm,2780
72,トランセンド TS120GESD240C [シルバー],https://kakaku.com/item/K0001160385/,120.0,520.0,460.0,0,USB,3DNAND,0,4980
73,ESSENCORE KLEVV NEO N510+ K240GSSDS3-N51,https://kakaku.com/item/K0001185420/,240.0,520.0,500.0,2.5インチ,SerialATA6Gb/s,3DTLCNAND,7mm,3200
74,AGI AGI320G06AI138,https://kakaku.com/item/K0001051706/,320.0,522.0,487.0,2.5インチ,SerialATA6Gb/s,3DNAND,7mm,8143
75,Palit Microsystems UVS-SSD480 (480GB 7mm TLC) ドスパラWeb限定モデル,https://kakaku.com/item/K0000965138/,480.0,525.0,465.0,2.5インチ,SerialATA6Gb/s,TLC,7mm,5680
76,OCZ AGT3-25SAT3-120G,https://kakaku.com/item/K0000251016/,120.0,525.0,500.0,2.5インチ,SerialATA6Gb/s,MLC,9.3mm,5863
77,SANDISK SSD PLUS SDSSDA-120G-G27,https://kakaku.com/item/K0001041037/,120.0,530.0,310.0,2.5インチ,SerialATA6Gb/s,0,7mm,2506
78,旭東エレクトロニクス SUNEAST SE800-120GB,https://kakaku.com/item/K0001062589/,120.0,530.0,400.0,2.5インチ,SerialATA6Gb/s,3DTLCNAND,7mm,2015
79,GoldKey FH91STA324M1MTC14A1,https://kakaku.com/item/K0000957513/,240.0,530.0,420.0,2.5インチ,SerialATA6Gb/s,TLC,7mm,9878
80,SANDISK SSD PLUS SDSSDA-240G-G26,https://kakaku.com/item/K0000974660/,240.0,530.0,440.0,2.5インチ,SerialATA6Gb/s,0,7mm,3514
81,Colorful SL300 160G,https://kakaku.com/item/K0001031004/,160.0,530.0,450.0,2.5インチ,SerialATA6Gb/s,3DTLCNAND,7mm,2805
82,ADATA SC680 ASC680-240GU32G2-CBL [ブルー],https://kakaku.com/item/K0001193828/,240.0,530.0,460.0,0,USB,3DNAND,0,5267
83,KingFast F6 PRO 2710DCS23-240,https://kakaku.com/item/K0001093079/,240.0,530.0,470.0,2.5インチ,SerialATA6Gb/s,TLCNAND,7mm,5780
84,SANDISK X600 SD9SB8W-128G-1122,https://kakaku.com/item/K0001028337/,128.0,530.0,490.0,2.5インチ,SerialATA6Gb/s,3DTLCNAND(nCache2.0：SLC/TLC),7mm,3575
85,旭東エレクトロニクス SUNEAST SE800-480GB,https://kakaku.com/item/K0001062592/,480.0,530.0,500.0,2.5インチ,SerialATA6Gb/s,3DTLCNAND,7mm,5375
86,crucial MX300 CT525MX300SSD4/JP,https://kakaku.com/item/K0000955622/,525.0,530.0,510.0,M.2(Type2280),SerialATA6Gb/s,3DTLC,3.58mm,18473
87,AGI AGI640G06AI138,https://kakaku.com/item/K0001051708/,640.0,533.0,476.0,2.5インチ,SerialATA6Gb/s,3DNAND,7mm,7570
88,SANDISK SSD PLUS SDSSDA-480G-G26,https://kakaku.com/item/K0000974661/,480.0,535.0,445.0,2.5インチ,SerialATA6Gb/s,0,7mm,6041
89,SANDISK SSD PLUS SDSSDA-1T00-J26,https://kakaku.com/item/K0001144883/,1000.0,535.0,450.0,2.5インチ,SerialATA6Gb/s,0,7mm,11000
90,PLEXTOR M6V PX-512M6V,https://kakaku.com/item/K0000794917/,512.0,535.0,455.0,2.5インチ,SerialATA6Gb/s,0,6.8mm,20405
91,AGI AGI480G17AI178,https://kakaku.com/item/K0001051707/,480.0,538.0,491.0,2.5インチ,SerialATA6Gb/s,3DNAND,7mm,9020
92,SUPER TALENT DuraDrive AT7 FTM128MU2P,https://kakaku.com/item/K0000968788/,128.0,540.0,190.0,2.5インチ,SerialATA6Gb/s,3DMLC,6.8mm,7700
93,インテル 535 Series SSDSC2BW360H601,https://kakaku.com/item/K0000776337/,360.0,540.0,490.0,2.5インチ,SerialATA6Gb/s,MLC,7mm,10980
94,crucial BX500 CT120BX500SSD1,https://kakaku.com/item/K0001086727/,120.0,540.0,500.0,2.5インチ,SerialATA6Gb/s,3DNAND,7mm,2310
95,サムスン MZ-7TE250B/IT,https://kakaku.com/item/K0000546768/,250.0,540.0,520.0,2.5インチ,SerialATA6Gb/s,3bitMLC,6.8mm,6217
96,キングストン SSDNow mS200 Drive SMS200S3/240G,https://kakaku.com/item/K0000657974/,240.0,540.0,530.0,mSATA,SerialATA6Gb/s,0,0,19405
97,サムスン T5 MU-PA250B/IT [ブルー],https://kakaku.com/item/K0000990361/,250.0,540.0,540.0,0,USB,V-NAND,0,7560
98,SANDISK Z400s SD8SBAT-128G-1122,https://kakaku.com/item/K0000816262/,128.0,546.0,182.0,2.5インチ,SerialATA6Gb/s,0,7mm,4549
99,トランセンド SSD340 TS128GSSD340K,https://kakaku.com/item/K0000859229/,128.0,550.0,170.0,2.5インチ,SerialATA6Gb/s,MLC,6.8mm,6347
100,SUPER TALENT DuraDrive AT7 FTM256MU2P,https://kakaku.com/item/K0000968789/,256.0,550.0,340.0,2.5インチ,SerialATA6Gb/s,3DMLC,6.8mm,11180
101,キングストン SSDNow UV400 SUV400S37/120G,https://kakaku.com/item/K0000882466/,120.0,550.0,350.0,2.5インチ,SerialATA6Gb/s,TLC,7mm,3800
102,トランセンド TS64GMSA230S,https://kakaku.com/item/K0001121787/,64.0,550.0,400.0,mSATA,SerialATA6Gb/s,3DNAND,4.85mm,2980
103,PNY PHANTOM-1 SSD7CSPTM1-120-RB,https://kakaku.com/item/K0000956754/,120.0,550.0,410.0,2.5インチ,SerialATA6Gb/s,TLC,7mm,6138
104,Silicon Power Ace A55 SP128GBSS3A55S25,https://kakaku.com/item/K0001214307/,128.0,550.0,420.0,2.5インチ,SerialATA6Gb/s,3DNANDTLC,7mm,2525
105,Silicon Power SP120GBSS3S55S25 [ブラック],https://kakaku.com/item/K0000495406/,120.0,550.0,440.0,2.5インチ,SerialATA6Gb/s,TLC,7mm,3795
106,HI-DISC HDSSD120GJP3,https://kakaku.com/item/K0001031706/,120.0,550.0,450.0,2.5インチ,SerialATA6Gb/s,0,7mm,1999
107,SUPER TALENT DuraDrive AT7 FTM512MU2P,https://kakaku.com/item/K0000968790/,512.0,550.0,460.0,2.5インチ,SerialATA6Gb/s,3DMLC,6.8mm,19940
108,インテル 730 Series SSDSC2BP480G4R5,https://kakaku.com/item/K0000635480/,480.0,550.0,470.0,2.5インチ,SerialATA6Gb/s,MLC,7mm,38280
109,HI-DISC HDSSD240GJP3,https://kakaku.com/item/K0001031707/,240.0,550.0,480.0,2.5インチ,SerialATA6Gb/s,0,7mm,3269
110,ロジテック 【直販モデル】 LMD-SA240,https://kakaku.com/item/K0001193141/,240.0,550.0,490.0,2.5インチ,SerialATA,0,7mm,4510
111,Apacer AS340 AP120GAS340G-1,https://kakaku.com/item/K0001209731/,120.0,550.0,500.0,2.5インチ,SerialATA6Gb/s,3DTLC,7mm,1980
112,BIOSTAR S120 S120-256GB,https://kakaku.com/item/K0001217374/,256.0,550.0,510.0,2.5インチ,SerialATA6Gb/s,3DTLCNAND,7mm,3350
113,Apacer AS340 AP240GAS340G-1,https://kakaku.com/item/K0001209732/,240.0,550.0,520.0,2.5インチ,SerialATA6Gb/s,3DTLC,7mm,2980
114,WESTERN DIGITAL WD Blue 3D NAND SATA WDS250G2B0A,https://kakaku.com/item/K0000969846/,250.0,550.0,525.0,2.5インチ,SerialATA6Gb/s,3DTLCNAND,7mm,4818
115,CFD CSSD-S6O240CG3VP,https://kakaku.com/item/K0001048911/,240.0,550.0,530.0,2.5インチ,SerialATA6Gb/s,3DNANDTLC,7mm,5483
116,LITEON MU 3 PH4-CE240,https://kakaku.com/item/K0000916948/,240.0,555.0,470.0,2.5インチ,SerialATA6Gb/s,0,7mm,4139
117,Patriot Memory Spark PSK128GS25SSDR,https://kakaku.com/item/K0000896247/,128.0,555.0,500.0,2.5インチ,SerialATA6Gb/s,TLC,7mm,6379
118,crucial BX300 CT120BX300SSD1,https://kakaku.com/item/K0001004813/,120.0,555.0,510.0,2.5インチ,SerialATA6Gb/s,3DMLC,7mm,6882
119,HP S700 2DP98AA#UUF,https://kakaku.com/item/K0001196063/,250.0,555.0,515.0,2.5インチ,SerialATA6Gb/s,3DTLCNAND,7mm,3168
120,AGI AGI256G06AI138,https://kakaku.com/item/K0001184548/,256.0,556.0,515.0,2.5インチ,SerialATA6Gb/s,NANDTLC,7mm,2948
121,AGI AGI512G17AI178,https://kakaku.com/item/K0001119256/,512.0,556.0,519.0,2.5インチ,SerialATA6Gb/s,0,7mm,4980
122,Silicon Power SP120GBSS3S70S25 [シャンパンゴールド],https://kakaku.com/item/K0000637222/,120.0,557.0,507.0,2.5インチ,SerialATA6Gb/s,MLC,7mm,11769
123,トランセンド TS32GMTS400,https://kakaku.com/item/K0000669336/,32.0,560.0,160.0,M.2(Type2242),SerialATA6Gb/s,MLC,3.5mm,4481
124,インテル D3-S4510 SSDSC2KB240G801,https://kakaku.com/item/K0001083155/,240.0,560.0,280.0,2.5インチ,SerialATA6Gb/s,3DNANDTLC,7mm,11220
125,ADATA Ultimate SU800 M.2 2280 ASU800NS38-128GT-C,https://kakaku.com/item/K0000921327/,128.0,560.0,300.0,M.2(Type2280),SerialATA6Gb/s,3DTLC,3.5mm,4050
126,トランセンド TS32GMTS600,https://kakaku.com/item/K0000669340/,32.0,560.0,310.0,M.2(Type2260),SerialATA6Gb/s,MLC,3.5mm,2590
127,トランセンド SSD370 TS256GSSD370S,https://kakaku.com/item/K0000773286/,256.0,560.0,320.0,2.5インチ,SerialATA6Gb/s,MLC,6.8mm,11480
128,ESSENCORE KLEVV NEO N600 D120GAA-N600,https://kakaku.com/item/K0000961346/,120.0,560.0,370.0,2.5インチ,SerialATA6Gb/s,TLC,7mm,5990
129,PLEXTOR M8VC PX-128M8VC,https://kakaku.com/item/K0001152718/,128.0,560.0,400.0,2.5インチ,SerialATA6Gb/s,3DTLC,6.8mm,3348
130,J&A Information LEVEN JS300 SSD JS300SSD120GB,https://kakaku.com/item/K0001025649/,120.0,560.0,410.0,2.5インチ,SerialATA6Gb/s,0,7mm,2256
131,J&A Information LEVEN JS300 SSD JS300SSD240GB,https://kakaku.com/item/K0001025650/,240.0,560.0,440.0,2.5インチ,SerialATA6Gb/s,0,7mm,3459
132,UMAX S330 UM-SSD25S330-480,https://kakaku.com/item/K0001216437/,480.0,560.0,450.0,2.5インチ,SerialATA6Gb/s,3DTLCNAND,7mm,5038
133,トランセンド MTS400 TS32GMTS400S,https://kakaku.com/item/K0001021158/,32.0,560.0,460.0,M.2(Type2242),SerialATA6Gb/s,NANDMLC,3.58mm,2832
134,J&A Information LEVEN JS600 SSD JS600SSD1TB,https://kakaku.com/item/K0001198646/,1000.0,560.0,470.0,2.5インチ,SerialATA6Gb/s,0,7mm,9480
135,ABONMAX AB-SSD-120GB,https://kakaku.com/item/K0001193808/,120.0,560.0,480.0,2.5インチ,SerialATA6Gb/s,3DTLC,7mm,1990
136,SK hynix SL308 HFS250G32TND-N1A2A,https://kakaku.com/item/K0000935796/,250.0,560.0,490.0,2.5インチ,SerialATA6Gb/s,TLC,7mm,10480
137,トランセンド MTS420 TS120GMTS420S,https://kakaku.com/item/K0001018667/,120.0,560.0,500.0,M.2(Type2242),SerialATA6Gb/s,3DNANDTLC,3.58mm,2933
138,ABONMAX AM-SSD-128GB,https://kakaku.com/item/K0001193804/,128.0,560.0,510.0,2.5インチ,SerialATA6Gb/s,3DTLC,7mm,2390
139,HP S700 2DP99AA#UUF,https://kakaku.com/item/K0001216093/,500.0,560.0,515.0,2.5インチ,SerialATA6Gb/s,3DTLCNAND,7mm,5368
140,トランセンド TS128GMTS830S,https://kakaku.com/item/K0001133995/,128.0,560.0,520.0,M.2(Type2280),SerialATA6Gb/s,3DNAND,3.58mm,3580
141,AGI AGI960G17AI178,https://kakaku.com/item/K0001051709/,960.0,560.0,525.0,2.5インチ,SerialATA6Gb/s,3DNAND,7mm,8778
142,Silicon Power M.2 2280 M55 SP120GBSS3M55M28,https://kakaku.com/item/K0001042816/,120.0,560.0,530.0,M.2(Type2280),SerialATA6Gb/s,0,3.5mm,3065
143,CFD CSSD-S6B05GMG4VT,https://kakaku.com/item/K0001153968/,500.0,560.0,540.0,2.5インチ,SerialATA6Gb/s,3DNAND(BiCSフラッシュ),7mm,7106
144,HGST G-DRIVE mobile SSD R-Series 500GB 0G06052,https://kakaku.com/item/K0001031113/,500.0,560.0,560.0,0,USB,0,0,21180
145,トランセンド JetDrive 420 TS240GJDM420,https://kakaku.com/item/K0000690810/,240.0,570.0,310.0,0,SerialATA6Gb/s,同期型MLC,0,8980
146,トランセンド MSA370 TS1TMSA370,https://kakaku.com/item/K0000913550/,1000.0,570.0,450.0,mSATA,SerialATA6Gb/s,MLC,4.85mm,70109
147,トランセンド JetDrive 520 TS240GJDM520,https://kakaku.com/item/K0000680352/,240.0,570.0,460.0,0,SerialATA6Gb/s,MLC,0,13500
148,トランセンド SSD420 TS16GSSD420K,https://kakaku.com/item/K0001056417/,16.0,570.0,470.0,2.5インチ,SerialATA6Gb/s,MLCNAND,6.8mm,4730
149,KingSpec Q-360,https://kakaku.com/item/K0001042819/,360.0,570.0,490.0,2.5インチ,SerialATA6Gb/s,3DTLC,7mm,7618
150,KingSpec P3-1TB,https://kakaku.com/item/K0001042818/,1000.0,570.0,550.0,2.5インチ,SerialATA6Gb/s,3DTLC,7mm,12969
151,SUPER TALENT USB3.1 Portable RAIDDrive FUW240UCU0,https://kakaku.com/item/K0000896517/,240.0,750.0,700.0,0,USB,TLC,0,9980
152,IBM 46M0877,https://kakaku.com/item/K0000353601/,160.0,754.0,635.0,0,PCI-Express,SLC,0,1078000
153,バッファロー SSD-WA256T,https://kakaku.com/item/K0000593378/,256.0,763.0,616.0,0,0,0,0,33036
154,インテル 600p Series SSDPEKKW128G7X1,https://kakaku.com/item/K0000910587/,128.0,770.0,450.0,M.2(Type2280),PCI-Express,3DTLC,1.5mm,9069
155,PLEXTOR PX-AG256M6e,https://kakaku.com/item/K0000612606/,256.0,770.0,580.0,0,PCI-Express,0,22.39mm,22467
156,Colorful CN600 240G,https://kakaku.com/item/K0000981376/,240.0,800.0,700.0,M.2(Type2280),PCI-Express,TLC,5mm,9183
157,SANDISK エクストリーム 900 SDSSDEX2-480G-J25,https://kakaku.com/item/K0000846465/,480.0,850.0,850.0,0,USB,0,0,19530
158,インテル Optane Memory MEMPEK1W016GAXT,https://kakaku.com/item/K0000965617/,16.0,900.0,145.0,M.2(Type2280),PCI-Express,3DXpoint,1.5mm,4565
159,トランセンド JetDrive 820 TS240GJDM820,https://kakaku.com/item/K0000999661/,240.0,950.0,550.0,0,PCI-Express,3DTLC,0.8mm,12800
160,トランセンド JetDrive 820 TS480GJDM820,https://kakaku.com/item/K0000999662/,480.0,950.0,800.0,0,PCI-Express,3DTLC,0.8mm,22126
161,レキサーメディア Professional SL100 Pro LSL100P-500RBJP [ブラック],https://kakaku.com/item/K0001211861/,500.0,950.0,900.0,0,USB,0,0,12980
162,トランセンド JetDrive 820 TS960GJDM820,https://kakaku.com/item/K0000999663/,960.0,950.0,950.0,0,PCI-Express,3DTLC,0.8mm,31322
163,プリンストン PHD-PS240GU,https://kakaku.com/item/K0001186879/,240.0,1000.0,800.0,0,USB,3DTLCNAND,0,9235
164,バッファロー SSD-PH250U3-BA [ブラック],https://kakaku.com/item/K0001147810/,250.0,1000.0,900.0,0,USB,0,0,10715
165,OSCOO OSC-PCI-E 512GB 2242 BM,https://kakaku.com/item/K0001178047/,512.0,1000.0,950.0,M.2(Type2242),PCI-Express,3DTLCNAND,3.5mm,11183
166,バッファロー SSD-PH1.0U3-BA [ブラック],https://kakaku.com/item/K0001147808/,1000.0,1000.0,1000.0,0,USB,0,0,24524
167,トランセンド TS240GESD350C [ネイビーブルー],https://kakaku.com/item/K0001162151/,240.0,1050.0,950.0,0,USB,3DNAND,0,9680
168,インテル Optane Memory MEMPEK1W032GAXT,https://kakaku.com/item/K0000967276/,32.0,1350.0,290.0,M.2(Type2280),PCI-Express,3DXpoint,1.5mm,6980
169,グリーンハウス GH-SSDTB3A240,https://kakaku.com/item/K0001096011/,240.0,1400.0,750.0,2.5インチ,0,TLC,0,15710
170,インテル Optane SSD 800P SSDPEK1W060GA01,https://kakaku.com/item/K0001048947/,58.0,1450.0,640.0,M.2(Type2280),PCI-Express,3DXpoint,0,13640
171,キングストン A1000 SSD SA1000M8/240G,https://kakaku.com/item/K0001103235/,240.0,1500.0,800.0,M.2(Type2280),PCI-Express,3DTLCNAND,3.5mm,5695
172,キングストン A1000 SSD SA1000M8/480G,https://kakaku.com/item/K0001103236/,480.0,1500.0,900.0,M.2(Type2280),PCI-Express,3DTLCNAND,3.5mm,9900
173,ESSENCORE KLEVV CRAS C700 M.2 K240GM2SP0-C70,https://kakaku.com/item/K0001185425/,240.0,1500.0,1000.0,M.2(Type2280),PCI-Express,3DNAND,2.8mm,3980
174,ESSENCORE KLEVV CRAS C700 M.2 K480GM2SP0-C70,https://kakaku.com/item/K0001185426/,480.0,1500.0,1300.0,M.2(Type2280),PCI-Express,3DNAND,2.8mm,6680
175,Corsair Force Series MP300 CSSD-F120GBMP300,https://kakaku.com/item/K0001076917/,120.0,1520.0,460.0,M.2(Type2280),PCI-Express,3DTLCNAND,0,4875
176,インテル 600p Series SSDPEKKW256G7X1,https://kakaku.com/item/K0000910588/,256.0,1570.0,540.0,M.2(Type2280),PCI-Express,3DTLC,1.5mm,7038
177,Corsair Force Series MP300 CSSD-F240GBMP300,https://kakaku.com/item/K0001076918/,240.0,1580.0,920.0,M.2(Type2280),PCI-Express,3DTLCNAND,0,6875
178,トランセンド JetDrive 850 TS240GJDM850,https://kakaku.com/item/K0001104676/,240.0,1600.0,700.0,0,PCI-Express,3DNAND,0.8mm,12800
179,Corsair Force Series MP300 CSSD-F480GBMP300,https://kakaku.com/item/K0001076919/,480.0,1600.0,1040.0,M.2(Type2280),PCI-Express,3DTLCNAND,0,11436
180,Corsair Force Series MP300 CSSD-F960GBMP300,https://kakaku.com/item/K0001076920/,960.0,1600.0,1080.0,M.2(Type2280),PCI-Express,3DTLCNAND,0,21262
181,トランセンド JetDrive 850 TS480GJDM850,https://kakaku.com/item/K0001104677/,480.0,1600.0,1300.0,0,PCI-Express,3DNAND,0.8mm,21832
182,トランセンド JetDrive 850 TS960GJDM850,https://kakaku.com/item/K0001104678/,960.0,1600.0,1400.0,0,PCI-Express,3DNAND,0.8mm,32800
183,AGI AGI512G16AI198,https://kakaku.com/item/K0001113948/,512.0,1624.0,1473.0,M.2(Type2280),PCI-Express,0,3.5mm,5980
184,AGI AGI256G16AI198,https://kakaku.com/item/K0001113947/,256.0,1627.0,1262.0,M.2(Type2280),PCI-Express,0,3.5mm,3480
185,インテル SSD 760p SSDPEKKW128G8XT,https://kakaku.com/item/K0001028197/,128.0,1640.0,650.0,M.2(Type2280),PCI-Express,3DTLCNAND,2.38mm,5380
186,WESTERN DIGITAL WD Blue SN500 NVMe WDS250G1B0C,https://kakaku.com/item/K0001140103/,250.0,1700.0,1300.0,M.2(Type2280),PCI-Express,3DNAND,2.38mm,5680
187,WESTERN DIGITAL WD Blue SN500 NVMe WDS500G1B0C,https://kakaku.com/item/K0001140102/,500.0,1700.0,1450.0,M.2(Type2280),PCI-Express,3DNAND,2.38mm,7590
188,トランセンド 110S TS128GMTE110S,https://kakaku.com/item/K0001060795/,128.0,1700.0,1500.0,M.2(Type2280),PCI-Express,3DNAND,3.58mm,3480
189,ロジテック 【直販モデル】 LMD-MP256,https://kakaku.com/item/K0001193136/,256.0,1730.0,1000.0,M.2(Type2280),PCI-Express,0,3mm,4730
190,ロジテック 【直販モデル】 LMD-MP512,https://kakaku.com/item/K0001193137/,512.0,1730.0,1560.0,M.2(Type2280),PCI-Express,0,3mm,7920
191,インテル 600p Series SSDPEKKW512G7X1,https://kakaku.com/item/K0000910589/,512.0,1775.0,560.0,M.2(Type2280),PCI-Express,3DTLC,1.5mm,23941
192,ADATA XPG SX6000 Lite ASX6000LNP-256GT-C,https://kakaku.com/item/K0001127376/,256.0,1800.0,900.0,M.2(Type2280),PCI-Express,3DNAND,2.15mm,3480
193,ADATA XPG SX6000 Lite ASX6000LNP-512GT-C,https://kakaku.com/item/K0001127377/,512.0,1800.0,1200.0,M.2(Type2280),PCI-Express,3DNAND,2.15mm,10159
194,インテル SSD 660p SSDPEKNW010T8X1,https://kakaku.com/item/K0001092797/,1024.0,1800.0,1800.0,M.2(Type2280),PCI-Express,3DNANDQLC,0,10980
195,PLEXTOR M8Se PX-128M8SeY,https://kakaku.com/item/K0000972283/,128.0,1850.0,570.0,0,PCI-Express,TLC,22.39mm,14778
196,crucial P1 CT500P1SSD8JP,https://kakaku.com/item/K0001101037/,500.0,1900.0,950.0,M.2(Type2280),PCI-Express,3DNAND,0,7190
197,CFD CSSD-M2O256PG1VN,https://kakaku.com/item/K0000952893/,256.0,2000.0,1100.0,M.2(Type2280),PCI-Express,3DNAND,3.5mm,8250
198,レキサーメディア NM610 LNM610-250RBJP,https://kakaku.com/item/K0001214525/,250.0,2000.0,1200.0,M.2(Type2280),PCI-Express,3DTLC,2.25mm,4279
199,レキサーメディア NM610 LNM610-500RBJP,https://kakaku.com/item/K0001211577/,500.0,2000.0,1600.0,M.2(Type2280),PCI-Express,3DTLC,2.25mm,6578
200,crucial P1 CT1000P1SSD8JP,https://kakaku.com/item/K0001101038/,1000.0,2000.0,1700.0,M.2(Type2280),PCI-Express,3DNAND,0,10980
201,ADATA XPG SX6000 Pro ASX6000PNP-256GT-C,https://kakaku.com/item/K0001098549/,256.0,2100.0,1200.0,M.2(Type2280),PCI-Express,3DNANDTLC,2.15mm,4290
202,レキサーメディア NM610 LNM610-1TRBJP,https://kakaku.com/item/K0001211576/,1000.0,2100.0,1600.0,M.2(Type2280),PCI-Express,3DTLC,2.25mm,10978
203,サムスン 950 PRO M.2 MZ-V5P256B/IT,https://kakaku.com/item/K0000829333/,256.0,2200.0,900.0,M.2(Type2280),PCI-Express,V-NAND,2.38mm,30580
204,キングストン A2000 SSD SA2000M8/500G,https://kakaku.com/item/K0001180670/,500.0,2200.0,2000.0,M.2(Type2280),PCI-Express,3DNAND,3.5mm,7460
205,インテル Optane SSD DC P4800X SSDPED1K375GA01,https://kakaku.com/item/K0001010388/,375.0,2400.0,2000.0,0,PCI-Express,3DXpoint,0,235427
206,PLEXTOR M8Se(G) PX-512M8SeG,https://kakaku.com/item/K0000989363/,512.0,2450.0,1000.0,M.2(Type2280),PCI-Express,TLC,4.7mm,17337
207,CFD CSSD-M2O512PG1VN,https://kakaku.com/item/K0000952894/,512.0,2500.0,1100.0,M.2(Type2280),PCI-Express,3DNAND,3.5mm,11000
208,AKITIO Thunder3 PCIe SSD T3PC-T3DIS-AKTJP,https://kakaku.com/item/K0000974295/,1200.0,2500.0,1200.0,0,Thunderbolt/USB,0,0,209530
209,インテル Optane SSD 900P SSDPED1D280GAX1,https://kakaku.com/item/K0001106127/,280.0,2500.0,2000.0,0,PCI-Express,3DXpoint,0,46749
210,インテル Optane SSD 905P SSDPE21D480GAM3,https://kakaku.com/item/K0001062297/,480.0,2600.0,2200.0,2.5インチ,PCI-Express,3DXpoint,15mm,77936
211,Team T-FORCE CARDEA M.2 TM8FP2480G0C110 [Red],https://kakaku.com/item/K0000952009/,480.0,2650.0,1450.0,M.2(Type2280),PCI-Express,0,23.4mm,17073
212,サムスン X5 MU-PB500B/IT,https://kakaku.com/item/K0001084255/,500.0,2800.0,2100.0,0,0,0,0,38072
213,サムスン X5 MU-PB1T0B/IT,https://kakaku.com/item/K0001084256/,1024.0,2800.0,2300.0,0,0,0,0,76349
214,グリーンハウス GH-SSDRMPA240,https://kakaku.com/item/K0001147811/,240.0,3000.0,1000.0,M.2(Type2280),PCI-Express,3DTLC,2mm,4950
215,Corsair Force Series MP500 CSSD-F480GBMP500,https://kakaku.com/item/K0000957036/,480.0,3000.0,2400.0,M.2(Type2280),PCI-Express,MLC,0,29409
216,ロジテック 【直販モデル】 LMD-MPD256,https://kakaku.com/item/K0001193138/,256.0,3090.0,1035.0,M.2(Type2280),PCI-Express,0,3mm,5280
217,IODATA GigaCrysta E.A.G.L SSD-GC256M2,https://kakaku.com/item/K0001204459/,256.0,3090.0,1040.0,M.2(Type2280),PCI-Express,0,7.5mm,9775
218,Corsair Force Series MP510 CSSD-F240GBMP510,https://kakaku.com/item/K0001098772/,240.0,3100.0,1050.0,M.2(Type2280),PCI-Express,3DTLCNAND,3mm,5580
219,WESTERN DIGITAL WD Black SN750 NVMe WDS250G3X0C,https://kakaku.com/item/K0001122648/,250.0,3100.0,1600.0,M.2(Type2280),PCI-Express,3DNAND,2.38mm,7204
220,ADATA XPG GAMMIX S11 AGAMMIXS11-960GT-C,https://kakaku.com/item/K0001069562/,960.0,3150.0,1700.0,M.2(Type2280),PCI-Express,3DNANDTLC,3.5mm,35627
221,ADATA XPG GAMMIX S11 AGAMMIXS11-240GT-C,https://kakaku.com/item/K0001069560/,240.0,3200.0,1100.0,M.2(Type2280),PCI-Express,3DNANDTLC,3.5mm,9655
222,ADATA XPG GAMMIX S11 AGAMMIXS11-480GT-C,https://kakaku.com/item/K0001069561/,480.0,3200.0,1700.0,M.2(Type2280),PCI-Express,3DNANDTLC,3.5mm,17295
223,サムスン 960 EVO M.2 MZ-V6E500B/IT,https://kakaku.com/item/K0000929860/,500.0,3200.0,1800.0,M.2(Type2280),PCI-Express,V-NAND,2.38mm,18600
224,サムスン 960 EVO M.2 MZ-V6E1T0B/IT,https://kakaku.com/item/K0000929859/,1000.0,3200.0,1900.0,M.2(Type2280),PCI-Express,V-NAND,2.38mm,32500
225,PLEXTOR M9Pe(G) PX-512M9PeG,https://kakaku.com/item/K0001024377/,512.0,3200.0,2000.0,M.2(Type2280),PCI-Express,BiCS33DTLC,4.7mm,10459
226,PLEXTOR M9Pe(G) PX-1TM9PeG,https://kakaku.com/item/K0001024378/,1000.0,3200.0,2100.0,M.2(Type2280),PCI-Express,BiCS33DTLC,5.3mm,22000
227,インテル SSD 760p SSDPEKKW256G8XT,https://kakaku.com/item/K0001028198/,256.0,3210.0,1315.0,M.2(Type2280),PCI-Express,3DTLCNAND,2.38mm,6971
228,インテル SSD 760p SSDPEKKW512G8XT,https://kakaku.com/item/K0001028199/,512.0,3230.0,1625.0,M.2(Type2280),PCI-Express,3DTLCNAND,2.38mm,11684
229,エレコム ESD-GMIA0256G,https://kakaku.com/item/K0001162853/,256.0,3400.0,1100.0,M.2(Type2280),PCI-Express,TLC,3mm,9056
230,サムスン 970 EVO MZ-V7E250B/IT,https://kakaku.com/item/K0001049810/,250.0,3400.0,1500.0,M.2(Type2280),PCI-Express,V-NAND3bitMLC,2.38mm,6980
231,グリーンハウス GH-SSDRMPA480,https://kakaku.com/item/K0001147812/,480.0,3400.0,2000.0,M.2(Type2280),PCI-Express,3DTLC,2mm,8250
232,SANDISK エクストリーム プロ SDSSDXPM2-500G-J25,https://kakaku.com/item/K0001055416/,500.0,3400.0,2500.0,M.2(Type2280),PCI-Express,0,1.98mm,12480
233,エレコム ESD-GMIA1024G,https://kakaku.com/item/K0001162855/,1000.0,3400.0,2600.0,M.2(Type2280),PCI-Express,TLC,3mm,19062
234,SANDISK エクストリーム プロ SDSSDXPM2-1T00-J25,https://kakaku.com/item/K0001055415/,1000.0,3400.0,2800.0,M.2(Type2280),PCI-Express,0,1.98mm,24800
235,WESTERN DIGITAL WD Black SN750 NVMe WDS200T3X0C,https://kakaku.com/item/K0001122651/,2000.0,3400.0,2900.0,M.2(Type2280),PCI-Express,3DNAND,2.38mm,46689
236,Silicon Power PCIe Gen3x4 P34A80 SP001TBP34A80M28,https://kakaku.com/item/K0001153541/,1000.0,3400.0,3000.0,M.2(Type2280),PCI-Express,3DNAND,3.5mm,14500
237,ロジテック 【直販モデル】 LMD-MPD512,https://kakaku.com/item/K0001193139/,512.0,3420.0,2015.0,M.2(Type2280),PCI-Express,0,3mm,10010
238,IODATA GigaCrysta E.A.G.L SSD-GC512M2,https://kakaku.com/item/K0001204460/,512.0,3430.0,2230.0,M.2(Type2280),PCI-Express,0,7.5mm,14493
239,IODATA GigaCrysta E.A.G.L SSD-GC1TM2,https://kakaku.com/item/K0001204461/,1000.0,3430.0,3230.0,M.2(Type2280),PCI-Express,0,8.8mm,27816
240,WESTERN DIGITAL WD Black SN750 NVMe WDS500G3X0C,https://kakaku.com/item/K0001122649/,500.0,3470.0,2600.0,M.2(Type2280),PCI-Express,3DNAND,2.38mm,10978
241,ロジテック 【直販モデル】 LMD-MPD1024,https://kakaku.com/item/K0001193140/,1024.0,3470.0,2750.0,M.2(Type2280),PCI-Express,0,3mm,18370
242,WESTERN DIGITAL WD Black SN750 NVMe WDS100T3XHC,https://kakaku.com/item/K0001122655/,1000.0,3470.0,3000.0,M.2(Type2280),PCI-Express,3DNAND,8.1mm,22176
243,Corsair Force Series MP510 CSSD-F480GBMP510,https://kakaku.com/item/K0001098773/,480.0,3480.0,2000.0,M.2(Type2280),PCI-Express,3DTLCNAND,3mm,8580
244,Corsair Force Series MP510 CSSD-F1920GBMP510,https://kakaku.com/item/K0001114876/,1920.0,3480.0,2700.0,M.2(Type2280),PCI-Express,3DTLCNAND,3mm,35980
245,Corsair Force Series MP510 CSSD-F960GBMP510,https://kakaku.com/item/K0001098774/,960.0,3480.0,3000.0,M.2(Type2280),PCI-Express,3DTLCNAND,3mm,14764
246,GIGABYTE AORUS GP-ASACNE2100TTTDR,https://kakaku.com/item/K0001169090/,1000.0,3480.0,3080.0,0,PCI-Express,3DTLC,21.6mm,30927
247,トランセンド TS256GMTE220S,https://kakaku.com/item/K0001127530/,256.0,3500.0,1100.0,M.2(Type2280),PCI-Express,3DNAND,3.58mm,5480
248,ADATA XPG SX8200 Pro ASX8200PNP-256GT-C,https://kakaku.com/item/K0001136684/,256.0,3500.0,1200.0,M.2(Type2280),PCI-Express,3DTLC,3.5mm,5025
249,トランセンド TS512GMTE220S,https://kakaku.com/item/K0001127531/,512.0,3500.0,2100.0,M.2(Type2280),PCI-Express,3DNAND,3.58mm,7980
250,Lenovo 4XB0W79580,https://kakaku.com/item/K0001197249/,256.0,3500.0,2200.0,M.2(Type2280),PCI-Express,0,2.28mm,24217
251,サムスン 970 EVO Plus MZ-V7S250B/IT,https://kakaku.com/item/K0001123582/,250.0,3500.0,2300.0,M.2(Type2280),PCI-Express,V-NAND3bitMLC,2.38mm,9130
252,ADATA XPG SX8200 Pro ASX8200PNP-512GT-C,https://kakaku.com/item/K0001136685/,512.0,3500.0,2350.0,M.2(Type2280),PCI-Express,3DTLC,3.5mm,8360
253,ADATA XPG SPECTRIX S40G AS40G-512GT-C,https://kakaku.com/item/K0001177555/,512.0,3500.0,2400.0,M.2(Type2280),PCI-Express,3DTLCNAND,8mm,8580
254,トランセンド TS1TMTE220S,https://kakaku.com/item/K0001125540/,1000.0,3500.0,2800.0,M.2(Type2280),PCI-Express,3DNAND,3.58mm,14280
255,ADATA XPG SX8200 Pro ASX8200PNP-1TT-C,https://kakaku.com/item/K0001136686/,1000.0,3500.0,3000.0,M.2(Type2280),PCI-Express,3DTLC,3.5mm,16378
256,サムスン 970 EVO Plus MZ-V7S500B/IT,https://kakaku.com/item/K0001123583/,500.0,3500.0,3200.0,M.2(Type2280),PCI-Express,V-NAND3bitMLC,2.38mm,14989
257,サムスン 970 EVO Plus MZ-V7S1T0B/IT,https://kakaku.com/item/K0001123584/,1000.0,3500.0,3300.0,M.2(Type2280),PCI-Express,V-NAND3bitMLC,2.38mm,27989
258,Corsair Force Series MP600 CSSD-F500GBMP600,https://kakaku.com/item/K0001205420/,500.0,4950.0,2500.0,M.2(Type2280),PCI-Express,3DTLCNAND,15mm,15980
259,Corsair Force Series MP600 CSSD-F1000GBMP600,https://kakaku.com/item/K0001171154/,1000.0,4950.0,4250.0,M.2(Type2280),PCI-Express,3DTLCNAND,15mm,23980
260,CFD PG3VNF CSSD-M2B5GPG3VNF,https://kakaku.com/item/K0001169976/,500.0,5000.0,2500.0,M.2(Type2280),PCI-Express,3DTLC(BiCS4Flash),0,12078
261,CFD PG3VNF CSSD-M2B1TPG3VNF,https://kakaku.com/item/K0001169975/,1000.0,5000.0,4400.0,M.2(Type2280),PCI-Express,3DTLC(BiCS4Flash),0,20173
262,GIGABYTE AORUS GP-ASACNE6800TTTDA,https://kakaku.com/item/K0001216439/,8000.0,15000.0,15000.0,0,PCI-Express,BiCS43DTLC,21.59mm,217316
