0,MSI Radeon RX 570 ARMOR 8G J [PCIExp 8GB],https://kakaku.com/item/K0001225171/,AMD RadeonRX570,2048,8000.0,256.0,7000.0,PCIExpress3.0x16,17800
1,SAPPHIRE SAPPHIRE NITRO+ RADEON RX 5700 XT 8G GDDR6 DUAL HDMI/DUAL DP OC (UEFI) [PCIExp 8GB],https://kakaku.com/item/K0001195293/,AMD RadeonRX5700XT,2560,8000.0,256.0,14000.0,PCIExpress4.0x16,49480
2,MSI GeForce GTX 1650 AERO ITX 4G OC [PCIExp 4GB],https://kakaku.com/item/K0001152736/,NVIDIA GeForceGTX1650,896,4000.0,128.0,8000.0,PCIExpress3.0x16,15980
3,Palit Microsystems NE6207SS19P2-1040J (GeForce RTX2070 SUPER JS 8GB) [PCIExp 8GB] ドスパラWeb限定モデル,https://kakaku.com/item/K0001173640/,NVIDIA GeForceRTX2070SUPER,2560,8000.0,256.0,14000.0,PCIExpress3.0x16,56919
4,玄人志向 GF-GTX1650-E4GB/OC/DF [PCIExp 4GB],https://kakaku.com/item/K0001152723/,NVIDIA GeForceGTX1650,896,4000.0,128.0,8000.0,PCIExpress3.0x16,15400
5,MSI GeForce GTX 1660 SUPER VENTUS XS OC [PCIExp 6GB],https://kakaku.com/item/K0001206479/,NVIDIA GeForceGTX1660SUPER,1408,6000.0,192.0,14000.0,PCIExpress3.0x16,29480
6,MSI GeForce GTX 1660 SUPER AERO ITX OC [PCIExp 6GB],https://kakaku.com/item/K0001206480/,NVIDIA GeForceGTX1660SUPER,1408,6000.0,192.0,14000.0,PCIExpress3.0x16,25691
7,MSI GeForce GTX 1660 Ti AERO ITX 6G OC [PCIExp 6GB],https://kakaku.com/item/K0001134000/,NVIDIA GeForceGTX1660Ti,1536,6000.0,192.0,12000.0,PCIExpress3.0x16,30580
8,SAPPHIRE SAPPHIRE PULSE RADEON RX 5700 8G GDDR6 HDMI/TRIPLE DP OC W/BP (UEFI) [PCIExp 8GB],https://kakaku.com/item/K0001184413/,AMD RadeonRX5700,2304,8000.0,256.0,14000.0,PCIExpress4.0x16,38178
9,MSI Radeon RX 5700 MECH OC [PCIExp 8GB],https://kakaku.com/item/K0001185030/,AMD RadeonRX5700,2304,8000.0,256.0,14000.0,PCIExpress4.0x16,36999
10,玄人志向 GALAKURO GAMING GG-GTX1660SP-E6GB/DF [PCIExp 6GB],https://kakaku.com/item/K0001206481/,NVIDIA GeForceGTX1660SUPER,1408,6000.0,192.0,14000.0,PCIExpress3.0x16,27860
11,ZOTAC ZOTAC GAMING GeForce GTX 1660 SUPER Twin Fan ZT-T16620F-10L [PCIExp 6GB],https://kakaku.com/item/K0001206478/,NVIDIA GeForceGTX1660SUPER,1408,6000.0,192.0,14000.0,PCIExpress3.0x16,28799
12,ZOTAC ZOTAC GAMING GeForce RTX 2080 SUPER Twin Fan ZT-T20820F-10P [PCIExp 8GB],https://kakaku.com/item/K0001176807/,NVIDIA GeForceRTX2080SUPER,3072,8000.0,256.0,15500.0,PCIExpress3.0x16,83002
13,MSI GeForce RTX 2080 Ti GAMING X TRIO [PCIExp 11GB],https://kakaku.com/item/K0001082416/,NVIDIA GeForceRTX2080Ti,4352,11000.0,352.0,14000.0,PCIExpress3.0x16,153868
14,MSI GeForce RTX 2070 TRI FROZR [PCIExp 8GB],https://kakaku.com/item/K0001220479/,NVIDIA GeForceRTX2070,2304,8000.0,256.0,14000.0,PCIExpress3.0x16,49808
15,MSI GT 1030 2G LP OC [PCIExp 2GB],https://kakaku.com/item/K0000965888/,NVIDIA GeForceGT1030,384,2000.0,64.0,6008.0,PCIExpress3.0x4 接続スロット：PCI-Expressx16,8778
16,MSI GEFORCE GTX1660TI GAMING 6G [PCIExp 6GB] NTT-X Store限定モデル,https://kakaku.com/item/K0001177147/,NVIDIA GeForceGTX1660Ti,1536,6000.0,192.0,12000.0,PCIExpress3.0x16,32978
17,玄人志向 GF-GTX1050Ti-E4GB/DF3 [PCIExp 4GB],https://kakaku.com/item/K0001173593/,NVIDIA GeForceGTX1050Ti,768,4000.0,128.0,7008.0,PCIExpress3.0x16,12078
18,MSI GT 710 1GD3H LP [PCIExp 1GB],https://kakaku.com/item/K0000849553/,NVIDIA GeForceGT710,192,1000.0,64.0,1600.0,PCIExpress2.0x8 接続スロット：PCI-Expressx16,3212
19,ZOTAC ZOTAC GAMING GeForce RTX 2060 SUPER MINI ZT-T20610E-10M [PCIExp 8GB],https://kakaku.com/item/K0001174640/,NVIDIA GeForceRTX2060SUPER,2176,8000.0,256.0,14000.0,PCIExpress3.0x16,45980
20,MSI GeForce RTX 2070 SUPER VENTUS OC [PCIExp 8GB],https://kakaku.com/item/K0001174639/,NVIDIA GeForceRTX2070SUPER,2560,8000.0,256.0,14000.0,PCIExpress3.0x16,59378
21,MSI GTX 1050 Ti 4GT LP [PCIExp 4GB],https://kakaku.com/item/K0000929966/,NVIDIA GeForceGTX1050Ti,768,4000.0,128.0,7008.0,PCIExpress3.0x16,13970
22,ASUS PH-GTX1650-O4G [PCIExp 4GB],https://kakaku.com/item/K0001152734/,NVIDIA GeForceGTX1650,896,4000.0,128.0,8002.000000000001,PCIExpress3.0,15995
23,MSI GeForce RTX 2060 AERO ITX 6G OC [PCIExp 6GB],https://kakaku.com/item/K0001120299/,NVIDIA GeForceRTX2060,1920,6000.0,192.0,14000.0,PCIExpress3.0x16,35979
24,ASRock Phantom Gaming Radeon RX560 2G [PCIExp 2GB],https://kakaku.com/item/K0001067652/,AMD RadeonRX560(14ユニット),896,2000.0,128.0,6000.0,PCIExpress3.0x8 接続スロット：PCI-Expressx16,9328
25,ASUS GT1030-SL-2G-BRK [PCIExp 2GB],https://kakaku.com/item/K0000969293/,NVIDIA GeForceGT1030,384,2000.0,64.0,6008.0,PCIExpress3.0,8950
26,MSI Radeon RX Vega 64 Air Boost 8G [PCIExp 8GB],https://kakaku.com/item/K0001216734/,AMD RadeonRXVega64,4096,8000.0,2048.0,945.0,PCIExpressx16,31980
27,MSI GEFORCE RTX2060 GAMING 6G [PCIExp 6GB] NTT-X Store限定モデル,https://kakaku.com/item/K0001177148/,NVIDIA GeForceRTX2060,1920,6000.0,192.0,14000.0,PCIExpress3.0x16,39800
28,Palit Microsystems NE6206S018P2-1160A (GeForce RTX2060 SUPER DUAL 8GB) [PCIExp 8GB] ドスパラWeb限定モデル,https://kakaku.com/item/K0001176899/,NVIDIA GeForceRTX2060SUPER,2176,8000.0,,14000.0,PCIExpress3.0x16,43980
29,玄人志向 GALAKURO GAMING GG-RTX2060-E6GB/DF [PCIExp 6GB],https://kakaku.com/item/K0001171865/,NVIDIA GeForceRTX2060,1920,6000.0,192.0,14000.0,PCIExpress3.0x16,34628
30,ASRock Phantom Gaming D Radeon RX570 4G [PCIExp 4GB],https://kakaku.com/item/K0001101045/,AMD RadeonRX570,2048,4000.0,256.0,7000.0,PCIExpress3.0x16,15980
31,GIGABYTE GV-N207SGAMING OC-8GD [PCIExp 8GB],https://kakaku.com/item/K0001218164/,NVIDIA GeForceRTX2070SUPER,2560,8000.0,256.0,14000.0,PCIExpress3.0x16,55273
32,MSI GeForce GTX 1650 VENTUS XS 4G OC [PCIExp 4GB],https://kakaku.com/item/K0001226177/,NVIDIA GeForceGTX1650,896,4000.0,128.0,8000.0,PCIExpress3.0x16,16830
33,Palit Microsystems NE6166TS18J9-161F (GeForce GTX1660Ti STORMX OC 6GB) [PCIExp 6GB] ドスパラWeb限定モデル,https://kakaku.com/item/K0001133883/,NVIDIA GeForceGTX1660Ti,1536,6000.0,,12000.0,PCIExpress3.0x16,29051
34,ASRock Phantom Gaming D Radeon RX580 8G OC [PCIExp 8GB],https://kakaku.com/item/K0001101046/,AMD RadeonRX580,2304,8000.0,256.0,8000.0,PCIExpress3.0x16,20680
35,ZOTAC ZOTAC GAMING GeForce GTX 1650 Low Profile ZT-T16500H-10L [PCIExp 4GB],https://kakaku.com/item/K0001175955/,NVIDIA GeForceGTX1650,896,4000.0,128.0,8000.0,PCIExpress3.0x16,18070
36,Palit Microsystems NE6208TS20LC-150A (GeForce RTX2080Ti 11GB GamingProOC) [PCIExp 11GB] ドスパラWeb限定モデル,https://kakaku.com/item/K0001092954/,NVIDIA GeForceRTX2080Ti,4352,11000.0,,,PCIExpressx16,133529
37,ZOTAC ZOTAC GAMING GeForce GTX 1660 Ti 6GB GDDR6 ZT-T16610F-10L [PCIExp 6GB],https://kakaku.com/item/K0001133234/,NVIDIA GeForceGTX1660Ti,1536,6000.0,192.0,12000.0,PCIExpress3.0x16,34181
38,MSI GeForce RTX 2060 SUPER VENTUS XS J OC [PCIExp 8GB],https://kakaku.com/item/K0001207971/,NVIDIA GeForceRTX2060SUPER,2176,8000.0,256.0,14000.0,PCIExpress3.0x16,48180
39,ASUS ROG-STRIX-RTX2070S-A8G-GAMING [PCIExp 8GB],https://kakaku.com/item/K0001181724/,NVIDIA GeForceRTX2070SUPER,2560,8000.0,256.0,14000.0,PCIExpress3.0,71633
40,ASRock Phantom Gaming X Radeon RX590 8G OC [PCIExp 8GB],https://kakaku.com/item/K0001114651/,AMD RadeonRX590,2304,8000.0,256.0,8000.0,PCIExpress3.0x16,21700
41,Palit Microsystems NE6166S018J9-161F (GeForce GTX1660 SUPER StormX) [PCIExp 6GB] ドスパラWeb限定モデル,https://kakaku.com/item/K0001207177/,NVIDIA GeForceGTX1660SUPER,1408,6000.0,192.0,14000.0,PCIExpress3.0x16,27244
42,MSI GeForce GTX 1650 4GT LP [PCIExp 4GB],https://kakaku.com/item/K0001168763/,NVIDIA GeForceGTX1650,896,4000.0,128.0,8000.0,PCIExpress3.0x16,19005
43,玄人志向 GF-GT710-E1GB/LP/P [PCIExp 1GB],https://kakaku.com/item/K0001205037/,NVIDIA GeForceGT710,192,1000.0,64.0,5000.0,PCIExpress2.0x8 接続スロット：PCI-Expressx16,3380
44,ASUS ROG-STRIX-RTX2080S-A8G-GAMING [PCIExp 8GB],https://kakaku.com/item/K0001179208/,NVIDIA GeForceRTX2080SUPER,3072,8000.0,256.0,15500.0,PCIExpress3.0,96799
45,MSI GeForce GTX 1650 SUPER AERO ITX OC [PCIExp 4GB],https://kakaku.com/item/K0001214542/,NVIDIA GeForceGTX1650SUPER,1280,4000.0,128.0,12000.0,PCIExpress3.0x16,20888
46,ASRock Radeon RX 5700 XT Challenger D 8G OC [PCIExp 8GB],https://kakaku.com/item/K0001186912/,AMD RadeonRX5700XT,2560,8000.0,256.0,14000.0,PCIExpress4.0x16,46980
47,MSI GeForce GTX 1650 SUPER VENTUS XS OC [PCIExp 4GB],https://kakaku.com/item/K0001214541/,NVIDIA GeForceGTX1650SUPER,1280,4000.0,128.0,12000.0,PCIExpress3.0x16,21307
48,玄人志向 GALAKURO GAMING GG-RTX2060SP-E8GB/DF [PCIExp 8GB],https://kakaku.com/item/K0001173225/,NVIDIA GeForceRTX2060SUPER,2176,8000.0,256.0,14000.0,PCIExpress3.0x16,44800
49,GIGABYTE GV-N206SGAMING OC WHITE-8GD [PCIExp 8GB],https://kakaku.com/item/K0001201046/,NVIDIA GeForceRTX2060SUPER,2176,8000.0,256.0,14000.0,PCIExpress3.0x16,47247
50,玄人志向 RD-RX550-E2GB/OC [PCIExp 2GB],https://kakaku.com/item/K0001029982/,AMD RadeonRX550,512,2000.0,128.0,6000.0,PCIExpress3.0x16,7018
51,玄人志向 GF-GTX1050Ti-E4GB/SF/P [PCIExp 4GB],https://kakaku.com/item/K0001176957/,NVIDIA GeForceGTX1050Ti,768,4000.0,128.0,7000.0,PCIExpress3.0x16,12111
52,MSI Radeon RX 5700 XT EVOKE OC [PCIExp 8GB],https://kakaku.com/item/K0001183627/,AMD RadeonRX5700XT,2560,8000.0,256.0,14000.0,PCIExpress4.0x16,49301
53,MSI GeForce RTX 2060 SUPER GAMING X [PCIExp 8GB],https://kakaku.com/item/K0001174638/,NVIDIA GeForceRTX2060SUPER,2176,8000.0,256.0,14000.0,PCIExpress3.0x16,52778
54,玄人志向 RD-RX5600XT-E6GB [PCIExp 6GB],https://kakaku.com/item/K0001226514/,AMD RadeonRX5600XT,2304,6000.0,192.0,12000.0,PCIExpress4.0x16,37719
55,玄人志向 GALAKURO GAMING GG-RTX2070SP-E8GB/DF [PCIExp 8GB],https://kakaku.com/item/K0001173224/,NVIDIA GeForceRTX2070SUPER,2560,8000.0,256.0,14000.0,PCIExpress3.0x16,56078
56,ASUS PH-GTX1050TI-4G [PCIExp 4GB],https://kakaku.com/item/K0000920443/,NVIDIA GeForceGTX1050Ti,768,4000.0,128.0,7008.0,PCIExpress3.0,13980
57,MSI GeForce RTX 2070 SUPER GAMING X TRIO [PCIExp 8GB],https://kakaku.com/item/K0001187167/,NVIDIA GeForceRTX2070SUPER,2560,8000.0,256.0,14000.0,PCIExpress3.0x16,69780
58,Palit Microsystems NE6166SS18J9-1160A (GeForce GTX 1660 SUPER GP OC) [PCIExp 6GB] ドスパラWeb限定モデル,https://kakaku.com/item/K0001207176/,NVIDIA GeForceGTX1660SUPER,1408,6000.0,192.0,14000.0,PCIExpress3.0x16,27208
59,MSI GeForce RTX 2080 Ti VENTUS GP [PCIExp 11GB],https://kakaku.com/item/K0001198117/,NVIDIA GeForceRTX2080Ti,4352,11000.0,352.0,14000.0,PCIExpress3.0x16,143283
60,Palit Microsystems NE62060S18J9-1160A (GeForce RTX2060 6GB Dual OC) [PCIExp 6GB] ドスパラWeb限定モデル,https://kakaku.com/item/K0001140087/,NVIDIA GeForceRTX2060,1920,6000.0,,14000.0,PCIExpress3.0x16,35979
61,ASUS ROG-STRIX-RTX2080TI-O11G-GAMING [PCIExp 11GB],https://kakaku.com/item/K0001103647/,NVIDIA GeForceRTX2080Ti,4352,11000.0,352.0,14000.0,PCIExpress3.0,162799
62,ZOTAC ZOTAC GAMING GeForce GTX 1650 SUPER Twin Fan ZT-T16510F-10L [PCIExp 4GB],https://kakaku.com/item/K0001215965/,NVIDIA GeForceGTX1650SUPER,1280,4000.0,128.0,12000.0,PCIExpress3.0x16,20480
63,ASUS PH-GTX1650S-O4G [PCIExp 4GB],https://kakaku.com/item/K0001214539/,NVIDIA GeForceGTX1650SUPER,1280,4000.0,128.0,12002.0,PCIExpress3.0,21390
64,Palit Microsystems NE51650S06G1-1170F (GeForce GTX1650 STORMX OC 4GB) [PCIExp 4GB] ドスパラWeb限定モデル,https://kakaku.com/item/K0001153313/,NVIDIA GeForceGTX1650,896,4000.0,128.0,8000.0,PCIExpress3.0x16,15787
65,Palit Microsystems NE6165S018G1-166F (GeForce GTX 1650 SUPER StormX 4GB) [PCIExp 4GB] ドスパラWeb限定モデル,https://kakaku.com/item/K0001214579/,NVIDIA GeForceGTX1650SUPER,1280,4000.0,128.0,12000.0,PCIExpress3.0x16,19800
66,MSI GeForce RTX 2080 SUPER VENTUS XS OC [PCIExp 8GB],https://kakaku.com/item/K0001205631/,NVIDIA GeForceRTX2080SUPER,3072,8000.0,256.0,15500.0,PCIExpress3.0x16,85851
67,ASRock Radeon RX 5500 XT Challenger D 4G OC [PCIExp 4GB],https://kakaku.com/item/K0001219745/,AMD RadeonRX5500XT,1408,4000.0,128.0,14000.0,PCIExpress4.0x8,21978
68,GIGABYTE GV-N166SOC-6GD [PCIExp 6GB],https://kakaku.com/item/K0001206483/,NVIDIA GeForceGTX1660SUPER,1408,6000.0,192.0,14000.0,PCIExpress3.0x16,28145
69,ASUS DUAL-RTX2070-O8G-MINI [PCIExp 8GB],https://kakaku.com/item/K0001224526/,NVIDIA GeForceRTX2070,2304,8000.0,256.0,14000.0,PCIExpress3.0,51309
70,MSI GeForce GTX 1650 GAMING X 4G [PCIExp 4GB],https://kakaku.com/item/K0001152735/,NVIDIA GeForceGTX1650,896,4000.0,128.0,8000.0,PCIExpress3.0x16,17590
71,ASRock Radeon RX 5500 XT Challenger D 8G OC [PCIExp 8GB],https://kakaku.com/item/K0001219744/,AMD RadeonRX5500XT,1408,8000.0,128.0,14000.0,PCIExpress4.0x8,24979
72,PowerColor PowerColor Radeon VII 16GB HBM2 AXVII 16GBHBM2-3DH [PCIExp 16GB],https://kakaku.com/item/K0001128284/,AMD RadeonVII,3840,16000.0,4096.0,1000.0,PCIExpress3.0,97156
73,SAPPHIRE SAPPHIRE PULSE RADEON RX 5500 XT 4G GDDR6 HDMI/TRIPLE DP OC W/BP (UEFI) [PCIExp 4GB],https://kakaku.com/item/K0001220538/,AMD RadeonRX5500XT,1408,4000.0,128.0,14000.0,PCIExpress4.0x8 接続スロット：PCIExpressx16,22422
74,Palit Microsystems NE6166TS18J9-1160A (GeForce GTX1660Ti 6GB Dual OC) [PCIExp 6GB] ドスパラWeb限定モデル,https://kakaku.com/item/K0001140086/,NVIDIA GeForceGTX1660Ti,1536,6000.0,,12000.0,PCIExpress3.0x16,31800
75,玄人志向 RD-RX5700XT-E8GB/RPR [PCIExp 8GB],https://kakaku.com/item/K0001202265/,AMD RadeonRX5700XT,2560,8000.0,256.0,14000.0,PCIExpress4.0x16,47498
76,ASUS TURBO-RTX2080TI-11G [PCIExp 11GB],https://kakaku.com/item/K0001082413/,NVIDIA GeForceRTX2080Ti,4352,11000.0,352.0,14000.0,PCIExpress3.0,142669
77,Palit Microsystems NE5105T018G1-1070H (GeForce GTX1050Ti 4GB KalmX) [PCIExp 4GB] ドスパラWeb限定モデル,https://kakaku.com/item/K0000943628/,NVIDIA GeForceGTX1050Ti,768,4000.0,128.0,3500.0,PCIExpressx16,18012
78,ASUS GTX1650-O4G-LP-BRK [PCIExp 4GB],https://kakaku.com/item/K0001187538/,NVIDIA GeForceGTX1650,896,4000.0,128.0,8002.000000000001,PCIExpress3.0,19367
79,玄人志向 GALAKURO GAMING GG-GTX1660-E6GB/DF [PCIExp 6GB],https://kakaku.com/item/K0001171866/,NVIDIA GeForceGTX1660,1408,6000.0,192.0,8000.0,PCIExpress3.0x16,24207
80,玄人志向 RD-RX5700XT-E8GB/DF [PCIExp 8GB],https://kakaku.com/item/K0001195294/,AMD RadeonRX5700XT,2560,8000.0,256.0,14000.0,PCIExpress4.0x16,46919
81,ZOTAC ZOTAC GAMING GeForce RTX 2070 SUPER Twin Fan ZT-T20710F-10P [PCIExp 8GB],https://kakaku.com/item/K0001174641/,NVIDIA GeForceRTX2070SUPER,2560,8000.0,256.0,14000.0,PCIExpress3.0x16,59799
82,MSI Radeon RX Vega 64 Air Boost 8G OC [PCIExp 8GB],https://kakaku.com/item/K0001056814/,AMD RadeonRXVega64,4096,8000.0,2048.0,945.0,PCIExpress3.0x16,34980
83,ASUS ROG-STRIX-GTX1660TI-O6G-GAMING [PCIExp 6GB],https://kakaku.com/item/K0001133238/,NVIDIA GeForceGTX1660Ti,1536,6000.0,192.0,12002.0,PCIExpress3.0,41299
84,GIGABYTE GV-N1660OC-6GD [PCIExp 6GB],https://kakaku.com/item/K0001140144/,NVIDIA GeForceGTX1660,1408,6000.0,192.0,8002.000000000001,PCIExpress3.0x16,25278
85,ASUS ROG-STRIX-RTX2070S-O8G-GAMING [PCIExp 8GB],https://kakaku.com/item/K0001211457/,NVIDIA GeForceRTX2070SUPER,2560,8000.0,256.0,14000.0,PCIExpress3.0,67980
86,GIGABYTE GV-N1650OC-4GL [PCIExp 4GB],https://kakaku.com/item/K0001222039/,NVIDIA GeForceGTX1650,896,4000.0,128.0,8002.000000000001,PCIExpress3.0x16,19264
87,MSI GeForce GTX 1660 GAMING X 6G [PCIExp 6GB],https://kakaku.com/item/K0001140062/,NVIDIA GeForceGTX1660,1408,6000.0,192.0,8000.0,PCIExpress3.0x16,28050
88,MSI GT 710 2GD3H LP [PCIExp 2GB],https://kakaku.com/item/K0000849552/,NVIDIA GeForceGT710,192,2000.0,64.0,1600.0,PCIExpress2.0x8 接続スロット：PCI-Expressx16,4378
89,MSI R7 240 2GD3 64b LP [PCIExp 2GB],https://kakaku.com/item/K0001051737/,AMD RadeonR7240,320,2000.0,64.0,,PCIExpress3.0x8 接続スロット：PCI-Expressx16,5000
90,ASUS ROG-STRIX-RX5700XT-O8G-GAMING [PCIExp 8GB],https://kakaku.com/item/K0001188519/,AMD RadeonRX5700XT,2560,8000.0,256.0,14000.0,PCIExpress4.0,53549
91,ASUS DUAL-RTX2070S-8G-EVO [PCIExp 8GB],https://kakaku.com/item/K0001187536/,NVIDIA GeForceRTX2070SUPER,2560,8000.0,256.0,14000.0,PCIExpress3.0,59950
92,ZOTAC ZOTAC GAMING GeForce RTX 2060 AMP Edition ZT-T20600D-10M [PCIExp 6GB],https://kakaku.com/item/K0001120213/,NVIDIA GeForceRTX2060,1920,6000.0,192.0,14000.0,PCIExpress3.0x16,36531
93,ZOTAC ZOTAC GAMING GeForce RTX 2070 SUPER AMP Extreme ZT-T20710B-10P [PCIExp 8GB],https://kakaku.com/item/K0001178060/,NVIDIA GeForceRTX2070SUPER,2560,8000.0,256.0,14000.0,PCIExpress3.0,68138
94,Palit Microsystems NE62070018P2-1160A (GeForce RTX2070 Dual 8GB) [PCIExp 8GB] ドスパラWeb限定モデル,https://kakaku.com/item/K0001221117/,NVIDIA GeForceRTX2070,2304,8000.0,256.0,14000.0,PCIExpress3.0x16,47980
95,Palit Microsystems NE6207SS19P2-180T (GeForce RTX2070 SUPER GP PREMIUM) [PCIExp 8GB] ドスパラWeb限定モデル,https://kakaku.com/item/K0001225997/,NVIDIA GeForceRTX2070SUPER,2560,8000.0,256.0,14000.0,PCIExpress3.0x16,61900
96,MSI GeForce RTX 2070 SUPER GAMING Z TRIO [PCIExp 8GB],https://kakaku.com/item/K0001217730/,NVIDIA GeForceRTX2070SUPER,2560,8000.0,256.0,15500.0,PCIExpress3.0x16,79750
97,ASUS ROG-STRIX-GTX1650-O4G-GAMING [PCIExp 4GB],https://kakaku.com/item/K0001156961/,NVIDIA GeForceGTX1650,896,4000.0,128.0,8002.000000000001,PCIExpress3.0,21980
98,Palit Microsystems NE51660S18J9-165F (GeForce GTX1660 6GB STORMX OC) [PCIExp 6GB] ドスパラWeb限定モデル,https://kakaku.com/item/K0001140088/,NVIDIA GeForceGTX1660,1408,6000.0,,8000.0,PCIExpress3.0x16,23986
99,MSI GeForce RTX 2080 SUPER GAMING X TRIO [PCIExp 8GB],https://kakaku.com/item/K0001180626/,NVIDIA GeForceRTX2080SUPER,3072,8000.0,256.0,15500.0,PCIExpress3.0x16,98780
100,玄人志向 GALAKURO GAMING GG-RTX2080Ti-E11GB/TP [PCIExp 11GB],https://kakaku.com/item/K0001171864/,NVIDIA GeForceRTX2080Ti,4352,11000.0,352.0,14000.0,PCIExpress3.0x16,134200
101,玄人志向 GF-GT710-E1GB/HS [PCIExp 1GB],https://kakaku.com/item/K0001127556/,NVIDIA GeForceGT710,192,1000.0,64.0,1000.0,PCIExpress2.0x16,3280
102,SAPPHIRE SAPPHIRE PULSE RADEON RX 550 2G GDDR5 HDMI/DVI-D/DP (UEFI) V2 [PCIExp 2GB],https://kakaku.com/item/K0001213716/,AMD RadeonRX550,640,2000.0,128.0,6000.0,PCIExpress3.0x16,10557
103,ASUS TUF-GTX1660S-O6G-GAMING [PCIExp 6GB],https://kakaku.com/item/K0001215823/,NVIDIA GeForceGTX1660SUPER,1408,6000.0,192.0,14002.0,PCIExpress3.0,30279
104,ASRock Radeon RX 5700 XT Taichi X 8G OC+ [PCIExp 8GB],https://kakaku.com/item/K0001198118/,AMD RadeonRX5700XT,2560,8000.0,256.0,14000.0,PCIExpress4.0x16,58800
105,玄人志向 GALAKURO GK-RTX2070SP-E8GB/WHITE/TP [PCIExp 8GB],https://kakaku.com/item/K0001188363/,NVIDIA GeForceRTX2070SUPER,2560,8000.0,256.0,14000.0,PCIExpress3.0x16,60478
106,玄人志向 RD-RX5500XT-E8GB [PCIExp 8GB],https://kakaku.com/item/K0001219866/,AMD RadeonRX5500XT,1408,8000.0,128.0,14000.0,PCIExpress4.0x8,24725
107,ZOTAC ZOTAC GAMING GeForce GTX 1660 SUPER AMP ZT-T16620D-10M [PCIExp 6GB],https://kakaku.com/item/K0001206477/,NVIDIA GeForceGTX1660SUPER,1408,6000.0,192.0,14000.0,PCIExpress3.0x16,30980
108,MSI GeForce GTX 1660 Ti GAMING X 6G [PCIExp 6GB],https://kakaku.com/item/K0001133999/,NVIDIA GeForceGTX1660Ti,1536,6000.0,192.0,12000.0,PCIExpress3.0x16,41580
109,MSI GeForce RTX 2070 SUPER VENTUS [PCIExp 8GB],https://kakaku.com/item/K0001220480/,NVIDIA GeForceRTX2070SUPER,2560,8000.0,256.0,14000.0,PCIExpress3.0x16,57750
110,ELSA NVIDIA Quadro P2200 EQP2200-5GER [PCIExp 5GB],https://kakaku.com/item/K0001183351/,NVIDIA QuadroP2200,1280,5000.0,160.0,,PCIExpress3.0x16,59399
111,ZOTAC ZOTAC GAMING GeForce RTX 2070 SUPER MINI ZT-T20710E-10M [PCIExp 8GB],https://kakaku.com/item/K0001193284/,NVIDIA GeForceRTX2070SUPER,2560,8000.0,256.0,14000.0,PCIExpress3.0x16,61600
112,GIGABYTE GV-N2060OC-6GD [PCIExp 6GB],https://kakaku.com/item/K0001120840/,NVIDIA GeForceRTX2060,1920,6000.0,192.0,14000.0,PCIExpress3.0x16,37649
113,GIGABYTE AORUS GV-N207SAORUS-8GC [PCIExp 8GB],https://kakaku.com/item/K0001173220/,NVIDIA GeForceRTX2070SUPER,2560,8000.0,256.0,14000.0,PCIExpress3.0x16,73516
114,ASUS PH-GTX1660TI-O6G [PCIExp 6GB],https://kakaku.com/item/K0001133237/,NVIDIA GeForceGTX1660Ti,1536,6000.0,192.0,12002.0,PCIExpress3.0,29678
115,ASRock Radeon RX 5600 XT Challenger D 6G OC [PCIExp 6GB],https://kakaku.com/item/K0001226225/,AMD RadeonRX5600XT,2304,6000.0,192.0,12000.0,PCIExpress4.0x16,39578
116,MSI GeForce RTX 2070 VENTUS GP [PCIExp 8GB],https://kakaku.com/item/K0001217228/,NVIDIA GeForceRTX2070,2304,8000.0,256.0,14000.0,PCIExpress3.0x16,50576
117,ZOTAC ZOTAC GAMING GeForce RTX 2060 ZT-T20600H-10M [PCIExp 6GB],https://kakaku.com/item/K0001222038/,NVIDIA GeForceRTX2060,1920,6000.0,192.0,14000.0,PCIExpress3.0x16,37378
118,MSI GeForce RTX 2060 VENTUS XS 6G OC [PCIExp 6GB],https://kakaku.com/item/K0001140150/,NVIDIA GeForceRTX2060,1920,6000.0,192.0,14000.0,PCIExpress3.0x16,38167
119,玄人志向 GF-RTX2070-E8GB/DF2 [PCIExp 8GB],https://kakaku.com/item/K0001219865/,NVIDIA GeForceRTX2070,2304,8000.0,256.0,14000.0,PCIExpress3.0x16,46319
120,SAPPHIRE SAPPHIRE R5 230 1G DDR3 PCI-E H/D/V [PCIExp 1GB],https://kakaku.com/item/K0000839138/,AMD RadeonR5230,160,1000.0,64.0,,PCIExpress2.1x16,3278
121,ASUS GT710-SL-2GD5-BRK [PCIExp 2GB],https://kakaku.com/item/K0000977925/,NVIDIA GeForceGT710,192,2000.0,64.0,5012.0,PCIExpress2.0,5000
122,ASUS TUF-GTX1650S-O4G-GAMING [PCIExp 4GB],https://kakaku.com/item/K0001214538/,NVIDIA GeForceGTX1650SUPER,1280,4000.0,128.0,12002.0,PCIExpress3.0,22000
123,ASUS PH-GTX1660S-O6G [PCIExp 6GB],https://kakaku.com/item/K0001206485/,NVIDIA GeForceGTX1660SUPER,1408,6000.0,192.0,14002.0,PCIExpress3.0,27270
124,玄人志向 GF-GTX1660Ti-E6GB/DF [PCIExp 6GB],https://kakaku.com/item/K0001135568/,NVIDIA GeForceGTX1660Ti,1536,6000.0,192.0,12000.0,PCIExpress3.0x16,30800
125,GIGABYTE GV-N2080WF3OC-8GC [PCIExp 8GB],https://kakaku.com/item/K0001082423/,NVIDIA GeForceRTX2080,2944,8000.0,256.0,14000.0,PCIExpress3.0x16,73400
126,ASUS TUF 3-GTX1660S-O6G-GAMING [PCIExp 6GB],https://kakaku.com/item/K0001206484/,NVIDIA GeForceGTX1660SUPER,1408,6000.0,192.0,14002.0,PCIExpress3.0,31800
127,ASUS ROG-STRIX-RTX2060S-O8G-EVO-GAMING [PCIExp 8GB],https://kakaku.com/item/K0001211456/,NVIDIA GeForceRTX2060SUPER,2176,8000.0,256.0,14000.0,PCIExpress3.0,58345
128,GIGABYTE GV-N1650OC-4GD [PCIExp 4GB],https://kakaku.com/item/K0001152724/,NVIDIA GeForceGTX1650,896,4000.0,128.0,8002.000000000001,PCIExpress3.0x16,17050
129,SAPPHIRE SAPPHIRE NITRO+ RADEON RX 580 8G GDDR5 OC SA-RX580-8GD5N+001V2/11265-01-20G [PCIExp 8GB],https://kakaku.com/item/K0001122412/,AMD RadeonRX580,2304,8000.0,256.0,8000.0,PCIExpress3.0x16,24187
130,Palit Microsystems NE51660S18J9-1161A (GeForce GTX1660 6GB DUAL OC) [PCIExp 6GB] ドスパラWeb限定モデル,https://kakaku.com/item/K0001146423/,NVIDIA GeForceGTX1660,1408,6000.0,,8000.0,PCIExpress3.0x16,24233
131,SAPPHIRE SAPPHIRE PULSE RX 5600 XT 6G GDDR6 [PCIExp 6GB],https://kakaku.com/item/K0001224525/,AMD RadeonRX5600XT,2304,6000.0,192.0,12000.0,PCIExpress4.0,41800
132,MSI GeForce RTX 2060 SUPER ARMOR OC [PCIExp 8GB],https://kakaku.com/item/K0001195834/,NVIDIA GeForceRTX2060SUPER,2176,8000.0,256.0,14000.0,PCIExpress3.0x16,51091
133,ASUS PH-RTX2060-6G [PCIExp 6GB],https://kakaku.com/item/K0001137644/,NVIDIA GeForceRTX2060,1920,6000.0,192.0,14000.0,PCIExpress3.0,37755
134,Palit Microsystems NE5103000646-1080F (GeForce GT 1030 2GB LP) [PCIExp 2GB] ドスパラWeb限定モデル,https://kakaku.com/item/K0000967476/,NVIDIA GeForceGT1030,384,2000.0,64.0,6000.0,PCIExpress3.0x16,8728
135,MSI Radeon RX 5500 XT MECH 4G OC [PCIExp 4GB],https://kakaku.com/item/K0001219749/,AMD RadeonRX5500XT,1408,4000.0,128.0,14000.0,PCIExpress4.0,22000
136,MSI GeForce GTX 1660 AERO ITX 6G OC [PCIExp 6GB],https://kakaku.com/item/K0001140063/,NVIDIA GeForceGTX1660,1408,6000.0,192.0,8000.0,PCIExpress3.0x16,25849
137,MSI GeForce GTX 1660 Ti AERO ITX 6G [PCIExp 6GB],https://kakaku.com/item/K0001204968/,NVIDIA GeForceGTX1660Ti,1536,6000.0,192.0,12000.0,PCIExpress3.0x16,30778
138,Palit Microsystems NE6208SS19P2-180T (GeForce RTX2080 SUPER GP OC) [PCIExp 8GB] ドスパラWeb限定モデル,https://kakaku.com/item/K0001225996/,NVIDIA GeForceRTX2080SUPER,3072,8000.0,256.0,15500.0,PCIExpress3.0x16,86980
139,玄人志向 GF-GT710-E2GB/HS [PCIExp 2GB],https://kakaku.com/item/K0001173594/,NVIDIA GeForceGT710,192,2000.0,64.0,1000.0,PCIExpress2.0x16,4079
140,ASUS TUF-GTX1650-O4G-GAMING [PCIExp 4GB],https://kakaku.com/item/K0001194293/,NVIDIA GeForceGTX1650,896,4000.0,128.0,8002.000000000001,PCIExpress3.0,18085
141,ELSA NVIDIA Quadro P620 EQP620-2GER [PCIExp 2GB],https://kakaku.com/item/K0001039626/,NVIDIA QuadroP620,,2000.0,128.0,,PCIExpress3.0x16,23979
142,ASUS PH-GTX1660-O6G [PCIExp 6GB],https://kakaku.com/item/K0001140065/,NVIDIA GeForceGTX1660,1408,6000.0,192.0,8002.000000000001,PCIExpress3.0,25051
143,GIGABYTE GV-R57GAMING OC-8GD [PCIExp 8GB],https://kakaku.com/item/K0001186003/,AMD RadeonRX5700,2304,8000.0,256.0,14000.0,PCIExpress4.0x16,40602
144,ELSA ELSA GeForce RTX 2070 Super ERAZOR GAMING GD2070-8GERSES [PCIExp 8GB],https://kakaku.com/item/K0001174062/,NVIDIA GeForceRTX2070SUPER,2560,8000.0,256.0,14000.0,PCIExpress3.0x16,67422
145,玄人志向 GF-GT1030-E2GB/LP/D5 [PCIExp 2GB],https://kakaku.com/item/K0001145788/,NVIDIA GeForceGT1030,384,2000.0,64.0,6008.0,PCIExpress3.0x4 接続スロット：PCI-Expressx16,9022
146,ASUS TURBO-RTX2060S-8G-EVO [PCIExp 8GB],https://kakaku.com/item/K0001191899/,NVIDIA GeForceRTX2060SUPER,2176,8000.0,256.0,14000.0,PCIExpress3.0,48980
147,ZOTAC ZOTAC GAMING GeForce GTX 1650 OC ZT-T16500F-10L [PCIExp 4GB],https://kakaku.com/item/K0001152722/,NVIDIA GeForceGTX1650,896,4000.0,128.0,8000.0,PCIExpress3.0x16,15950
148,Colorful GeForce GTX 1650 SUPER NB 4G [PCIExp 4GB],https://kakaku.com/item/K0001214304/,NVIDIA GeForceGTX1650SUPER,1280,4000.0,128.0,12000.0,PCIExpress3.0x16,19990
149,ASUS ROG-STRIX-RX570-O4G-GAMING [PCIExp 4GB],https://kakaku.com/item/K0000960805/,AMD RadeonRX570,2048,4000.0,256.0,7000.0,PCIExpress3.0x16,20372
150,SAPPHIRE SAPPHIRE PULSE RADEON RX 570 8G GDDR5 DUAL HDMI/DUAL DP OC W/BP (UEFI) [PCIExp 8GB],https://kakaku.com/item/K0001125314/,AMD RadeonRX570,2048,8000.0,256.0,7000.0,PCIExpress3.0x16,22259
151,GIGABYTE GV-N207SGAMING OC WHITE-8GD [PCIExp 8GB],https://kakaku.com/item/K0001195781/,NVIDIA GeForceRTX2070SUPER,2560,8000.0,256.0,14000.0,PCIExpress3.0x16,66800
152,ZOTAC ZOTAC GAMING GeForce RTX 2080 Ti Blower ZT-T20810A-10P [PCIExp 11GB],https://kakaku.com/item/K0001117106/,NVIDIA GeForceRTX2080Ti,4352,11000.0,352.0,,PCIExpress3.0x16,145860
153,GIGABYTE AORUS GV-N208TAORUSX W-11GC [PCIExp 11GB],https://kakaku.com/item/K0001113734/,NVIDIA GeForceRTX2080Ti,4352,11000.0,352.0,14140.0,PCIExpress3.0x16,196949
154,玄人志向 GF-GT710-E2GB/LP/P [PCIExp 2GB],https://kakaku.com/item/K0001205036/,NVIDIA GeForceGT710,192,2000.0,64.0,1600.0,PCIExpress2.0x8,4180
155,玄人志向 RD-RX560-E2GB/OC REV2.0 [PCIExp 2GB],https://kakaku.com/item/K0001045284/,AMD RadeonRX560,1024,2000.0,128.0,6000.0,PCIExpress3.0x8 接続スロット：PCI-Expressx16,9579
156,ASUS ROG-STRIX-RX5500XT-O8G-GAMING [PCIExp 8GB],https://kakaku.com/item/K0001220585/,AMD RadeonRX5500XT,1408,8000.0,128.0,14000.0,PCIExpress4.0,31561
157,玄人志向 RD-RX5700-E8GB/DF [PCIExp 8GB],https://kakaku.com/item/K0001195295/,AMD RadeonRX5700,2304,8000.0,256.0,14000.0,PCIExpress4.0x16,39389
158,MSI GeForce RTX 2060 SUPER AERO ITX [PCIExp 8GB],https://kakaku.com/item/K0001176827/,NVIDIA GeForceRTX2060SUPER,2176,8000.0,256.0,14000.0,PCIExpress3.0x16,48980
159,ELSA ELSA GeForce RTX 2080 Ti ERAZOR GAMING GD2080-11GERTES2 [PCIExp 11GB],https://kakaku.com/item/K0001176226/,NVIDIA GeForceRTX2080Ti,4352,11000.0,352.0,14000.0,PCIExpress3.0x16,150608
160,SAPPHIRE SAPPHIRE PULSE RADEON RX 560 2G GDDR5 [PCIExp 2GB],https://kakaku.com/item/K0001000815/,AMD RadeonRX560,1024,2000.0,128.0,,PCIExpressx16,11800
161,GIGABYTE AORUS GV-R57XTAORUS-8GD [PCIExp 8GB],https://kakaku.com/item/K0001222221/,AMD RadeonRX5700XT,2560,8000.0,256.0,14000.0,PCIExpress4.0x16,57178
162,ASUS DUAL-RTX2080TI-O11G [PCIExp 11GB],https://kakaku.com/item/K0001082412/,NVIDIA GeForceRTX2080Ti,4352,11000.0,352.0,14000.0,PCIExpress3.0,152569
163,GIGABYTE GV-N1030D5-2GL [PCIExp 2GB],https://kakaku.com/item/K0000965885/,NVIDIA GeForceGT1030,384,2000.0,64.0,6008.0,PCIExpress3.0x16,9935
164,ELSA ELSA GeForce GT 730 1GB QD GD730-1GERQD [PCIExp 1GB],https://kakaku.com/item/K0000741594/,NVIDIA GeForceGT730(64-bitDDR3),384,1000.0,,,PCIExpress2.0x8 接続スロット：PCI-Expressx16,12199
165,ELSA NVIDIA Quadro P400 EQP400-2GER [PCIExp 2GB],https://kakaku.com/item/K0000941948/,NVIDIA QuadroP400,256,2000.0,64.0,,PCIExpress3.0x16,15716
166,玄人志向 GALAKURO GAMING GG-GTX1650SP-E4GB/DF [PCIExp 4GB],https://kakaku.com/item/K0001222037/,NVIDIA GeForceGTX1650SUPER,1280,4000.0,128.0,12000.0,PCIExpress3.0x16,21120
167,ELSA ELSA GeForce GTX 1650 SP GD1650-4GERSP [PCIExp 4GB],https://kakaku.com/item/K0001183314/,NVIDIA GeForceGTX1650,896,4000.0,128.0,8000.0,PCIExpress3.0x16,23299
168,ASRock Radeon RX 5700 Challenger D 8G OC [PCIExp 8GB],https://kakaku.com/item/K0001186913/,AMD RadeonRX5700,2304,8000.0,256.0,14000.0,PCIExpress4.0x16,39980
169,MSI Radeon RX 5600 XT MECH OC [PCIExp 6GB],https://kakaku.com/item/K0001226662/,AMD RadeonRX5600XT,2304,6000.0,192.0,12000.0,PCIExpress4.0x16,41800
170,Palit Microsystems NE6206ST19P2-1061J (GeForce RTX2060 SUPER JS 8GB) [PCIExp 8GB] ドスパラWeb限定モデル,https://kakaku.com/item/K0001173639/,NVIDIA GeForceRTX2060SUPER,2176,8000.0,256.0,14000.0,PCIExpress3.0x16,49056
171,ZOTAC ZOTAC GAMING GeForce RTX 2070 SUPER AMP ZT-T20710D-10P [PCIExp 8GB],https://kakaku.com/item/K0001178061/,NVIDIA GeForceRTX2070SUPER,2560,8000.0,256.0,14000.0,PCIExpress3.0,62457
172,MSI GeForce RTX 2080 VENTUS 8G V2 [PCIExp 8GB],https://kakaku.com/item/K0001145126/,NVIDIA GeForceRTX2080,2944,8000.0,256.0,14000.0,PCIExpress3.0x16,83380
173,ASUS DUAL-RTX2080S-O8G-EVO [PCIExp 8GB],https://kakaku.com/item/K0001179209/,NVIDIA GeForceRTX2080SUPER,3072,8000.0,256.0,15500.0,PCIExpress3.0,85500
174,ZOTAC ZOTAC GAMING GeForce RTX 2080 SUPER AMP ZT-T20820D-10P [PCIExp 8GB],https://kakaku.com/item/K0001176806/,NVIDIA GeForceRTX2080SUPER,3072,8000.0,256.0,15500.0,PCIExpress3.0x16,89735
175,玄人志向 RD-R5-230-E1GB/HS [PCIExp 1GB],https://kakaku.com/item/K0001130126/,AMD RadeonR5230,160,1000.0,64.0,1334.0,PCIExpress2.1x16,3544
176,ASUS DUAL-GTX1660TI-6G [PCIExp 6GB],https://kakaku.com/item/K0001195296/,NVIDIA GeForceGTX1660Ti,1536,6000.0,192.0,12002.0,PCIExpress3.0,31020
177,GIGABYTE GV-N166SGAMING OC-6GD [PCIExp 6GB],https://kakaku.com/item/K0001206482/,NVIDIA GeForceGTX1660SUPER,1408,6000.0,192.0,14000.0,PCIExpress3.0x16,32980
178,ELSA ELSA GeForce GTX 1660 Super S.A.C GD1660-6GERSS [PCIExp 6GB],https://kakaku.com/item/K0001217227/,NVIDIA GeForceGTX1660SUPER,1408,6000.0,192.0,14000.0,PCIExpress3.0x16,32999
179,ASUS TUF-GTX1660TI-O6G-GAMING [PCIExp 6GB],https://kakaku.com/item/K0001161471/,NVIDIA GeForceGTX1660Ti,1536,6000.0,192.0,12002.0,PCIExpress3.0,35500
180,ELSA ELSA GeForce GTX 1660 Ti S.A.C GD1660-6GERTS [PCIExp 6GB],https://kakaku.com/item/K0001162817/,NVIDIA GeForceGTX1660Ti,1536,6000.0,192.0,12000.0,PCIExpress3.0x16,37233
181,ASUS ROG-STRIX-RTX2060-O6G-GAMING [PCIExp 6GB],https://kakaku.com/item/K0001119383/,NVIDIA GeForceRTX2060,1920,6000.0,192.0,,PCIExpress,49718
182,ELSA ELSA GeForce RTX 2080 Super ERAZOR GAMING GD2080-8GERSES [PCIExp 8GB],https://kakaku.com/item/K0001188362/,NVIDIA GeForceRTX2080SUPER,3072,8000.0,256.0,15500.0,PCIExpress3.0x16,104800
183,MSI GEFORCE GTX1650 GAMING 4G [PCIExp 4GB] NTT-X Store限定モデル,https://kakaku.com/item/K0001177145/,NVIDIA GeForceGTX1650,896,4000.0,128.0,8000.0,PCIExpress3.0x16,18678
184,玄人志向 RD-RX590-E8GB/OC/DF [PCIExp 8GB],https://kakaku.com/item/K0001133708/,AMD RadeonRX590,2304,8000.0,256.0,8000.0,PCIExpress3.0x16,22438
185,PowerColor PowerColor RX 5500XT 4GB GDDR6 AXRX 5500XT 4GBD6-DH [PCIExp 4GB],https://kakaku.com/item/K0001219747/,AMD RadeonRX5500XT,1408,4000.0,128.0,14000.0,PCIExpress4.0x16,23470
186,MSI Radeon RX 590 ARMOR 8G OC [PCIExp 8GB],https://kakaku.com/item/K0001145125/,AMD RadeonRX590,2304,8000.0,256.0,8000.0,PCIExpressx16,29800
187,ASRock Radeon RX 5600 XT Phantom Gaming D2 6G OC [PCIExp 6GB],https://kakaku.com/item/K0001226226/,AMD RadeonRX5600XT,2304,6000.0,192.0,12000.0,PCIExpress4.0x16,41250
188,ASUS TURBO-RTX2070S-8G-EVO [PCIExp 8GB],https://kakaku.com/item/K0001181725/,NVIDIA GeForceRTX2070SUPER,2560,8000.0,256.0,14000.0,PCIExpress3.0,63800
189,ASUS TUF-GTX1660-O6G-GAMING [PCIExp 6GB],https://kakaku.com/item/K0001140064/,NVIDIA GeForceGTX1660,1408,6000.0,192.0,8002.000000000001,PCIExpress3.0,28836
190,ASUS GT710-SL-1GD5-BRK [PCIExp 1GB],https://kakaku.com/item/K0001006893/,NVIDIA GeForceGT710,192,1000.0,32.0,5012.0,PCIExpress2.0,4059
191,MSI Radeon RX 580 GAMING X 8G [PCIExp 8GB],https://kakaku.com/item/K0000962432/,AMD RadeonRX580,2304,8000.0,256.0,,PCIExpress3.0x16,24130
192,玄人志向 GF-GTX1060-E6GB/GD5X [PCIExp 6GB],https://kakaku.com/item/K0001114650/,NVIDIA GeForceGTX1060,1280,6000.0,192.0,8007.999999999999,PCIExpress3.0x16,26800
193,Colorful GeForce GTX 1660 SUPER NB 6G [PCIExp 6GB],https://kakaku.com/item/K0001207428/,NVIDIA GeForceGTX1660SUPER,1408,6000.0,192.0,14000.0,PCIExpress3.0x16,28800
194,PowerColor PowerColor Red Dragon Radeon RX 5600XT AXRX 5600XT 6GBD6-3DHR/OC [PCIExp 6GB],https://kakaku.com/item/K0001226229/,AMD RadeonRX5600XT,2304,6000.0,192.0,14000.0,PCIExpress4.0,38670
195,MSI GeForce RTX 2060 SUPER VENTUS OC [PCIExp 8GB],https://kakaku.com/item/K0001180627/,NVIDIA GeForceRTX2060SUPER,2176,8000.0,256.0,14000.0,PCIExpress3.0x16,47260
196,MSI GeForce RTX 2060 SUPER GAMING [PCIExp 8GB],https://kakaku.com/item/K0001213722/,NVIDIA GeForceRTX2060SUPER,2176,8000.0,256.0,14000.0,PCIExpress3.0x16,54780
197,ELSA NVIDIA Quadro RTX 8000 ENQR8000-48GER [PCIExp 48GB],https://kakaku.com/item/K0001132781/,NVIDIA QuadroRTX8000,4608,48000.0,384.0,,PCIExpress3.0x16,798700
198,ASUS TURBO-RTX2080S-8G-EVO [PCIExp 8GB],https://kakaku.com/item/K0001211455/,NVIDIA GeForceRTX2080SUPER,3072,8000.0,256.0,15500.0,PCIExpress3.0,93238
199,ASRock Phantom Gaming Radeon RX560 4G [PCIExp 4GB],https://kakaku.com/item/K0001112484/,AMD RadeonRX560(14ユニット),896,4000.0,128.0,7000.0,PCIExpress3.0x8 接続スロット：PCI-Expressx16,14278
200,GIGABYTE GV-N1660GAMING OC-6GD [PCIExp 6GB],https://kakaku.com/item/K0001140143/,NVIDIA GeForceGTX1660,1408,6000.0,192.0,8002.000000000001,PCIExpress3.0x16,27413
201,SAPPHIRE SAPPHIRE PULSE RADEON RX 5500 XT 8G GDDR6 HDMI/TRIPLE DP OC W/BP (UEFI) [PCIExp 8GB],https://kakaku.com/item/K0001220537/,AMD RadeonRX5500XT,1408,8000.0,128.0,14000.0,PCIExpress4.0x8 接続スロット：PCIExpressx16,28078
202,ZOTAC ZOTAC GAMING GeForce GTX 1660 Ti AMP 6GB GDDR6 ZT-T16610D-10M [PCIExp 6GB],https://kakaku.com/item/K0001138277/,NVIDIA GeForceGTX1660Ti,1536,6000.0,192.0,12000.0,PCIExpress3.0x16,36406
203,ASRock ASRock Radeon RX 5700 XT 8G [PCIExp 8GB],https://kakaku.com/item/K0001172579/,AMD RadeonRX5700XT,2560,8000.0,256.0,14000.0,PCIExpress4.0x16,54348
204,SAPPHIRE SAPPHIRE NITRO+ RADEON RX 5700 XT 8G GDDR6 DUAL HDMI/DUAL DP OC (UEFI) SPECIAL EDITION [PCIExp 8GB],https://kakaku.com/item/K0001214543/,AMD RadeonRX5700XT,2560,8000.0,256.0,14400.0,PCIExpress4.0x16,65780
205,玄人志向 GALAKURO GAMING GG-RTX2080SP-E8GB/DF [PCIExp 8GB],https://kakaku.com/item/K0001176804/,NVIDIA GeForceRTX2080SUPER,3072,8000.0,256.0,15500.0,PCIExpress3.0x16,83380
206,玄人志向 GALAKURO GK-RTX2080Ti-HOF 10th AE [PCIExp 11GB],https://kakaku.com/item/K0001181264/,NVIDIA GeForceRTX2080Ti,4352,11000.0,352.0,14000.0,PCIExpress3.0x16,198000
207,ELSA ELSA GeForce GTX 1650 S.A.C GD1650-4GERS [PCIExp 4GB],https://kakaku.com/item/K0001176227/,NVIDIA GeForceGTX1650,896,4000.0,128.0,8000.0,PCIExpress3.0x16,21800
208,SAPPHIRE SAPPHIRE PULSE RADEON RX 580 8G GDDR5 OC [PCIExp 8GB],https://kakaku.com/item/K0000960149/,AMD RadeonRX580,2304,8000.0,256.0,,PCIExpress3.0x16,26294
209,ASUS DUAL-RTX2060-O6G-EVO [PCIExp 6GB],https://kakaku.com/item/K0001161470/,NVIDIA GeForceRTX2060,1920,6000.0,192.0,14000.0,PCIExpress3.0,43977
210,HIS HS-57TR8DSBR [PCIExp 8GB],https://kakaku.com/item/K0001182146/,AMD RadeonRX5700XT,2560,8000.0,256.0,14000.0,PCIExpress4.0x16,48378
211,ZOTAC ZOTAC GAMING GeForce RTX 2080 SUPER AMP Extreme ZT-T20820B-10P [PCIExp 8GB],https://kakaku.com/item/K0001176805/,NVIDIA GeForceRTX2080SUPER,3072,8000.0,256.0,15500.0,PCIExpress3.0x16,99800
212,GIGABYTE GV-N208TGAMING OC-11GC [PCIExp 11GB],https://kakaku.com/item/K0001082422/,NVIDIA GeForceRTX2080Ti,4352,11000.0,352.0,14000.0,PCIExpress3.0x16,146707
213,GIGABYTE AORUS GV-N208TAORUS X-11GC [PCIExp 11GB],https://kakaku.com/item/K0001113735/,NVIDIA GeForceRTX2080Ti,4352,11000.0,352.0,14140.0,PCIExpress3.0x16,174974
214,PowerColor PowerColor Liquid Devil Radeon RX 5700 XT AXRX 5700XT 8GBD6-WDH/OC [PCIExp 8GB],https://kakaku.com/item/K0001215312/,AMD RadeonRX5700XT,2560,8000.0,256.0,14000.0,PCIExpress4.0,72800
215,SAPPHIRE SAPPHIRE PULSE RADEON RX 570 ITX 4G GDDR5 [PCIExp 4GB],https://kakaku.com/item/K0001031606/,AMD RadeonRX570,2048,4000.0,256.0,,PCIExpress3.0x16,16800
216,GIGABYTE GV-N1650IXOC-4GD [PCIExp 4GB],https://kakaku.com/item/K0001152725/,NVIDIA GeForceGTX1650,896,4000.0,128.0,8002.000000000001,PCIExpress3.0x16,17152
217,ELSA NVIDIA Quadro P620 EQP620-2GER2 [PCIExp 2GB],https://kakaku.com/item/K0001225838/,NVIDIA QuadroP620,512,2000.0,128.0,,PCIExpress3.0x16,24740
218,GIGABYTE GV-N166TOC-6GD [PCIExp 6GB],https://kakaku.com/item/K0001133236/,NVIDIA GeForceGTX1660Ti,1536,6000.0,192.0,12000.0,PCIExpress3.0x16,34602
219,GIGABYTE GV-N166TIXOC-6GD [PCIExp 6GB],https://kakaku.com/item/K0001133235/,NVIDIA GeForceGTX1660Ti,1536,6000.0,192.0,12000.0,PCIExpress3.0x16,36418
220,ZOTAC ZOTAC GAMING GeForce RTX 2060 Twin Fan ZT-T20600F-10M [PCIExp 6GB],https://kakaku.com/item/K0001120214/,NVIDIA GeForceRTX2060,1920,6000.0,192.0,14000.0,PCIExpress3.0x16,39980
221,PowerColor PowerColor Red Devil Radeon RX 5600XT AXRX 5600XT 6GBD6-3DHE/OC [PCIExp 6GB],https://kakaku.com/item/K0001226228/,AMD RadeonRX5600XT,2304,6000.0,192.0,14000.0,PCIExpress4.0,42880
222,ELSA NVIDIA Quadro P1000 EQP1000-4GER [PCIExp 4GB],https://kakaku.com/item/K0000941946/,NVIDIA QuadroP1000,640,4000.0,128.0,,PCIExpress3.0x16,44769
223,MSI GeForce RTX 2060 GAMING Z 6G [PCIExp 6GB],https://kakaku.com/item/K0001120297/,NVIDIA GeForceRTX2060,1920,6000.0,192.0,14000.0,PCIExpress3.0x16,50499
224,ELSA ELSA GeForce RTX 2060 Super S.A.C GD2060-8GERSS [PCIExp 8GB],https://kakaku.com/item/K0001174061/,NVIDIA GeForceRTX2060SUPER,2176,8000.0,256.0,14000.0,PCIExpress3.0x16,54668
225,ASUS RX5700XT-8G [PCIExp 8GB],https://kakaku.com/item/K0001174637/,AMD RadeonRX5700XT,2560,8000.0,256.0,14000.0,PCIExpress4.0,54778
226,ELSA ELSA GeForce RTX 2080 ERAZOR GAMING GD2080-8GERES [PCIExp 8GB],https://kakaku.com/item/K0001112008/,NVIDIA GeForceRTX2080,2944,8000.0,256.0,,PCIExpress3.0x16,95500
227,ELSA NVIDIA Quadro RTX 4000 ENQR4000-8GER [PCIExp 8GB],https://kakaku.com/item/K0001132780/,NVIDIA QuadroRTX4000,2304,8000.0,256.0,,PCIExpress3.0x16,141900
228,ZOTAC ZOTAC GAMING GeForce RTX 2080 Ti ArcticStorm ZT-T20810K-30P [PCIExp 11GB],https://kakaku.com/item/K0001144020/,NVIDIA GeForceRTX2080Ti,4352,11000.0,352.0,14000.0,PCIExpress3.0x16,203659
229,ASUS DUAL-RTX2080S-O8G-EVO-V2 [PCIExp 8GB],https://kakaku.com/item/K0001213895/,NVIDIA GeForceRTX2080SUPER,3072,8000.0,256.0,15500.0,PCIExpress3.0,95014
230,SAPPHIRE SAPPHIRE NITRO+ RADEON RX 5500 XT 8G GDDR6 DUAL HDMI/DUAL DP OC W/BP (UEFI) SPECIAL EDITION [PCIExp 8GB],https://kakaku.com/item/K0001220536/,AMD RadeonRX5500XT,1408,8000.0,128.0,14400.0,PCIExpress4.0x8 接続スロット：PCIExpressx16,31684
231,Palit Microsystems NE5T7100HD46-2087F (GeForce GT710 2GB) [PCIExp 2GB] ドスパラWeb限定モデル,https://kakaku.com/item/K0001217659/,NVIDIA GeForceGT710,192,2000.0,64.0,2500.0,PCIExpress2.0x8,4578
232,玄人志向 GF-GTX1660-E6GB/OC/DF [PCIExp 6GB],https://kakaku.com/item/K0001139855/,NVIDIA GeForceGTX1660,1408,6000.0,192.0,8007.999999999999,PCIExpress3.0x16,25048
233,ZOTAC ZOTAC GAMING GeForce GTX 1660 6GB GDDR5 ZT-T16600F-10L [PCIExp 6GB],https://kakaku.com/item/K0001139487/,NVIDIA GeForceGTX1660,1408,6000.0,192.0,8000.0,PCIExpress3.0x16,26115
234,ASUS DUAL-RX5500XT-O8G-EVO [PCIExp 8GB],https://kakaku.com/item/K0001220584/,AMD RadeonRX5500XT,1408,8000.0,128.0,14000.0,PCIExpress4.0,27498
235,GIGABYTE GV-N206SWF2OC-8GD [PCIExp 8GB],https://kakaku.com/item/K0001174748/,NVIDIA GeForceRTX2060SUPER,2176,8000.0,256.0,14000.0,PCIExpress3.0x16,47355
236,PowerColor PowerColor Red Dragon Radeon RX 5700XT AXRX 5700XT 8GBD6-3DHR/OC [PCIExp 8GB],https://kakaku.com/item/K0001201223/,AMD RadeonRX5700XT,2560,8000.0,256.0,14000.0,PCIExpress4.0x16,49800
237,ASUS DUAL-RTX2070S-O8G-EVO [PCIExp 8GB],https://kakaku.com/item/K0001178058/,NVIDIA GeForceRTX2070SUPER,2560,8000.0,256.0,14000.0,PCIExpress3.0,64801
238,GIGABYTE GV-N208SAORUS-8GC [PCIExp 8GB],https://kakaku.com/item/K0001176801/,NVIDIA GeForceRTX2080SUPER,3072,8000.0,256.0,15500.0,PCIExpress3.0x16,102290
239,ELSA ELSA GeForce GT 730 LP 1GB GD730-1GERL [PCIExp 1GB],https://kakaku.com/item/K0000691093/,NVIDIA GeForceGT730(64-bitDDR3),384,1000.0,,,PCIExpress2.0x8 接続スロット：PCI-Expressx16,7649
240,Manli M-NGTX1050/5R8HDP [PCIExp 2GB],https://kakaku.com/item/K0000918262/,NVIDIA GeForceGTX1050,640,2000.0,128.0,7008.0,PCIExpress3.0x16,11880
241,MSI Radeon RX 5500 XT MECH 8G OC [PCIExp 8GB],https://kakaku.com/item/K0001219748/,AMD RadeonRX5500XT,1408,8000.0,128.0,14000.0,PCIExpress4.0,27498
242,PowerColor PowerColor Red Dragon RX 5500XT 8GB GDDR6 AXRX 5500XT 8GBD6-DHR/OC [PCIExp 8GB],https://kakaku.com/item/K0001219746/,AMD RadeonRX5500XT,1408,8000.0,128.0,14000.0,PCIExpress4.0x16,27500
243,ASUS RX5700-8G [PCIExp 8GB],https://kakaku.com/item/K0001174636/,AMD RadeonRX5700,2304,8000.0,256.0,14000.0,PCIExpress4.0,43430
244,ASUS TUF-RTX2060-O6G-GAMING [PCIExp 6GB],https://kakaku.com/item/K0001141307/,NVIDIA GeForceRTX2060,1920,6000.0,192.0,14000.0,PCIExpress3.0,44840
245,ASUS ROG-STRIX-RX5700-O8G-GAMING [PCIExp 8GB],https://kakaku.com/item/K0001191359/,AMD RadeonRX5700,2304,8000.0,256.0,14000.0,PCIExpress4.0,47580
246,ASUS TUF 3-RX5700XT-O8G-GAMING [PCIExp 8GB],https://kakaku.com/item/K0001198789/,AMD RadeonRX5700XT,2560,8000.0,256.0,14000.0,PCIExpress4.0,52523
247,ELSA ELSA GeForce RTX 2070 S.A.C GD2070-8GERS [PCIExp 8GB],https://kakaku.com/item/K0001112009/,NVIDIA GeForceRTX2070,2304,8000.0,256.0,14000.0,PCIExpress3.0x16,69418
248,GIGABYTE GV-N208STURBO-8GC [PCIExp 8GB],https://kakaku.com/item/K0001176803/,NVIDIA GeForceRTX2080SUPER,3072,8000.0,256.0,15500.0,PCIExpress3.0x16,93385
249,ELSA NVIDIA Quadro P4000 EQP4000-8GER [PCIExp 8GB],https://kakaku.com/item/K0000941944/,NVIDIA QuadroP4000,1792,8000.0,256.0,,PCIExpress3.0x16,105489
250,PowerColor PowerColor Red Devil Radeon RX 5700 XT AXRX 5700XT 8GBD6-3DHE/OC [PCIExp 8GB],https://kakaku.com/item/K0001186027/,AMD RadeonRX5700XT,2560,8000.0,256.0,14000.0,PCIExpress4.0,55444
251,IODATA USBグラフィック USB-RGB/D2,https://kakaku.com/item/K0000079867/,,,,,,USB2.0,5619
252,IODATA USBグラフィック USB-RGB3/D,https://kakaku.com/item/K0000315524/,,,,,,USB2.0 USB3.0,5959
253,GIGABYTE GV-N1030SL-2GL [PCIExp 2GB],https://kakaku.com/item/K0001002215/,NVIDIA GeForceGT1030,384,2000.0,64.0,6008.0,PCIExpress3.0x16,7380
254,GIGABYTE GV-N165SOC-4GD [PCIExp 4GB],https://kakaku.com/item/K0001218166/,NVIDIA GeForceGTX1650SUPER,1280,4000.0,128.0,12000.0,PCIExpress3.0x16,21626
255,GIGABYTE GV-N165SWF2OC-4GD [PCIExp 4GB],https://kakaku.com/item/K0001214540/,NVIDIA GeForceGTX1650SUPER,1280,4000.0,128.0,12000.0,PCIExpress3.0x16,23265
256,GIGABYTE GV-R56XTGAMING OC-6GD [PCIExp 6GB],https://kakaku.com/item/K0001226232/,AMD RadeonRX5600XT,2304,6000.0,192.0,12000.0,PCIExpress4.0x16,43428
257,XFX RX-57XT8OFF6 [PCIExp 8GB],https://kakaku.com/item/K0001181914/,AMD RadeonRX5700XT,2560,8000.0,256.0,14000.0,PCIExpress4.0x16,48378
258,ELSA ELSA GeForce RTX 2060 S.A.C GD2060-6GERS [PCIExp 6GB],https://kakaku.com/item/K0001135585/,NVIDIA GeForceRTX2060,1920,6000.0,192.0,14000.0,PCIExpress3.0x16,51391
259,MSI GeForce RTX 2070 AERO ITX 8G [PCIExp 8GB],https://kakaku.com/item/K0001117125/,NVIDIA GeForceRTX2070,2304,8000.0,256.0,14000.0,PCIExpress3.0x16,51400
260,ASUS DUAL-RTX2060S-O8G-EVO [PCIExp 8GB],https://kakaku.com/item/K0001178059/,NVIDIA GeForceRTX2060SUPER,2176,8000.0,256.0,14000.0,PCIExpress3.0,53600
261,ELSA NVIDIA Quadro P2000 EQP2000-5GER [PCIExp 5GB],https://kakaku.com/item/K0000941945/,NVIDIA QuadroP2000,1024,5000.0,160.0,,PCIExpress3.0x16,58959
262,GIGABYTE GV-N207SGAMING OC-8GC [PCIExp 8GB],https://kakaku.com/item/K0001173221/,NVIDIA GeForceRTX2070SUPER,2560,8000.0,256.0,14000.0,PCIExpress3.0x16,65480
263,玄人志向 GALAKURO GAMING GG-RTX2070SP-E8GB/FAVgaming [PCIExp 8GB],https://kakaku.com/item/K0001205228/,NVIDIA GeForceRTX2070SUPER,2560,8000.0,256.0,14000.0,PCIExpress3.0x16,65978
264,MSI Radeon RX Vega 56 Air Boost 8G OC [PCIExp 8GB],https://kakaku.com/item/K0001021880/,AMD RadeonRXVega56,3584,8000.0,2048.0,800.0,PCIExpress3.0x16,70628
265,GIGABYTE GV-N208SGAMING OC-8GC Rev2.0 [PCIExp 8GB],https://kakaku.com/item/K0001222079/,NVIDIA GeForceRTX2080SUPER,3072,8000.0,256.0,15500.0,PCIExpress3.0x16,93478
266,NVIDIA Quadro RTX 4000 NVQRTX4000 [PCIExp 8GB],https://kakaku.com/item/K0001215313/,NVIDIA QuadroRTX4000,2304,8000.0,256.0,,PCIExpress3.0x16,124300
267,ZOTAC ZOTAC GAMING GeForce RTX 2080 Ti AMP Extreme ZT-T20810B-10P [PCIExp 11GB],https://kakaku.com/item/K0001135566/,NVIDIA GeForceRTX2080Ti,4352,11000.0,352.0,14400.0,PCIExpress3.0x16,180873
268,GIGABYTE AORUS GV-N208TAORUSX WB-11GC [PCIExp 11GB],https://kakaku.com/item/K0001113733/,NVIDIA GeForceRTX2080Ti,4352,11000.0,352.0,14140.0,PCIExpress3.0x16,190718
269,ELSA NVIDIA Quadro RTX 5000 ENQR5000-16GER [PCIExp 16GB],https://kakaku.com/item/K0001125476/,NVIDIA QuadroRTX5000,3072,16000.0,256.0,,PCIExpress3.0x16,282400
270,ELSA NVIDIA Quadro RTX 6000 ENQR6000-24GER [PCIExp 24GB],https://kakaku.com/item/K0001125477/,NVIDIA QuadroRTX6000,4608,24000.0,384.0,,PCIExpress3.0x16,568800
271,ASUS PH-GTX1060-3G [PCIExp 3GB],https://kakaku.com/item/K0000985725/,NVIDIA GeForceGTX1060,1152,3000.0,192.0,8007.999999999999,PCIExpress3.0,29592
272,ELSA ELSA GeForce GT 710 LP 2GB GD710-2GERL [PCIExp 2GB],https://kakaku.com/item/K0000857298/,NVIDIA GeForceGT710,192,2000.0,64.0,,PCIExpress2.0x8 接続スロット：PCI-Expressx16,6124
273,ELSA ELSA GeForce GT 710 LP 2GB Passive GD710-2GERLP [PCIExp 2GB],https://kakaku.com/item/K0000902699/,NVIDIA GeForceGT710,192,2000.0,64.0,,PCIExpress2.0x8 接続スロット：PCI-Expressx16,6880
274,Apple MJ1K2AM/A,https://kakaku.com/item/K0001162820/,,,,,,Thunderbolt3(USBType-C),7469
275,エレコム LDE-HDMI4KU3,https://kakaku.com/item/K0000761954/,,,,,,USB2.0 USB3.0,8610
276,PowerColor PowerColor Red Devil Radeon RX 570 4GB GDDR5 AXRX 570 4GBD5-3DH/OC [PCIExp 4GB],https://kakaku.com/item/K0000960164/,AMD RadeonRX570,2048,4000.0,256.0,1750.0,PCIExpress3.0x16,36223
277,Colorful GeForce RTX 2060 6G V2 [PCIExp 6GB],https://kakaku.com/item/K0001159380/,NVIDIA GeForceRTX2060,1920,6000.0,192.0,14000.0,PCIExpress,36680
278,MSI MSI Radeon RX 5700 8G [PCIExp 8GB],https://kakaku.com/item/K0001172584/,AMD RadeonRX5700,2304,8000.0,256.0,14000.0,PCIExpress4.0x16,39700
279,ASUS TUF 3-RX5600XT-O6G-EVO-GAMING [PCIExp 6GB],https://kakaku.com/item/K0001226230/,AMD RadeonRX5600XT,2304,6000.0,192.0,12000.0,PCIExpress4.0,43450
280,ASUS TURBO-RTX2060-6G [PCIExp 6GB],https://kakaku.com/item/K0001124219/,NVIDIA GeForceRTX2060,1920,6000.0,192.0,14000.0,PCIExpress,45319
281,SAPPHIRE SAPPHIRE PULSE RADEON RX 5700 XT 8G GDDR6 HDMI/TRIPLE DP OC W/BP (UEFI) [PCIExp 8GB],https://kakaku.com/item/K0001184412/,AMD RadeonRX5700XT,2560,8000.0,256.0,14000.0,PCIExpress4.0x16,49800
282,GIGABYTE GV-R57XTGAMING OC-8GD [PCIExp 8GB],https://kakaku.com/item/K0001186002/,AMD RadeonRX5700XT,2560,8000.0,256.0,14000.0,PCIExpress4.0x16,51762
283,GIGABYTE GV-N107TGAMING-8GD [PCIExp 8GB],https://kakaku.com/item/K0001013313/,NVIDIA GeForceGTX1070Ti,2432,8000.0,256.0,8007.999999999999,PCIExpress3.0x16,52806
284,MSI GeForce RTX 2070 GAMING 8G [PCIExp 8GB],https://kakaku.com/item/K0001115212/,NVIDIA GeForceRTX2070,2304,8000.0,256.0,14000.0,PCIExpress3.0x16,58999
285,ASUS ROG-STRIX-RTX2060S-O8G-GAMING [PCIExp 8GB],https://kakaku.com/item/K0001175925/,NVIDIA GeForceRTX2060SUPER,2176,8000.0,256.0,14000.0,PCIExpress3.0,59790
286,GIGABYTE GV-N208SGAMINGOC WB-8GD [PCIExp 8GB],https://kakaku.com/item/K0001218165/,NVIDIA GeForceRTX2080SUPER,3072,8000.0,256.0,15500.0,PCIExpress3.0x16,98880
287,ELSA ELSA GeForce RTX 2080 ST GD2080-8GERST [PCIExp 8GB],https://kakaku.com/item/K0001168762/,NVIDIA GeForceRTX2080,2944,8000.0,256.0,14000.0,PCIExpress3.0x16,108352
288,ZOTAC ZOTAC GAMING GeForce RTX 2080 Ti Triple Fan ZT-T20810F-10P [PCIExp 11GB],https://kakaku.com/item/K0001091039/,NVIDIA GeForceRTX2080Ti,4352,11000.0,352.0,14000.0,PCIExpress3.0x16,149380
289,ASUS ROG-STRIX-RX5600XT-O6G-GAMING [PCIExp 6GB],https://kakaku.com/item/K0001226231/,AMD RadeonRX5600XT,2304,6000.0,192.0,12000.0,PCIExpress4.0,45324
290,ZOTAC ZOTAC GT 710 2GB DDR3 LP ZTGT710-2GD3LP001/ZT-71302-20L [PCIExp 2GB],https://kakaku.com/item/K0000849062/,NVIDIA GeForceGT710,192,2000.0,64.0,1600.0,PCIExpress2.0,4977
291,バッファロー GX-HDMI/U2,https://kakaku.com/item/K0000258574/,,,,,,USB2.0,5381
292,IODATA USBグラフィック USB-RGB3/H,https://kakaku.com/item/K0000322853/,,,,,,USB2.0 USB3.0,6290
293,SAPPHIRE SAPPHIRE NITRO+ RADEON RX 570 8G GDDR5 [PCIExp 8GB],https://kakaku.com/item/K0000960151/,AMD RadeonRX570,2048,8000.0,256.0,,PCIExpress3.0x16,23800
294,ZOTAC ZOTAC GAMING GeForce GTX 1660 AMP 6GB GDDR5 ZT-T16600D-10M [PCIExp 6GB],https://kakaku.com/item/K0001139486/,NVIDIA GeForceGTX1660,1408,6000.0,192.0,8000.0,PCIExpress3.0x16,28578
295,GIGABYTE GV-N166SIXOC-6GD [PCIExp 6GB],https://kakaku.com/item/K0001218163/,NVIDIA GeForceGTX1660SUPER,1408,6000.0,192.0,14000.0,PCIExpress3.0x16,30180
296,ASUS TURBO-GTX1060-6G [PCIExp 6GB],https://kakaku.com/item/K0000902457/,NVIDIA GeForceGTX1060,1280,6000.0,192.0,8007.999999999999,PCIExpress3.0x16,31800
297,玄人志向 GALAKURO GAMING GG-GTX1660Ti-E6GB/DF [PCIExp 6GB],https://kakaku.com/item/K0001171867/,NVIDIA GeForceGTX1660Ti,1536,6000.0,192.0,12000.0,PCIExpress3.0x16,32750
298,ASUS DUAL-RX5700-O8G-EVO [PCIExp 8GB],https://kakaku.com/item/K0001201361/,AMD RadeonRX5700,2304,8000.0,256.0,14000.0,PCIExpress4.0,40635
299,ASUS TUF 3-RX5700-O8G-GAMING [PCIExp 8GB],https://kakaku.com/item/K0001205038/,AMD RadeonRX5700,2304,8000.0,256.0,14000.0,PCIExpress4.0,46739
300,ASRock Radeon RX 5600 XT Phantom Gaming D3 6G OC [PCIExp 6GB],https://kakaku.com/item/K0001226227/,AMD RadeonRX5600XT,2304,6000.0,192.0,12000.0,PCIExpress4.0x16,47278
301,ZOTAC ZOTAC GAMING GeForce RTX 2060 SUPER AMP ZT-T20610D-10P [PCIExp 8GB],https://kakaku.com/item/K0001184415/,NVIDIA GeForceRTX2060SUPER,2176,8000.0,256.0,14000.0,PCIExpress3.0x16,49800
302,ZOTAC ZOTAC GAMING GeForce RTX 2060 SUPER AMP Extreme ZT-T20610B-10P [PCIExp 8GB],https://kakaku.com/item/K0001184414/,NVIDIA GeForceRTX2060SUPER,2176,8000.0,256.0,14000.0,PCIExpress3.0x16,53878
303,ASUS ROG-STRIX-RXVEGA56-O8G-GAMING [PCIExp 8GB],https://kakaku.com/item/K0001026807/,AMD RadeonRXVega56,3584,8000.0,2048.0,800.0,PCIExpress3.0,59197
304,MSI GeForce RTX 2070 GAMING Z 8G [PCIExp 8GB],https://kakaku.com/item/K0001098516/,NVIDIA GeForceRTX2070,2304,8000.0,256.0,14000.0,PCIExpress3.0x16,62172
305,ZOTAC ZOTAC GAMING GeForce RTX 2070 OC MINI ZT-T20700F-10P [PCIExp 8GB],https://kakaku.com/item/K0001103649/,NVIDIA GeForceRTX2070,2304,8000.0,256.0,,PCIExpress3.0x16,64089
306,ZOTAC ZOTAC GeForce GTX 1080 AMP Extreme ZT-P10800B-10P [PCIExp 8GB],https://kakaku.com/item/K0000889116/,NVIDIA GeForceGTX1080,2560,8000.0,256.0,,PCIExpress3.0x16,74052
307,ZOTAC ZOTAC GAMING GeForce RTX 2080 Twin Fan ZT-T20800F-10P [PCIExp 8GB],https://kakaku.com/item/K0001091042/,NVIDIA GeForceRTX2080,2944,8000.0,256.0,,PCIExpress3.0x16,82962
308,ASUS TURBO-RTX2080-8G [PCIExp 8GB],https://kakaku.com/item/K0001104411/,NVIDIA GeForceRTX2080,2944,8000.0,256.0,14000.0,PCIExpress3.0,91707
309,ELSA NVIDIA Quadro P5000 EQP5000-16GER [PCIExp 16GB],https://kakaku.com/item/K0000921441/,NVIDIA QuadroP5000,2560,16000.0,256.0,,PCIExpress3.0x16,235269
310,ELSA NVIDIA Tesla V100 32GB ETSV100-32GER [PCIExp 32GB],https://kakaku.com/item/K0001083015/,NVIDIA GV100,,32000.0,,,PCIExpress3.0x16,1178117
311,エレコム AD-CVGABK2 [ブラック],https://kakaku.com/item/K0001213721/,,,,,,USBType-C,2536
312,エレコム AD-CHDMIQBK2 [ブラック],https://kakaku.com/item/K0001213720/,,,,,,USBType-C,3094
313,MATROX Matrox M9120 Plus LP PCIe x16/J (PCIExp 512MB),https://kakaku.com/item/05505016801/,MATROX,,512.0,,,PCIExp16X,17455
314,ATI FirePro 2460 [PCIExp 512MB],https://kakaku.com/item/K0000137553/,,,,,,,19701
315,j5 create JCA140,https://kakaku.com/item/K0000867439/,,,,,,USBType-C,1628
316,ミヨシ DP-HDA01/BK,https://kakaku.com/item/K0001108923/,,,,,,DisplayPort,2480
317,ZOTAC ZOTAC GT 710 1GB DDR3 LP ZTGT710-1GD3LP001/ZT-71301-20L [PCIExp 1GB],https://kakaku.com/item/K0000849063/,NVIDIA GeForceGT710,192,1000.0,64.0,1600.0,PCIExpress2.0,4708
318,玄人志向 RD-R5-230-E2GB/HS [PCIExp 2GB],https://kakaku.com/item/K0001117732/,AMD RadeonR5230,160,2000.0,64.0,1000.0,PCIExpress2.1x16,5148
319,IODATA USBグラフィック USB-4K/DP,https://kakaku.com/item/K0000670497/,,,,,,USB2.0 USB3.0,10134
320,玄人志向 GF-QUAD-DISP/4DVI/LP [PCIExp 1GB],https://kakaku.com/item/K0000701499/,NVIDIA GeForceGT730(64-bitDDR3),384,1000.0,64.0,1800.0,PCIExpressx8,14355
321,ASUS PH-GTX1050-2G [PCIExp 2GB],https://kakaku.com/item/K0000920444/,NVIDIA GeForceGTX1050,640,2000.0,128.0,7008.0,PCIExpress3.0,17750
322,PNY NVIDIA Quadro K420 VCQK420-PB [PCIExp 1GB],https://kakaku.com/item/K0000693233/,NVIDIA QuadroK420,192,1000.0,128.0,,PCIExpress2.0x16,19176
323,MATROX Millennium G550 LP PCI (PCI 32MB),https://kakaku.com/item/05505012493/,MATROX G550,,32.0,,,PCI,20910
324,NVIDIA NVIDIA Quadro P620 NVQP620-2G [PCIExp 2GB],https://kakaku.com/item/K0001113862/,NVIDIA QuadroP620,512,2000.0,128.0,,PCIExpress3.0x16,23826
325,玄人志向 RD-RX570-E4GB/OC/DF [PCIExp 4GB],https://kakaku.com/item/K0001017412/,AMD RadeonRX570,2048,4000.0,256.0,7000.0,PCIExpress3.0x16,24800
326,GIGABYTE GV-R55XTOC-8GD [PCIExp 8GB],https://kakaku.com/item/K0001219743/,AMD RadeonRX5500XT,1408,8000.0,128.0,14000.0,PCIExpress4.0x16,28765
327,GIGABYTE GV-R55XTGAMING OC-8GD [PCIExp 8GB],https://kakaku.com/item/K0001219742/,AMD RadeonRX5500XT,1408,8000.0,128.0,14000.0,PCIExpress4.0x16,29980
328,ASUS ROG-STRIX-RX580-O8G-GAMING [PCIExp 8GB],https://kakaku.com/item/K0000960804/,AMD RadeonRX580,2304,8000.0,256.0,8000.0,PCIExpress3.0x16,30794
329,MSI GTX 1060 ARMOR 3G OCV1 [PCIExp 3GB],https://kakaku.com/item/K0000905376/,NVIDIA GeForceGTX1060,1152,3000.0,192.0,,PCIExpress3.0x16,34241
330,ASUS DUAL-GTX1660TI-O6G [PCIExp 6GB],https://kakaku.com/item/K0001133239/,NVIDIA GeForceGTX1660Ti,1536,6000.0,192.0,12002.0,PCIExpress3.0,34980
331,ASUS STRIX-GTX1060-DC26G [PCIExp 6GB],https://kakaku.com/item/K0001039497/,NVIDIA GeForceGTX1060,1280,6000.0,192.0,8007.999999999999,PCIExpress3.0,35502
332,SAPPHIRE SAPPHIRE PULSE RADEON RX 570 8G GDDR5 [PCIExp 8GB],https://kakaku.com/item/K0001031607/,AMD RadeonRX570,2048,8000.0,256.0,7000.0,PCIExpress3.0x16,35871
333,玄人志向 RD-RX5700-E8GB [PCIExp 8GB],https://kakaku.com/item/K0001172576/,AMD RadeonRX5700,2304,8000.0,256.0,14000.0,PCIExpress4.0x16,40940
334,PowerColor PowerColor Red Devil Radeon RX 5700 AXRX 5700 8GBD6-3DHE/OC [PCIExp 8GB],https://kakaku.com/item/K0001186028/,AMD RadeonRX5700,2304,8000.0,256.0,14000.0,PCIExpress4.0,41753
335,MSI Radeon RX 5700 MECH GP OC [PCIExp 8GB],https://kakaku.com/item/K0001221491/,AMD RadeonRX5700,2304,8000.0,256.0,14000.0,PCIExpress4.0x16,44880
336,PowerColor PowerColor Red Dragon Radeon RX 5700 AXRX 5700 8GBD6-3DHR/OC [PCIExp 8GB],https://kakaku.com/item/K0001201224/,AMD RadeonRX5700,2304,8000.0,256.0,14000.0,PCIExpress4.0x16,45800
337,Colorful GeForce RTX 2060 SUPER 8G Limited [PCIExp 8GB],https://kakaku.com/item/K0001184411/,NVIDIA GeForceRTX2060SUPER,2176,8000.0,256.0,14000.0,PCIExpress3.0x16,49211
338,ZOTAC ZOTAC GAMING GeForce RTX 2070 MINI ZT-T20700E-10P [PCIExp 8GB],https://kakaku.com/item/K0001103650/,NVIDIA GeForceRTX2070,2304,8000.0,256.0,14000.0,PCIExpress3.0x16,53878
339,玄人志向 GF-RTX2070-E8GB/DF [PCIExp 8GB],https://kakaku.com/item/K0001100493/,NVIDIA GeForceRTX2070,2304,8000.0,256.0,14000.0,PCIExpress3.0x16,55800
340,ASUS TURBO-RTX2070-8G [PCIExp 8GB],https://kakaku.com/item/K0001098554/,NVIDIA GeForceRTX2070,2304,8000.0,256.0,14000.0,PCIExpress3.0,57800
341,Colorful GeForce RTX 2070 SUPER 8G [PCIExp 8GB],https://kakaku.com/item/K0001184410/,NVIDIA GeForceRTX2070SUPER,2560,8000.0,256.0,14000.0,PCIExpress3.0x16,58800
342,PowerColor PowerColor Red Devil Radeon RX 5700 XT Limited Edition AXRX 5700XT 8GBD6-3DHEP/OC [PCIExp 8GB],https://kakaku.com/item/K0001183062/,AMD RadeonRX5700XT,2560,8000.0,256.0,14000.0,PCIExpress4.0x16,67848
343,Inno3D GEFORCE RTX 2070 TWIN X2 N20702-08D6-1160VA22 [PCIExp 8GB],https://kakaku.com/item/K0001103648/,NVIDIA GeForceRTX2070,2304,8000.0,256.0,14000.0,PCIExpress3.0x16,69106
344,MATROX Matrox Parhelia DL256 PCI (PCI 256MB),https://kakaku.com/item/05505012919/,MATROX ParheliaDL256,,256.0,,,PCI,74519
345,ASUS DUAL-RTX2080-O8G-EVO [PCIExp 8GB],https://kakaku.com/item/K0001141305/,NVIDIA GeForceRTX2080,2944,8000.0,256.0,14000.0,PCIExpress3.0,88780
346,MSI GeForce RTX 2080 VENTUS 8G [PCIExp 8GB],https://kakaku.com/item/K0001117124/,NVIDIA GeForceRTX2080,2944,8000.0,256.0,14000.0,PCIExpress3.0x16,93478
347,MSI GeForce RTX 2080 SUPER VENTUS OC [PCIExp 8GB],https://kakaku.com/item/K0001176809/,NVIDIA GeForceRTX2080SUPER,3072,8000.0,256.0,15500.0,PCIExpress3.0x16,95976
348,MSI GeForce RTX 2080 GAMING X TRIO [PCIExp 8GB],https://kakaku.com/item/K0001082418/,NVIDIA GeForceRTX2080,2944,8000.0,256.0,14000.0,PCIExpress3.0x16,109395
349,MSI GeForce RTX 2080 GAMING TRIO [PCIExp 8GB],https://kakaku.com/item/K0001128564/,NVIDIA GeForceRTX2080,2944,8000.0,256.0,,PCIExpress3.0x16,110438
350,MSI GeForce RTX 2080 SEA HAWK X [PCIExp 8GB],https://kakaku.com/item/K0001141308/,NVIDIA GeForceRTX2080,2944,8000.0,256.0,,PCIExpress3.0x16,122990
351,GIGABYTE GV-N208SAORUS W-8GC [PCIExp 8GB],https://kakaku.com/item/K0001215592/,NVIDIA GeForceRTX2080SUPER,3072,8000.0,256.0,15500.0,PCIExpress3.0x16,141900
352,ELSA NVIDIA Tesla T4 ETST4-16GER [PCIExp 16GB],https://kakaku.com/item/K0001207207/,NVIDIA TeslaT4,2560,16000.0,,,PCIExpress3.0x16,319963
353,AMD RADEON PRO WX 9100 RPWX91-16GER [PCIExp 16GB],https://kakaku.com/item/K0001057478/,AMD RadeonProWX9100,4096,16000.0,2048.0,,PCIExpress3.0x16,329613
354,ELSA NVIDIA Quadro GV100 EQGV100-32GER [PCIExp 32GB],https://kakaku.com/item/K0001043984/,NVIDIA QuadroGV100,5120,32000.0,4096.0,,PCIExpress3.0x16,1279900
355,NVIDIA Quadro GV100 NVQGV100-32GHBM2 [PCIExp 32GB],https://kakaku.com/item/K0001153572/,NVIDIA QuadroGV100,5120,32000.0,4096.0,,PCIExpress3.0x16,1382480
356,j5 create JDA154,https://kakaku.com/item/K0001126615/,,,,,,DisplayPort,1276
357,エレコム AD-CDPBK2 [ブラック],https://kakaku.com/item/K0001213717/,,,,,,USBType-C,2191
358,IODATA US3C-DA/H,https://kakaku.com/item/K0000878573/,,,,,,USBType-C(DisplayPortAltMode),2937
359,エレコム AD-CHDMIBK [ブラック],https://kakaku.com/item/K0000808386/,,,,,,USBType-C,3042
360,玄人志向 VGA-USB3.0/DVI,https://kakaku.com/item/K0000415306/,,,,,,USB3.0,3980
361,j5 create JDA214,https://kakaku.com/item/K0001127003/,,,,,,D-SUB,4279
362,ロジテック LDE-SX015U,https://kakaku.com/item/K0000062567/,,,,,,USB2.0,4333
363,サンワサプライ AD-ALCHV [シルバー],https://kakaku.com/item/K0001118477/,,,,,,USBType-C,5091
364,ZOTAC ZOTAC Geforce GT 710 ZONE Edition 1GB ZT-71304-20L [PCIExp 1GB],https://kakaku.com/item/K0000872584/,NVIDIA GeForceGT710,192,1000.0,64.0,,PCIExpress2.0x1,5980
365,エレコム LDE-HDMI2KU3,https://kakaku.com/item/K0000761955/,,,,,,USB2.0 USB3.0,6220
366,サンワサプライ 【直販モデル】 400-HUB026,https://kakaku.com/item/K0000857589/,,,,,,USB USB2.0USB3.0,8180
367,j5 create JUA365,https://kakaku.com/item/K0001045530/,,,,,,USB3.0,9850
368,ZOTAC ZOTAC GeForce GT 1030 2GB GDDR5 ZT-P10300A-10L [PCIExp 2GB],https://kakaku.com/item/K0000965884/,NVIDIA GeForceGT1030,384,2000.0,64.0,,PCIExpress3.0x4 接続スロット：PCI-Expressx16,11202
369,SAPPHIRE SAPPHIRE R9 380 2G GDDR5 PCI-E H/D/2MDP ITX COMPACT [PCIExp 2GB],https://kakaku.com/item/K0000787483/,AMD RadeonR9380,1792,2000.0,256.0,,PCIExpress3.0x16,16015
370,MSI GTX 1050 2GT LP [PCIExp 2GB],https://kakaku.com/item/K0000931718/,NVIDIA GeForceGTX1050,640,2000.0,128.0,7008.0,PCIExpress3.0x16,17490
371,ASUS DUAL-GTX1650-O4G [PCIExp 4GB],https://kakaku.com/item/K0001152733/,NVIDIA GeForceGTX1650,896,4000.0,128.0,8002.000000000001,PCIExpress3.0,21389
372,玄人志向 RD-RX580-E8GB/OC/DF2 [PCIExp 8GB],https://kakaku.com/item/K0001123896/,AMD RadeonRX580,2304,8000.0,256.0,7000.0,PCIExpress3.0x16,24263
373,MATROX Millennium G550 PCIe (PCIExp 32MB),https://kakaku.com/item/05505013346/,MATROX G550,,32.0,,,PCIExpressx1,26520
374,Colorful GTX1060 NB 3G [PCIExp 3GB],https://kakaku.com/item/K0001054365/,NVIDIA GeForceGTX1060,1152,3000.0,192.0,8000.0,PCIExpress3.0x16,27478
375,MSI Radeon RX 570 ARMOR 8G OC [PCIExp 8GB],https://kakaku.com/item/K0001031957/,AMD RadeonRX570,2048,8000.0,256.0,7000.0,PCIExpress3.0x16,27674
376,MSI GeForce GTX 1050 Ti GAMING X 4G [PCIExp 4GB],https://kakaku.com/item/K0000919131/,NVIDIA GeForceGTX1050Ti,768,4000.0,128.0,7108.0,PCIExpress3.0x16,30350
377,Inno3D GeForce GTX 1660 Twin X2 N16602-06D5-1510VA15 [PCIExp 6GB],https://kakaku.com/item/K0001142985/,NVIDIA GeForceGTX1660,1408,6000.0,192.0,8000.0,PCIExpress3.0x16,32388
378,Colorful GTX1060 NB 6G [PCIExp 6GB],https://kakaku.com/item/K0001041080/,NVIDIA GeForceGTX1060,1280,6000.0,192.0,8000.0,PCIExpress3.0x16,32619
379,ASUS ROG STRIX-GTX1060-O6G-GAMING [PCIExp 6GB],https://kakaku.com/item/K0000895411/,NVIDIA GeForceGTX1060,1280,6000.0,192.0,8208.0,PCIExpress3.0x16,32800
380,エーキューブ AMD Radeon Pro WX3100 4GB RP31-4GER [PCIExp 4GB],https://kakaku.com/item/K0001047232/,AMD RadeonProWX3100,512,4000.0,128.0,,PCIExpress3.0x8 接続スロット：PCI-Expressx16,34039
381,PowerColor PowerColor Red Devil Radeon RX 580 8GB GDDR5 AXRX 580 8GBD5-3DH/OC [PCIExp 8GB],https://kakaku.com/item/K0000960159/,AMD RadeonRX580,2304,8000.0,256.0,2000.0,PCIExpress3.0x16,36800
382,Colorful GeForce GTX 1660 Ti 6G [PCIExp 6GB],https://kakaku.com/item/K0001135351/,NVIDIA GeForceGTX1660Ti,1536,6000.0,192.0,12000.0,PCIExpress3.0x16,36872
383,ASRock ASRock Radeon RX 5700 8G [PCIExp 8GB],https://kakaku.com/item/K0001172580/,AMD RadeonRX5700,2304,8000.0,256.0,14000.0,PCIExpress4.0x16,42570
384,PowerColor PowerColor RX 5700 8GB GDDR6 AXRX 5700 8GBD6-M3DH [PCIExp 8GB],https://kakaku.com/item/K0001172582/,AMD RadeonRX5700,,8000.0,256.0,14000.0,PCIExpress4.0,46750
385,MATROX Millennium P690 Plus LP PCIe x16 (PCIExp 256MB),https://kakaku.com/item/05505015918/,MATROX P690,,256.0,,,PCIExp16X,47590
386,AMD RADEON PRO WX 4100 [PCIExp 4GB],https://kakaku.com/item/K0000960485/,AMD RadeonProWX4100,1024,4000.0,128.0,,PCIExpress3.0x16,53280
387,NVIDIA NVIDIA Quadro P2000 NVQP2000-5G [PCIExp 5GB],https://kakaku.com/item/K0001004741/,NVIDIA QuadroP2000,1024,5000.0,160.0,,PCIExpress3.0x16,60890
388,MSI GeForce RTX 2070 VENTUS 8G [PCIExp 8GB],https://kakaku.com/item/K0001111739/,NVIDIA GeForceRTX2070,2304,8000.0,256.0,14000.0,PCIExpress3.0x16,61957
389,ASUS DUAL-RTX2070-O8G [PCIExp 8GB],https://kakaku.com/item/K0001098553/,NVIDIA GeForceRTX2070,2304,8000.0,256.0,14000.0,PCIExpress3.0,63800
390,MSI GeForce RTX 2070 ARMOR 8G [PCIExp 8GB],https://kakaku.com/item/K0001098515/,NVIDIA GeForceRTX2070,2304,8000.0,256.0,14000.0,PCIExpress3.0x16,68365
391,GIGABYTE AORUS GV-N2070AORUS X-8GC [PCIExp 8GB],https://kakaku.com/item/K0001098510/,NVIDIA GeForceRTX2070,2304,8000.0,256.0,14142.0,PCIExpress3.0x16,68800
392,AMD RADEON PRO WX 5100 [PCIExp 8GB],https://kakaku.com/item/K0000960484/,AMD RadeonProWX5100,1792,8000.0,256.0,,PCIExpress3.0x16,70460
393,GIGABYTE GV-N2070GAMING OC-8GC [PCIExp 8GB],https://kakaku.com/item/K0001098511/,NVIDIA GeForceRTX2070,2304,8000.0,256.0,14000.0,PCIExpress3.0x16,76780
394,ASUS CERBERUS-GTX1070TI-A8G [PCIExp 8GB],https://kakaku.com/item/K0001020032/,NVIDIA GeForceGTX1070Ti,2432,8000.0,256.0,8007.999999999999,PCIExpress3.0,80730
395,ZOTAC ZOTAC GeForce GTX 1070 Ti AMP Extreme ZT-P10710B-10P [PCIExp 8GB],https://kakaku.com/item/K0001009565/,NVIDIA GeForceGTX1070Ti,2432,8000.0,256.0,,PCIExpress3.0x16,83380
396,MSI GeForce RTX 2080 VENTUS 8G OC [PCIExp 8GB],https://kakaku.com/item/K0001085633/,NVIDIA GeForceRTX2080,2944,8000.0,256.0,,PCIExpress3.0x16,83696
397,ZOTAC ZOTAC GAMING GeForce RTX 2080 AMP ZT-T20800D-10P [PCIExp 8GB],https://kakaku.com/item/K0001091040/,NVIDIA GeForceRTX2080,2944,8000.0,256.0,14000.0,PCIExpress3.0x16,89800
398,MATROX Matrox M9140 LP PCIe x16/J (PCIExp 512MB),https://kakaku.com/item/05505016805/,MATROX,,512.0,,,PCIExp16X,94350
399,Palit Microsystems NE6208SH20P2-1040G (GeForce RTX2080 SUPER GRP 8GB) [PCIExp 8GB] ドスパラWeb限定モデル,https://kakaku.com/item/K0001176900/,NVIDIA GeForceRTX2080SUPER,3072,8000.0,,15500.0,PCIExpress3.0x16,94623
400,Inno3D GeForce RTX 2080 X2 OC N20802-08D6X [PCIExp 8GB],https://kakaku.com/item/K0001106668/,NVIDIA GeForceRTX2080,2944,8000.0,256.0,14000.0,PCIExpress3.0x16,98978
401,GIGABYTE GV-N208SGAMING OC-8GC [PCIExp 8GB],https://kakaku.com/item/K0001176802/,NVIDIA GeForceRTX2080SUPER,3072,8000.0,256.0,15500.0,PCIExpress3.0x16,99000
402,GIGABYTE GV-RXVEGA64GAMING OC-8GD [PCIExp 8GB],https://kakaku.com/item/K0001021381/,AMD RadeonRXVega64,4096,8000.0,2048.0,945.0,PCIExpress3.0x16,102461
403,ASUS ROG-STRIX-RTX2080-O8G-GAMING [PCIExp 8GB],https://kakaku.com/item/K0001082414/,NVIDIA GeForceRTX2080,2944,8000.0,256.0,14000.0,PCIExpress3.0,102884
404,PNY NVIDIA Quadro M4000 VCQM4000-PB [PCIExp 8GB],https://kakaku.com/item/K0000898718/,NVIDIA QuadroM4000,1664,8000.0,256.0,,PCIExpress3.0x16,142991
405,ZOTAC ZOTAC GAMING GeForce RTX 2080 Ti AMP ZT-T20810D-10P [PCIExp 11GB],https://kakaku.com/item/K0001091038/,NVIDIA GeForceRTX2080Ti,4352,11000.0,352.0,,PCIExpress3.0x16,149800
406,Inno3D GeForce RTX 2080 Ti X2 OC N208T2-11D6X [PCIExp 11GB],https://kakaku.com/item/K0001106667/,NVIDIA GeForceRTX2080Ti,4352,11000.0,352.0,14000.0,PCIExpress3.0x16,153252
407,Colorful iGame GeForce RTX 2080 Ti Vulcan X OC [PCIExp 11GB],https://kakaku.com/item/K0001142487/,NVIDIA GeForceRTX2080Ti,4352,11000.0,352.0,14000.0,PCIExpress3.0x16,159246
408,ELSA NVIDIA Tesla P4 75W ETSP4-8GER [PCIExp 8GB],https://kakaku.com/item/K0000938218/,NVIDIA TeslaP4,2560,8000.0,,,PCIExpress3.0x16,310640
409,Lenovo NVIDIA Quadro RTX 5000 4X60U98733 [PCIExp 16GB],https://kakaku.com/item/K0001225979/,NVIDIA QuadroRTX5000,3072,16000.0,256.0,,PCIExpress3.0x16,384603
410,ELSA NVIDIA Tesla V100 16GB ETSV100-16GER [PCIExp 16GB],https://kakaku.com/item/K0001054399/,NVIDIA GV100,,16000.0,,,PCIExpress3.0x16,1199495
411,IODATA USBグラフィック USB-RGB2,https://kakaku.com/item/K0000079868/,,,,,,USB2.0,4545
412,j5 create JDA152,https://kakaku.com/item/K0001126614/,,,,,,MiniDisplayPort,1309
413,j5 create JDA134,https://kakaku.com/item/K0001126612/,,,,,,DisplayPort,1880
414,j5 create JDA112,https://kakaku.com/item/K0001126610/,,,,,,MiniDisplayPort,2140
415,j5 create JDA114,https://kakaku.com/item/K0001126611/,,,,,,DisplayPort,2180
416,センチュリー CCA-UCVGA,https://kakaku.com/item/K0001108022/,,,,,,USBType-C,2280
417,エレコム AD-CHDMIBK2 [ブラック],https://kakaku.com/item/K0001213719/,,,,,,USBType-C,2372
418,エレコム AD-CDVIBK [ブラック],https://kakaku.com/item/K0001213718/,,,,,,USBType-C,2451
419,IODATA US3C-DA/RGB,https://kakaku.com/item/K0001045528/,,,,,,USBType-C(DisplayPortAltMode),2480
420,j5 create JCA111,https://kakaku.com/item/K0000825697/,,,,,,USBType-C,2570
421,ADATA ACVGAPL-ADP-CWH [ホワイト],https://kakaku.com/item/K0001069708/,,,,,,USBType-C,2630
422,j5 create JDA158,https://kakaku.com/item/K0001127000/,,,,,,DisplayPort,2640
423,エレコム AD-CDPBK [ブラック],https://kakaku.com/item/K0000808388/,,,,,,USBType-C,2670
424,j5 create JDA159,https://kakaku.com/item/K0001127001/,,,,,,MiniDisplayPort,2827
425,エレコム AD-CVGABK [ブラック],https://kakaku.com/item/K0000808384/,,,,,,USBType-C,2850
426,SILVERSTONE SST-EP07C-E,https://kakaku.com/item/K0001228031/,,,,,,USB3.1Type-C,3036
427,j5 create JDC159 [ホワイト],https://kakaku.com/item/K0001127005/,,,,,,MiniDisplayPort,3045
428,j5 create JDC158 [ホワイト],https://kakaku.com/item/K0001127004/,,,,,,DisplayPort,3047
429,j5 create JCA153J,https://kakaku.com/item/K0001125152/,,,,,,USBType-C,3110
430,エレコム AD-APCVGAWH [ホワイト],https://kakaku.com/item/K0000808385/,,,,,,USBType-C,3270
431,j5 create JDA173,https://kakaku.com/item/K0001127002/,,,,,,MiniDisplayPort,3487
432,IODATA US3C-DA/RGB2,https://kakaku.com/item/K0001148517/,,,,,,USBType-C(DisplayPortAltMode),3493
433,エレコム AD-APCHDMIWH [ホワイト],https://kakaku.com/item/K0000808387/,,,,,,USBType-C,4048
434,Dell USB-C - HDMI 2.0 アダプタ,https://kakaku.com/item/K0001045527/,,,,,,USBType-C,4054
435,j5 create JUA210,https://kakaku.com/item/K0000534536/,,,,,,USB2.0,4400
436,ADATA ACHDMIPL-ADP-CWH [ホワイト],https://kakaku.com/item/K0001069709/,,,,,,USBType-C,4449
437,SILVERSTONE SST-EP16C [チャコールグレー],https://kakaku.com/item/K0001228032/,,,,,,USB3.1Type-C,4465
438,j5 create JUA330,https://kakaku.com/item/K0000534540/,,,,,,USB2.0 USB3.0,4900
439,チューンウェア TUN-OT-000052 [シルバー],https://kakaku.com/item/K0001132142/,,,,,,USBType-C,4920
440,チューンウェア TUN-OT-000053 [スペースグレイ],https://kakaku.com/item/K0001132143/,,,,,,USBType-C,4920
441,RATOC REX-USB3DP-4K,https://kakaku.com/item/K0000794257/,,,,,,USB2.0 USB3.0,4980
442,SILVERSTONE SST-EP07W [ホワイト],https://kakaku.com/item/K0001217658/,,,,,,USB3.1Type-C,5088
443,ロジテック LDE-WX015U,https://kakaku.com/item/K0000051097/,,,,,,USB2.0,5230
444,j5 create JUA230,https://kakaku.com/item/K0000534537/,,,,,,USB2.0,5340
445,AREA スパイダー2K SD-U3DH2,https://kakaku.com/item/K0001067653/,,,,,,USB2.0 USB3.0,5390
446,Acer NP.CAB1A.012 [Black],https://kakaku.com/item/K0001115200/,,,,,,USB3.1Type-C,5480
447,j5 create JUA315,https://kakaku.com/item/K0000785397/,,,,,,USB2.0 USB3.0,5500
448,SUNIX VGA2788 [USB 3.0 to HDMI],https://kakaku.com/item/K0000238549/,,,,,,USB3.0,5918
449,j5 create JUA250,https://kakaku.com/item/K0000534538/,,,,,,USB2.0,5979
450,j5 create JUA355,https://kakaku.com/item/K0000785398/,,,,,,USB2.0 USB3.0,5980
451,グリーンハウス GH-USB-DVIA,https://kakaku.com/item/K0000263779/,,,,,,USB2.0,6577
452,j5 create JUA350,https://kakaku.com/item/K0000534541/,,,,,,USB2.0 USB3.0,6600
453,玄人志向 VGA-USB3.0/HDMI,https://kakaku.com/item/K0000415305/,,,,,,USB3.0,7030
454,サンワサプライ 【直販モデル】 400-HUB027,https://kakaku.com/item/K0000857590/,,,,,,USB USB2.0USB3.0,7180
455,j5 create JUA354,https://kakaku.com/item/K0001045529/,,,,,,USB3.0,8750
456,j5 create JDA146,https://kakaku.com/item/K0001126613/,,,,,,MiniDisplayPort,8767
457,j5 create JUA360,https://kakaku.com/item/K0001127397/,,,,,,USB3.0,8767
458,RATOC USB3.0/2.0 ディスプレイアダプター REX-USB3HDMI,https://kakaku.com/item/K0000345782/,,,,,,USB2.0 USB3.0,8778
459,SILVERSTONE SST-EP11S [シルバー],https://kakaku.com/item/K0001228030/,,,,,,HDMI miniDisplayPortUSB3.1Type-C(Thunderbolt3),11138
460,SAPPHIRE SAPPHIRE PULSE RADEON RX 550 2G GDDR5 [PCIExp 2GB],https://kakaku.com/item/K0001031608/,AMD RadeonRX550,640,2000.0,128.0,,PCIExpress3.0x16,11800
461,MSI GTX 1050 2G OC [PCIExp 2GB],https://kakaku.com/item/K0000921005/,NVIDIA GeForceGTX1050,640,2000.0,128.0,7008.0,PCIExpress3.0x16,13800
462,GIGABYTE GV-N105TD5-4GD [PCIExp 4GB],https://kakaku.com/item/K0000919130/,NVIDIA GeForceGTX1050Ti,768,4000.0,128.0,7008.0,PCIExpress3.0x16,13800
463,PNY NVIDIA NVS 315 for Dual DVI and VGA Low Profile VCNVS315DVI-PB [PCIExp 1GB],https://kakaku.com/item/K0000682982/,NVIDIA NVS315,48,1000.0,,,PCIExpress2.0x16,14259
464,PNY NVIDIA NVS 310 x16 for Dual DP Low Profile VCNVS310DP-PB [PCIExp 512MB],https://kakaku.com/item/K0000682983/,NVIDIA NVS310,48,512.0,,,PCIExpress2.0x16,15300
465,ZOTAC ZOTAC GeForce GTX 1050 Ti 4GB OC ZT-P10510B-10L [PCIExp 4GB],https://kakaku.com/item/K0000919123/,NVIDIA GeForceGTX1050Ti,768,4000.0,128.0,,PCIExpress3.0x16,15642
466,BELKIN B2B166 [ブラック],https://kakaku.com/item/K0001183277/,,,,,,D-SUB HDMIminiDisplayPortUSBType-C,16900
467,PNY NVIDIA NVS 310 x16 for DVI VCNVS310DVI-PB [PCIExp 512MB バルク],https://kakaku.com/item/K0000436113/,,,,,,,
468,PNY NVIDIA Quadro P400 VCQP400-PB [PCIExp 2GB],https://kakaku.com/item/K0000972277/,NVIDIA QuadroP400,256,2000.0,64.0,,PCIExpress3.0x16,17310
469,ELSA NVIDIA Quadro P400 EQP400-2GER2 [PCIExp 2GB],https://kakaku.com/item/K0001225839/,NVIDIA QuadroP400,256,2000.0,64.0,,PCIExpress3.0x16,17430
470,SAPPHIRE SAPPHIRE Thunderbolt 3 to Dual HDMI Active,https://kakaku.com/item/K0001116266/,,,,,,Thunderbolt3(USBType-C),17553
471,ZOTAC ZOTAC GeForce GTX 1050 Ti 4GB Mini ZT-P10510A-10L [PCIExp 4GB],https://kakaku.com/item/K0000919124/,NVIDIA GeForceGTX1050Ti,768,4000.0,128.0,,PCIExpress3.0x16,17737
472,玄人志向 GF-GTX1050Ti-4GB/OC/DF2 [PCIExp 4GB],https://kakaku.com/item/K0001135352/,NVIDIA GeForceGTX1050Ti,768,4000.0,128.0,7008.0,PCIExpress3.0x16,17909
473,ELSA NVIDIA Quadro 400 [PCIExp 512MB],https://kakaku.com/item/K0000249787/,NVIDIA Quadro400,,512.0,,770.0,PCIExpress2.0,18213
474,玄人志向 GF-GTX1050-2GB/OC/SF [PCIExp 2GB],https://kakaku.com/item/K0000919783/,NVIDIA GeForceGTX1050,640,2000.0,128.0,7008.0,PCIExpress3.0x16,18460
475,PNY NVIDIA Quadro 410 Low Profile VCQ410-PB [PCIExp 512MB],https://kakaku.com/item/K0000682979/,NVIDIA Quadro410,192,512.0,64.0,,PCIExpress2.0x16,19176
476,ASUS ROG STRIX-GTX1050TI-O4G-GAMING [PCIExp 4GB],https://kakaku.com/item/K0000920442/,NVIDIA GeForceGTX1050Ti,768,4000.0,128.0,7008.0,PCIExpress3.0,19800
477,ASUS GTX1050TI-O4G-LP-BRK [PCIExp 4GB],https://kakaku.com/item/K0001128285/,NVIDIA GeForceGTX1050Ti,768,4000.0,128.0,7008.0,PCIExpress3.0,19980
478,MSI GTX 1050 Ti 4G OCV1 [PCIExp 4GB],https://kakaku.com/item/K0000995580/,NVIDIA GeForceGTX1050Ti,768,4000.0,128.0,,PCIExpress3.0x16,20360
479,Colorful GTX1050Ti NB 4G [PCIExp 4GB],https://kakaku.com/item/K0001054366/,NVIDIA GeForceGTX1050Ti,768,4000.0,128.0,7000.0,PCIExpress3.0x16,21912
480,ZOTAC ZOTAC GeForce GTX 1050 2GB Mini ZT-P10500A-10L [PCIExp 2GB],https://kakaku.com/item/K0000919125/,NVIDIA GeForceGTX1050,640,2000.0,128.0,,PCIExpress3.0x16,22798
481,MATROX DualHead2Go デジタル版 D2G/D,https://kakaku.com/item/K0000462249/,,,,,,D-SUB,24660
482,エーキューブ AMD Radeon Pro WX2100 2GB RP21-2GER [PCIExp 2GB],https://kakaku.com/item/K0001047233/,AMD RadeonProWX2100,512,2000.0,64.0,,PCIExpress3.0x8 接続スロット：PCI-Expressx16,26588
483,ELSA ELSA GeForce GTX 1050 Ti 4GB S.A.C GD1050-4GERST [PCIExp 4GB],https://kakaku.com/item/K0000919126/,NVIDIA GeForceGTX1050Ti,768,4000.0,128.0,,PCIExpress3.0x16,26768
484,ATI FirePro 2450 PCI-E x1 (PCIExp 512MB),https://kakaku.com/item/K0000054630/,ATI FirePro2450,,512.0,,,PCIExpress2.0,26954
485,ASRock Phantom Gaming X Radeon RX570 8G OC [PCIExp 8GB],https://kakaku.com/item/K0001046983/,AMD RadeonRX570,2048,8000.0,256.0,7000.0,PCIExpress3.0x16,27633
486,エーキューブ AMD FirePro 2270 PCI-EX1 FP227-512ERX1 [PCIExp 512MB],https://kakaku.com/item/K0000227554/,AMD FirePro2270,,512.0,,400.0,PCIExpressx1,27665
487,エーキューブ AMD FirePro 2270 PCI-EX16 FP227-512ERX16 [PCIExp 512MB],https://kakaku.com/item/K0000227552/,AMD FirePro2270,,512.0,,400.0,PCIExpress2.0,27665
488,MATROX DualHead2Go デジタル版 SE D2G/DSE,https://kakaku.com/item/K0000462250/,,,,,,DisplayPort,28764
489,MATROX DualHead2Go Digital ME D2G-DP2D-MIF,https://kakaku.com/item/K0000639262/,,,,,,DisplayPort,29127
490,MATROX Millennium G550 LP PCIe (PCIExp 32MB),https://kakaku.com/item/05505013558/,MATROX G550,,32.0,,,PCIExpressx1,30396
491,ZOTAC ZOTAC GeForce GTX 1060 Mini 3GB ZT-P10610A-10L [PCIExp 3GB],https://kakaku.com/item/K0000903102/,NVIDIA GeForceGTX1060,1152,3000.0,192.0,,PCIExpress3.0x16,30955
492,SAPPHIRE SAPPHIRE NITRO+ RADEON RX 570 4G GDDR5 [PCIExp 4GB],https://kakaku.com/item/K0000960152/,AMD RadeonRX570,2048,4000.0,256.0,,PCIExpress3.0x16,32780
493,ASUS STRIX-GTX1060-DC2O6G [PCIExp 6GB],https://kakaku.com/item/K0000921442/,NVIDIA GeForceGTX1060,1280,6000.0,192.0,8007.999999999999,PCIExpress3.0x16,33980
494,エーキューブ AMD Radeon Pro WX3200 4GB RP32-4GER [PCIExp 4GB],https://kakaku.com/item/K0001208849/,AMD RadeonProWX3200,640,4000.0,128.0,,PCIExpress3.0x8 接続スロット：PCI-Expressx16,34595
495,MSI Radeon RX 580 ARMOR MK2 8G OC [PCIExp 8GB],https://kakaku.com/item/K0001041181/,AMD RadeonRX580,2304,8000.0,256.0,8000.0,PCIExpressx16,35445
496,ASRock Phantom Gaming X Radeon RX580 8G OC [PCIExp 8GB],https://kakaku.com/item/K0001046984/,AMD RadeonRX580,2304,8000.0,256.0,8000.0,PCIExpress3.0x16,36610
497,MATROX DualHead2Go DisplayPort版 D2G/DP,https://kakaku.com/item/K0000462251/,,,,,,DisplayPort,36720
498,GIGABYTE GV-N2060WF2OC-6GD [PCIExp 6GB],https://kakaku.com/item/K0001120839/,NVIDIA GeForceRTX2060,1920,6000.0,192.0,14000.0,PCIExpress3.0x16,40217
499,玄人志向 GALAKURO GK-RTX2070-E8GB/WHITE [PCIExp 8GB],https://kakaku.com/item/K0001098509/,NVIDIA GeForceRTX2070,2304,8000.0,256.0,14000.0,PCIExpress3.0x16,40800
500,MATROX Matrox M9120 PCIe x16/J (PCIExp 512MB),https://kakaku.com/item/05505016797/,MATROX,,512.0,,,PCIExp16X,42840
501,MATROX Millennium P690 LP PCIe x1 (PCIExp 128MB),https://kakaku.com/item/05505015912/,MATROX P690,,128.0,,,PCIExpressx1,44292
502,GIGABYTE GV-R57-8GD-B [PCIExp 8GB],https://kakaku.com/item/K0001172578/,AMD RadeonRX5700,2304,8000.0,256.0,14000.0,PCIExpress4.0x16,44876
503,MATROX TripleHead2Go デジタル版SE T2G/DSE,https://kakaku.com/item/K0000835510/,,,,,,DisplayPort,44880
504,Colorful GeForce RTX 2060 6G [PCIExp 6GB],https://kakaku.com/item/K0001122087/,NVIDIA GeForceRTX2060,1920,6000.0,192.0,14000.0,PCIExpress3.0x16,44940
505,MSI GeForce RTX 2060 VENTUS 6G OC [PCIExp 6GB],https://kakaku.com/item/K0001120298/,NVIDIA GeForceRTX2060,1920,6000.0,192.0,14000.0,PCIExpress3.0x16,46500
506,HIS HS-57LR8SSNR [PCIExp 8GB],https://kakaku.com/item/K0001176895/,AMD RadeonRX5700,2304,8000.0,256.0,14000.0,PCIExpress4.0x16,46650
507,PNY NVIDIA Quadro K1200 for DisplayPort VCQK1200DP-PB [PCIExp 4GB],https://kakaku.com/item/K0000778609/,NVIDIA QuadroK1200,512,4000.0,128.0,,PCIExpress2.0x16,46716
508,NVIDIA NVIDIA Quadro P1000 NVQP1000-4G [PCIExp 4GB],https://kakaku.com/item/K0001004740/,NVIDIA QuadroP1000,640,4000.0,128.0,,PCIExpress3.0x16,46762
509,GIGABYTE AORUS GV-N1060AORUS-6GD Rev.2.0 [PCIExp 6GB],https://kakaku.com/item/K0000999101/,NVIDIA GeForceGTX1060,1280,6000.0,192.0,8007.999999999999,PCIExpress3.0x16,47694
510,MATROX Matrox M9128 LP PCIe x16 [PCIExp 1GB],https://kakaku.com/item/K0000224796/,,,,,,,47736
511,ELSA NVIDIA Quadro P1000 EQP1000-4GER2 [PCIExp 4GB],https://kakaku.com/item/K0001225840/,NVIDIA QuadroP1000,640,4000.0,128.0,,PCIExpress3.0x16,48720
512,XFX RX-VEGALDFF6 [PCIExp 8GB],https://kakaku.com/item/K0001055379/,AMD RadeonRXVega56,3584,8000.0,2048.0,800.0,PCIExpress3.0x16,49800
513,ATI FIRE GL V5100 (PCIExp 128MB),https://kakaku.com/item/05500312299/,ATI FGLV,,128.0,,,PCIExp16X,50327
514,PNY NVIDIA NVS 510 for Quad DP Low Profile VCNVS510DP-PB [PCIExp 2GB],https://kakaku.com/item/K0000682981/,NVIDIA NVS510,192,2000.0,128.0,,PCIExpress3.0x16,50796
515,MATROX Matrox M9120 Plus LP PCIe x1/J (PCIExp 512MB),https://kakaku.com/item/05505016803/,MATROX,,512.0,,,PCIExpressx1,51816
516,PNY NVIDIA NVS 510 for Quad DVI Low Profile VCNVS510DVI-PB [PCIExp 2GB],https://kakaku.com/item/K0000682980/,NVIDIA NVS510,192,2000.0,128.0,,PCIExpress3.0x16,54039
517,ASUS DUAL-RTX2060-O6G [PCIExp 6GB],https://kakaku.com/item/K0001126080/,NVIDIA GeForceRTX2060,1920,6000.0,192.0,14000.0,PCIExpress,55370
518,GIGABYTE AORUS GV-N2060AORUS X-6GC [PCIExp 6GB],https://kakaku.com/item/K0001120838/,NVIDIA GeForceRTX2060,1920,6000.0,192.0,14140.0,PCIExpress3.0x16,55952
519,MSI N680GTX Twin Frozr 2GD5/OC [PCIExp 2GB],https://kakaku.com/item/K0000362114/,NVIDIA GeForceGTX680,1536,2000.0,,,PCIExpress3.0x16,58017
520,Colorful GTX1070Ti Twin [PCIExp 8GB],https://kakaku.com/item/K0001054364/,NVIDIA GeForceGTX1070Ti,2432,8000.0,256.0,8000.0,PCIExpress3.0x16,58119
521,ELSA NVIDIA NVS 510 [PCIExp 2GB],https://kakaku.com/item/K0000452576/,NVIDIA NVS510,192,2000.0,,,PCIExpress2.0x16,58576
522,MATROX TripleHead2Go DisplayPort版 T2G/DP,https://kakaku.com/item/K0000835511/,,,,,,DisplayPort,59670
523,MATROX Matrox M9125 PCIe x16 DualLink/J (PCIExp 512MB),https://kakaku.com/item/05505016799/,MATROX,,512.0,,,PCIExp16X,60996
524,Colorful iGame GTX1070 U-TOP-8G [PCIExp 8GB],https://kakaku.com/item/K0001039095/,NVIDIA GeForceGTX1070,1920,8000.0,256.0,8007.999999999999,PCIExpress3.0,62399
525,MATROX TripleHead2Go デジタル版 T2G/D,https://kakaku.com/item/K0000835509/,,,,,,DVI D-SUB,65076
526,Colorful GeForce RTX 2070 8G [PCIExp 8GB],https://kakaku.com/item/K0001118167/,NVIDIA GeForceRTX2070,2304,8000.0,256.0,14000.0,PCIExpress3.0x16,65790
527,MSI N680GTX-PM2D2GD5 [PCIExp 2GB],https://kakaku.com/item/K0000354831/,NVIDIA GeForceGTX680,1536,2000.0,,,PCIExpress3.0x16,67167
528,Lenovo NVIDIA Quadro P2200 4X60W87106 [PCIExp 5GB],https://kakaku.com/item/K0001225983/,NVIDIA QuadroP2200,1280,5000.0,160.0,,PCIExpress3.0x16,67515
529,ASUS STRIX-GTX980-DC2OC-4GD5-SP [PCIExp 4GB],https://kakaku.com/item/K0000763093/,NVIDIA GeForceGTX980,2048,4000.0,256.0,7010.0,PCIExpress3.0x16,71279
530,MATROX Matrox M9148 LP PCIe x16 (PCIExp 1GB),https://kakaku.com/item/K0000064749/,MATROX,,1000.0,,,PCIExp16X,71417
531,ZOTAC ZOTAC GAMING GeForce RTX 2070 AMP Edition ZT-T20700D-10P [PCIExp 8GB],https://kakaku.com/item/K0001098514/,NVIDIA GeForceRTX2070,2304,8000.0,256.0,,PCIExpress3.0x16,72656
532,ELSA ELSA GeForce GTX 1070 8GB S.A.C GD1070-8GERXS [PCIExp 8GB],https://kakaku.com/item/K0000900665/,NVIDIA GeForceGTX1070,1920,8000.0,256.0,,PCIExpress3.0x16,75045
533,MATROX Matrox M9138 LP PCIe x16 (PCIExp 1GB),https://kakaku.com/item/K0000064747/,MATROX,,1000.0,,,PCIExp16X,78336
534,ASUS ROG-STRIX-RTX2070-O8G-GAMING [PCIExp 8GB],https://kakaku.com/item/K0001098552/,NVIDIA GeForceRTX2070,2304,8000.0,256.0,14000.0,PCIExpress3.0,80300
535,GIGABYTE GV-N2080WF3-8GC [PCIExp 8GB],https://kakaku.com/item/K0001124220/,NVIDIA GeForceRTX2080,2944,8000.0,256.0,14000.0,PCIExpress3.0x16,85883
536,ZOTAC ZOTAC GAMING GeForce RTX 2080 Blower ZT-T20800A-10P [PCIExp 8GB],https://kakaku.com/item/K0001091041/,NVIDIA GeForceRTX2080,2944,8000.0,256.0,,PCIExpress3.0x16,87393
537,ATI FirePro W7000 [PCIExp 4GB],https://kakaku.com/item/K0000435685/,AMD FireProW7000,,4000.0,256.0,,PCIExpress3.0x16,87479
538,Colorful iGame GeForce RTX 2080 Advanced OC [PCIExp 8GB],https://kakaku.com/item/K0001091240/,NVIDIA GeForceRTX2080,2944,8000.0,256.0,14000.0,PCIExpress3.0x16,88880
539,ASUS TURBO-RTX2080-8G-EVO [PCIExp 8GB],https://kakaku.com/item/K0001163589/,NVIDIA GeForceRTX2080,2944,8000.0,256.0,14000.0,PCIExpress3.0,90605
540,ASUS ROG MATRIX-GTX980-P-4GD5 [PCIExp 4GB],https://kakaku.com/item/K0000738666/,NVIDIA GeForceGTX980,2048,4000.0,256.0,7010.0,PCIExpress3.0x16,94000
541,エーキューブ FirePro W5100 4GB GDDR5日本語版 FPW51-4GER [PCIExp 4GB],https://kakaku.com/item/K0000693193/,AMD FireProW5100,,4000.0,,,PCIExpress3.0x16,96005
542,GIGABYTE GV-N2080GAMING OC-8GC [PCIExp 8GB],https://kakaku.com/item/K0001082424/,NVIDIA GeForceRTX2080,2944,8000.0,256.0,14000.0,PCIExpress3.0x16,97680
543,玄人志向 GK-RTX2080-E8GB/WHITE [PCIExp 8GB],https://kakaku.com/item/K0001091994/,NVIDIA GeForceRTX2080,2944,8000.0,256.0,14000.0,PCIExpress3.0x16,97900
544,ZOTAC ZOTAC GAMING GeForce RTX 2080 AMP Extreme Core ZT-T20800C-10P [PCIExp 8GB],https://kakaku.com/item/K0001119515/,NVIDIA GeForceRTX2080,2944,8000.0,256.0,14400.0,PCIExpress3.0,100980
545,ASUS DUAL-RTX2080-A8G [PCIExp 8GB],https://kakaku.com/item/K0001100683/,NVIDIA GeForceRTX2080,2944,8000.0,256.0,14000.0,PCIExpress3.0,104720
546,ZOTAC ZOTAC GAMING GeForce RTX 2080 AMP Extreme ZT-T20800B-10P [PCIExp 8GB],https://kakaku.com/item/K0001119514/,NVIDIA GeForceRTX2080,2944,8000.0,256.0,14400.0,PCIExpress3.0,108890
547,AMD RADEON PRO WX 7100 [PCIExp 8GB],https://kakaku.com/item/K0000960483/,AMD RadeonProWX7100,2304,8000.0,256.0,,PCIExpress3.0x16,108980
548,GIGABYTE AORUS GV-N2080AORUS X-8GC [PCIExp 8GB],https://kakaku.com/item/K0001096667/,NVIDIA GeForceRTX2080,2944,8000.0,256.0,14140.0,PCIExpress3.0x16,109796
549,MATROX C420 LP PCIe x16/J C420/2GBPEX16/LP [PCIExp 2GB],https://kakaku.com/item/K0000722020/,AMD,,2000.0,,,PCIExpress3.0x16,111996
550,ASUS DUAL-RTX2080-O8G [PCIExp 8GB],https://kakaku.com/item/K0001082415/,NVIDIA GeForceRTX2080,2944,8000.0,256.0,14000.0,PCIExpress3.0,113704
551,MATROX C680/4G PCIe x16/J C680/4GBPEX16 [PCIExp 4GB],https://kakaku.com/item/K0001083595/,AMD,,4000.0,,,PCIExpress3.0x16,117504
552,MATROX Matrox G450MMS/QPD/B (PCI 128MB),https://kakaku.com/item/05505011941/,MATROX G450,,128.0,,,PCI,121297
553,PNY NVIDIA Quadro K4000 VCQK4000-PB [PCIExp 3GB],https://kakaku.com/item/K0000605760/,NVIDIA QuadroK4000,768,3000.0,192.0,,PCIExpress2.0x16,128010
554,Colorful iGame GeForce RTX 2080 Ti Advanced OC [PCIExp 11GB],https://kakaku.com/item/K0001093085/,NVIDIA GeForceRTX2080Ti,4352,11000.0,352.0,14000.0,PCIExpress3.0x16,148400
555,AMD RADEON PRO WX 8200 [PCIExp 8GB],https://kakaku.com/item/K0001081189/,AMD RadeonProWX8200,3584,8000.0,2048.0,,PCIExpress3.0x16,178209
556,Lenovo NVIDIA Quadro RTX 4000 4X60U98734 [PCIExp 8GB],https://kakaku.com/item/K0001225981/,NVIDIA QuadroRTX4000,2304,8000.0,256.0,,PCIExpress3.0x16,181906
557,Lenovo NVIDIA Quadro RTX 4000 4X60V09656 [PCIExp 8GB],https://kakaku.com/item/K0001225982/,NVIDIA QuadroRTX4000,2304,8000.0,256.0,,PCIExpress3.0x16,181906
558,エーキューブ AMD FirePro W8100 8GB GDDR5日本語版 FPW81-8GER [PCIExp 8GB],https://kakaku.com/item/K0000719637/,AMD FireProW8100,,8000.0,512.0,,PCIExpress3.0x16,241780
559,ELSA NVIDIA TESLA C2075 [PCIExp 6GB],https://kakaku.com/item/K0000442673/,NVIDIA TeslaC2075,,6000.0,,,PCIExpress2.0x16,263780
560,PNY NVIDIA Quadro K5200 VCQK5200-PB [PCIExp 8GB],https://kakaku.com/item/K0000703984/,NVIDIA QuadroK5200,2304,8000.0,256.0,,PCIExpress3.0x16,293760
561,ELSA NVIDIA Quadro P6000 EQP6000-24GER [PCIExp 24GB],https://kakaku.com/item/K0000924706/,NVIDIA QuadroP6000,3840,24000.0,384.0,,PCIExpress3.0x16,623330
562,ELSA NVIDIA Quadro K6000 EQK6000-12GER [PCIExp 12GB],https://kakaku.com/item/K0000705877/,NVIDIA QuadroK6000,2880,12000.0,,,PCIExpress3.0x16,623334
563,ELSA NVIDIA Tesla P100 12GB ETSP100-12GER [PCIExp 12GB],https://kakaku.com/item/K0001048510/,NVIDIA TeslaP100,3584,12000.0,,,PCIExpress3.0x16,682380
564,ELSA NVIDIA Tesla P40 ETSP40-24GER [PCIExp 24GB],https://kakaku.com/item/K0001054398/,NVIDIA TeslaP40,3840,24000.0,,,PCIExpress3.0x16,801075
565,Lenovo NVIDIA Quadro RTX 6000 4X60V13556 [PCIExp 24GB],https://kakaku.com/item/K0001225980/,NVIDIA QuadroRTX6000,4608,24000.0,384.0,,PCIExpress3.0x16,805589
566,ELSA NVIDIA Tesla P100 16GB ETSP100-16GER [PCIExp 16GB],https://kakaku.com/item/K0001048509/,NVIDIA TeslaP100,3584,16000.0,,,PCIExpress3.0x16,814880
567,エーキューブ AMD Radeon INSTINCT MI25 RI-MI25 [PCIExp 16GB],https://kakaku.com/item/K0001041180/,AMD Vega10,,16000.0,512.0,,PCIExpress3.0x16,846511
568,ELSA NVIDIA Quadro GP100 EQGP100-16GER [PCIExp 16GB],https://kakaku.com/item/K0000941943/,NVIDIA QuadroGP100,3584,16000.0,4096.0,,PCIExpress3.0x16,851719
