0,WESTERN DIGITAL WD60EZAZ-RT [6TB SATA600 5400],https://kakaku.com/item/K0001133799/,6000.0,5400.0,256000.0,SerialATA600,10969
1,SEAGATE ST8000DM004 [8TB SATA600 5400],https://kakaku.com/item/K0001026180/,8000.0,5400.0,256000.0,SerialATA600,13950
2,SEAGATE ST4000DM004 [4TB SATA600 5400],https://kakaku.com/item/K0000983050/,4000.0,5400.0,256000.0,SerialATA600,7649
3,WESTERN DIGITAL WD40EZRZ-RT2 [4TB SATA600 5400],https://kakaku.com/item/K0000927098/,4000.0,5400.0,64000.0,SerialATA600,8126
4,SEAGATE ST6000DM003 [6TB SATA600 5400],https://kakaku.com/item/K0001026181/,6000.0,5400.0,256000.0,SerialATA600,10475
5,東芝 DT01ACA200 [2TB SATA600 7200],https://kakaku.com/item/K0000406684/,2000.0,7200.0,64000.0,SerialATA600,5768
6,東芝 DT01ACA100 [1TB SATA600 7200],https://kakaku.com/item/K0000391558/,1000.0,7200.0,32000.0,SerialATA600,3993
7,WESTERN DIGITAL WD80EFAX [8TB SATA600 5400],https://kakaku.com/item/K0001058221/,8000.0,5400.0,256000.0,SerialATA600,26880
8,WESTERN DIGITAL WD20EFAX-RT [2TB SATA600 5400],https://kakaku.com/item/K0001150830/,2000.0,5400.0,256000.0,SerialATA600,8228
9,WESTERN DIGITAL WD20EZAZ-RT [2TB SATA600 5400],https://kakaku.com/item/K0001098284/,2000.0,5400.0,256000.0,SerialATA600,6356
10,東芝 MD05ACA800 [8TB SATA600 7200],https://kakaku.com/item/K0000964013/,8000.0,7200.0,128000.0,SerialATA600,19228
11,WESTERN DIGITAL WD60EFAX-RT [6TB SATA600 5400],https://kakaku.com/item/K0001135667/,6000.0,5400.0,256000.0,SerialATA600,21901
12,東芝 MN05ACA800 [8TB SATA600 7200],https://kakaku.com/item/K0000942528/,8000.0,7200.0,,SerialATA600,21978
13,SEAGATE ST4000VN008 [4TB SATA600 5900],https://kakaku.com/item/K0000896131/,4000.0,5900.0,64000.0,SerialATA600,13284
14,WESTERN DIGITAL WD10EZEX [1TB SATA600 7200],https://kakaku.com/item/K0000385373/,1000.0,7200.0,64000.0,SerialATA600,4917
15,WESTERN DIGITAL WD40PURZ [4TB SATA600 5400],https://kakaku.com/item/K0000966644/,4000.0,5400.0,64000.0,SerialATA600,11429
16,WESTERN DIGITAL WD40EFRX-RT2 [4TB SATA600 5400],https://kakaku.com/item/K0000927099/,4000.0,5400.0,64000.0,SerialATA600,15169
17,WESTERN DIGITAL WD30EFRX [3TB SATA600 5400],https://kakaku.com/item/K0000401036/,3000.0,5400.0,64000.0,SerialATA600,10758
18,SEAGATE ST2000DM008 [2TB SATA600 7200],https://kakaku.com/item/K0001101158/,2000.0,7200.0,256000.0,SerialATA600,6498
19,SEAGATE ST8000VN004 [8TB SATA600 7200],https://kakaku.com/item/K0001174592/,8000.0,7200.0,256000.0,SerialATA600,23937
20,東芝 MN07ACA12T [12TB SATA600 7200],https://kakaku.com/item/K0001087115/,12000.0,7200.0,,SerialATA600,37400
21,東芝 DT02ABA400 [4TB SATA600 5400],https://kakaku.com/item/K0001216680/,4000.0,5400.0,,SerialATA600,8054
22,SEAGATE ST1000DM010 [1TB SATA600 7200],https://kakaku.com/item/K0000919026/,1000.0,7200.0,64000.0,SerialATA600,4555
23,SEAGATE ST2000DM005 [2TB SATA600 5400],https://kakaku.com/item/K0001075415/,2000.0,5400.0,256000.0,SerialATA600,6050
24,東芝 MN07ACA14T [14TB SATA600 7200],https://kakaku.com/item/K0001087114/,14000.0,7200.0,,SerialATA600,47800
25,東芝 DT01ACA300 [3TB SATA600 7200],https://kakaku.com/item/K0000406683/,3000.0,7200.0,64000.0,SerialATA600,7139
26,SEAGATE ST3000DM007 [3TB SATA600 5400],https://kakaku.com/item/K0001023197/,3000.0,5400.0,256000.0,SerialATA600,7148
27,WESTERN DIGITAL WD82PURZ [8TB SATA600 7200],https://kakaku.com/item/K0001160217/,8000.0,7200.0,256000.0,SerialATA600,24058
28,WESTERN DIGITAL WD20PURZ [2TB SATA600 5400],https://kakaku.com/item/K0000966642/,2000.0,5400.0,64000.0,SerialATA600,7037
29,東芝 MN06ACA10T [10TB SATA600 7200],https://kakaku.com/item/K0001164815/,10000.0,7200.0,,SerialATA600,29975
30,東芝 DT01ACA050 [500GB SATA600 7200],https://kakaku.com/item/K0000391560/,500.0,7200.0,32000.0,SerialATA600,4028
31,WESTERN DIGITAL WD120EFAX [12TB SATA600 5400],https://kakaku.com/item/K0001163678/,12000.0,5400.0,256000.0,SerialATA600,44779
32,東芝 MN04ACA400 [4TB SATA600 7200],https://kakaku.com/item/K0000942530/,4000.0,7200.0,,SerialATA600,10980
33,SEAGATE ST16000VN001 [16TB SATA600 7200],https://kakaku.com/item/K0001177767/,16000.0,7200.0,256000.0,SerialATA600,58278
34,WESTERN DIGITAL WD60PURZ [6TB SATA600 5400],https://kakaku.com/item/K0000966645/,6000.0,5400.0,64000.0,SerialATA600,18977
35,SEAGATE ST14000VN0008 [14TB SATA600 7200],https://kakaku.com/item/K0001090643/,14000.0,7200.0,256000.0,SerialATA600,49879
36,WESTERN DIGITAL WD141KRYZ [14TB SATA600 7200],https://kakaku.com/item/K0001207349/,14000.0,7200.0,512000.0,SerialATA600,63780
37,東芝 MD04ACA400 [4TB SATA600 7200],https://kakaku.com/item/K0000700770/,4000.0,7200.0,,SerialATA600,10950
38,SEAGATE ST8000VN0022 [8TB SATA600 7200],https://kakaku.com/item/K0000896129/,8000.0,7200.0,256000.0,SerialATA600,26949
39,WESTERN DIGITAL WD30EZRZ-RT [3TB SATA600 5400],https://kakaku.com/item/K0000820181/,3000.0,5400.0,64000.0,SerialATA600,7827
40,東芝 MD06ACA10T [10TB SATA600 7200],https://kakaku.com/item/K0001108231/,10000.0,7200.0,,SerialATA600,28688
41,WESTERN DIGITAL WD10EFRX [1TB SATA600 5400],https://kakaku.com/item/K0000401034/,1000.0,5400.0,64000.0,SerialATA600,7451
42,WESTERN DIGITAL WD30PURZ [3TB SATA600 5400],https://kakaku.com/item/K0000966643/,3000.0,5400.0,64000.0,SerialATA600,8951
43,WESTERN DIGITAL WD4005FZBX [4TB SATA600 7200],https://kakaku.com/item/K0001035976/,4000.0,7200.0,256000.0,SerialATA600,19841
44,SEAGATE ST6000VN0033 [6TB SATA600 7200],https://kakaku.com/item/K0001026182/,6000.0,7200.0,256000.0,SerialATA600,19763
45,東芝 MG07ACA12TE [12TB SATA600 7200],https://kakaku.com/item/K0001193678/,12000.0,7200.0,,SerialATA600,37173
46,WESTERN DIGITAL WD101EFAX [10TB SATA600 5400],https://kakaku.com/item/K0001224708/,10000.0,5400.0,256000.0,SerialATA600,38799
47,SEAGATE ST2000VN004 [2TB SATA600 5900],https://kakaku.com/item/K0000896133/,2000.0,5900.0,64000.0,SerialATA600,9108
48,SEAGATE ST16000NE000 [16TB SATA600 7200],https://kakaku.com/item/K0001179848/,16000.0,7200.0,256000.0,SerialATA600,69739
49,SEAGATE ST3000VN007 [3TB SATA600 5900],https://kakaku.com/item/K0000896132/,3000.0,5900.0,64000.0,SerialATA600,10552
50,WESTERN DIGITAL WD102PURZ [10TB SATA600 7200],https://kakaku.com/item/K0001221780/,10000.0,7200.0,256000.0,SerialATA600,31800
51,WESTERN DIGITAL WD100EFAX [10TB SATA600 5400],https://kakaku.com/item/K0000972162/,10000.0,5400.0,256000.0,SerialATA600,39339
52,WESTERN DIGITAL WD2500AAKX [250GB SATA600 7200],https://kakaku.com/item/K0000315145/,250.0,7200.0,16000.0,,2275
53,WESTERN DIGITAL WD10PURZ [1TB SATA600 5400],https://kakaku.com/item/K0000966641/,1000.0,5400.0,64000.0,SerialATA600,5776
54,ロジテック 【直販モデル】 LHD-WD40EZRZ [4TB],https://kakaku.com/item/K0000976376/,4000.0,,,,8980
55,WESTERN DIGITAL WD6003FZBX [6TB SATA600 7200],https://kakaku.com/item/K0001035975/,6000.0,7200.0,256000.0,SerialATA600,26508
56,SEAGATE ST500DM009 [500GB SATA600 7200],https://kakaku.com/item/K0000903571/,500.0,7200.0,32000.0,SerialATA600,4552
57,SEAGATE ST10000VN0004 [10TB SATA600 7200],https://kakaku.com/item/K0000896128/,10000.0,7200.0,256000.0,SerialATA600,34609
58,WESTERN DIGITAL WD1003FZEX [1TB SATA600 7200],https://kakaku.com/item/K0000596579/,1000.0,7200.0,64000.0,SerialATA600,7933
59,WESTERN DIGITAL WD2005FBYZ [2TB SATA600 7200],https://kakaku.com/item/K0000922235/,2000.0,7200.0,128000.0,SerialATA600,13059
60,東芝 MN05ACA600 [6TB SATA600 7200],https://kakaku.com/item/K0000942529/,6000.0,7200.0,,SerialATA600,18975
61,東芝 MG05ACA800E [8TB SATA600 7200],https://kakaku.com/item/K0000957817/,8000.0,7200.0,,SerialATA600,22293
62,SEAGATE ST12000VN0008 [12TB SATA600 7200],https://kakaku.com/item/K0001167551/,12000.0,7200.0,256000.0,SerialATA600,39500
63,WESTERN DIGITAL WD140EFFX [14TB SATA600 5400],https://kakaku.com/item/K0001215996/,14000.0,5400.0,512000.0,SerialATA600,62600
64,SEAGATE ST500DM002 [500GB SATA600 7200],https://kakaku.com/item/K0000280722/,500.0,7200.0,16000.0,,3165
65,SEAGATE ST3160215ACE [160GB U100 7200],https://kakaku.com/item/K0000364318/,160.0,7200.0,2000.0,UltraATA100,5980
66,WESTERN DIGITAL WD30EURX [3TB SATA600],https://kakaku.com/item/K0000684294/,3000.0,,64000.0,SerialATA600,10480
67,WESTERN DIGITAL WD4003FRYZ [4TB SATA600 7200],https://kakaku.com/item/K0001207347/,4000.0,7200.0,256000.0,SerialATA600,21500
68,SEAGATE ST10000VN0008 [10TB SATA600 7200],https://kakaku.com/item/K0001167552/,10000.0,7200.0,256000.0,SerialATA600,33000
69,SEAGATE ST250DM000 [250GB SATA600 7200],https://kakaku.com/item/K0000280721/,250.0,7200.0,,,2176
70,WESTERN DIGITAL WD5000AZLX [500GB SATA600 7200],https://kakaku.com/item/K0000449787/,500.0,7200.0,32000.0,SerialATA600,4657
71,WESTERN DIGITAL WD10EZRZ-RT [1TB SATA600 5400],https://kakaku.com/item/K0000820662/,1000.0,5400.0,64000.0,SerialATA600,5929
72,東芝 MD04ACA600 [6TB SATA600 7200],https://kakaku.com/item/K0000831511/,6000.0,7200.0,,SerialATA600,15276
73,WESTERN DIGITAL WD1005FBYZ [1TB SATA600 7200],https://kakaku.com/item/K0000952001/,1000.0,7200.0,128000.0,SerialATA600,9700
74,WESTERN DIGITAL WD2002FFSX [2TB SATA600 7200],https://kakaku.com/item/K0000921987/,2000.0,7200.0,64000.0,SerialATA600,14900
75,SEAGATE ST4000NE001 [4TB SATA600 7200],https://kakaku.com/item/K0001192619/,4000.0,7200.0,128000.0,SerialATA600,19580
76,バッファロー OP-HD2.0T/LS [2TB SATA],https://kakaku.com/item/K0000337067/,2000.0,,,,23273
77,WESTERN DIGITAL HUS726T6TALE6L4 [6TB SATA600 7200],https://kakaku.com/item/K0001114936/,6000.0,7200.0,256000.0,SerialATA600,28200
78,WESTERN DIGITAL WD101PURZ [10TB SATA600 7200],https://kakaku.com/item/K0001078043/,10000.0,7200.0,256000.0,SerialATA600,31350
79,WESTERN DIGITAL WD101KFBX [10TB SATA600 7200],https://kakaku.com/item/K0000972161/,10000.0,7200.0,256000.0,SerialATA600,49700
80,SEAGATE ST14000NE0008 [14TB SATA600 7200],https://kakaku.com/item/K0001090644/,14000.0,7200.0,256000.0,SerialATA600,50780
81,WESTERN DIGITAL WUH721414ALE6L4 [14TB SATA600 7200],https://kakaku.com/item/K0001127995/,14000.0,7200.0,512000.0,SerialATA600,66578
82,WESTERN DIGITAL WD6003FRYZ [6TB SATA600 7200],https://kakaku.com/item/K0001207346/,6000.0,7200.0,256000.0,SerialATA600,29778
83,WESTERN DIGITAL WD3200AAKS (320G SATA300 7200),https://kakaku.com/item/05302515806/,320.0,7200.0,16000.0,SerialATA300,3264
84,WESTERN DIGITAL WD5000AZRZ-RT [500GB SATA600 5400],https://kakaku.com/item/K0000820665/,500.0,5400.0,64000.0,SerialATA600,5250
85,SEAGATE ST1000VN002 [1TB SATA600 5900],https://kakaku.com/item/K0000896134/,1000.0,5900.0,64000.0,SerialATA600,6980
86,WESTERN DIGITAL WD30EZRX [3TB SATA600],https://kakaku.com/item/K0000242118/,3000.0,,64000.0,SerialATA600,7950
87,HGST HUS722T1TALA604 [1TB SATA600 7200],https://kakaku.com/item/K0000935362/,1000.0,7200.0,128000.0,SerialATA600,10052
88,SEAGATE ST2000DX002 [2TB SATA600 7200],https://kakaku.com/item/K0000913438/,2000.0,7200.0,64000.0,SerialATA600,10208
89,SEAGATE ST2000NM0008 [2TB SATA600 7200],https://kakaku.com/item/K0001035506/,2000.0,7200.0,128000.0,SerialATA600,13420
90,HGST HUS722T2TALA604 [2TB SATA600 7200],https://kakaku.com/item/K0001051522/,2000.0,7200.0,128000.0,SerialATA600,15239
91,WESTERN DIGITAL WD40EURX [4TB SATA600],https://kakaku.com/item/K0000729171/,4000.0,,64000.0,SerialATA600,16276
92,WESTERN DIGITAL WD121PURZ [12TB SATA600 7200],https://kakaku.com/item/K0001080062/,12000.0,7200.0,256000.0,SerialATA600,50599
93,WESTERN DIGITAL WD5000AAKS (500G SATA300 7200),https://kakaku.com/item/05302515791/,500.0,7200.0,16000.0,SerialATA300,3956
94,WESTERN DIGITAL WD5000AAKX [500GB SATA600 7200],https://kakaku.com/item/K0000164534/,500.0,7200.0,16000.0,,4620
95,WESTERN DIGITAL WD10EURX [1TB SATA600],https://kakaku.com/item/K0000684293/,1000.0,,64000.0,SerialATA600,5996
96,SEAGATE ST2000VX008 [2TB SATA600],https://kakaku.com/item/K0000930248/,2000.0,,64000.0,SerialATA600,7881
97,WESTERN DIGITAL WD5003AZEX [500GB SATA600 7200],https://kakaku.com/item/K0000411658/,500.0,7200.0,64000.0,SerialATA600,7952
98,ロジテック 【直販モデル】 LHD-WD20EURX [2TB],https://kakaku.com/item/K0000976368/,2000.0,,,,9680
99,バッファロー OP-HD1.0T/LS [1TB SATA],https://kakaku.com/item/K0000337069/,1000.0,,,,14186
100,WESTERN DIGITAL WD2003FZEX [2TB SATA600 7200],https://kakaku.com/item/K0000596578/,2000.0,7200.0,64000.0,SerialATA600,14938
101,WESTERN DIGITAL WD40EFRX [4TB SATA600 5400],https://kakaku.com/item/K0000573468/,4000.0,5400.0,64000.0,SerialATA600,18655
102,SEAGATE ST6000VX0023 [6TB SATA600],https://kakaku.com/item/K0000930251/,6000.0,,256000.0,SerialATA600,20300
103,WESTERN DIGITAL HUS726T4TALA6L4 [4TB SATA600 7200],https://kakaku.com/item/K0001114935/,4000.0,7200.0,256000.0,SerialATA600,21349
104,WESTERN DIGITAL WD102KRYZ [10TB SATA600 7200],https://kakaku.com/item/K0001220516/,10000.0,7200.0,256000.0,SerialATA600,47495
105,HGST HUH721010ALE600 [10TB SATA600 7200],https://kakaku.com/item/K0000835196/,10000.0,7200.0,256000.0,SerialATA600,48900
106,HGST HUH721010ALE604 [10TB SATA600 7200],https://kakaku.com/item/K0000835204/,10000.0,7200.0,256000.0,SerialATA600,49000
107,SEAGATE ST3250312AS [250GB SATA600 7200],https://kakaku.com/item/K0000228650/,250.0,7200.0,8000.0,,2868
108,ロジテック 【直販モデル】 LHD-WD20EZRZ [2TB],https://kakaku.com/item/K0000976369/,2000.0,,,,6480
109,WESTERN DIGITAL WD20EFRX [2TB SATA600 5400],https://kakaku.com/item/K0000401035/,2000.0,5400.0,64000.0,SerialATA600,9900
110,ロジテック 【直販モデル】 LHD-WD40EFRX [4TB],https://kakaku.com/item/K0000976375/,4000.0,,,,15580
111,ロジテック 【直販モデル】 LHD-DA40SAKWR [4TB SATA600 7200],https://kakaku.com/item/K0000724970/,4000.0,7200.0,64000.0,SerialATA600,17930
112,WESTERN DIGITAL WD4003FFBX [4TB SATA600 7200],https://kakaku.com/item/K0001046063/,4000.0,7200.0,256000.0,SerialATA600,22880
113,WESTERN DIGITAL HUS728T8TALE6L4 [8TB SATA600 7200],https://kakaku.com/item/K0001114938/,8000.0,7200.0,256000.0,SerialATA600,38045
114,WESTERN DIGITAL WD8004FRYZ [8TB SATA600 7200],https://kakaku.com/item/K0001207348/,8000.0,7200.0,256000.0,SerialATA600,38055
115,WESTERN DIGITAL WD121KRYZ [12TB SATA600 7200],https://kakaku.com/item/K0000999796/,12000.0,7200.0,256000.0,SerialATA600,53800
116,WESTERN DIGITAL HUH721212ALE604 [12TB SATA600 7200],https://kakaku.com/item/K0001127994/,12000.0,7200.0,256000.0,SerialATA600,59675
117,SEAGATE ST3500418AS (500GB SATA300 7200),https://kakaku.com/item/K0000014805/,500.0,7200.0,16000.0,SerialATA300,4154
118,ロジテック 【直販モデル】 LHD-WD10EZRZ [1TB],https://kakaku.com/item/K0000976364/,1000.0,,,,5280
119,SEAGATE ST4000VX007 [4TB SATA600],https://kakaku.com/item/K0000930250/,4000.0,,64000.0,SerialATA600,11853
120,バッファロー OP-HD500/LS [500GB SATA],https://kakaku.com/item/K0000337070/,500.0,,,,12358
121,ロジテック LHD-D3000SAK2 [3TB SATA600 7200],https://kakaku.com/item/K0000832692/,3000.0,7200.0,,SerialATA600,13470
122,バッファロー HD-ID2.0TS [2TB SATA],https://kakaku.com/item/K0000319184/,2000.0,,,,14121
123,SEAGATE ST6000DM004 [6TB SATA600 7200],https://kakaku.com/item/K0000930242/,6000.0,7200.0,256000.0,SerialATA600,20600
124,WESTERN DIGITAL WD6003FFBX [6TB SATA600 7200],https://kakaku.com/item/K0001044791/,6000.0,7200.0,256000.0,SerialATA600,29517
125,SEAGATE ST8000NE0004 [8TB SATA600 7200],https://kakaku.com/item/K0000980073/,8000.0,7200.0,256000.0,SerialATA600,34429
126,SEAGATE ST8000NM0055 [8TB SATA600 7200],https://kakaku.com/item/K0000880170/,8000.0,7200.0,256000.0,SerialATA600,34979
127,WESTERN DIGITAL WD8003FFBX [8TB SATA600 7200],https://kakaku.com/item/K0001058220/,8000.0,7200.0,256000.0,SerialATA600,40499
128,SEAGATE ST10000NM0086 [10TB SATA600 7200],https://kakaku.com/item/K0001051525/,10000.0,7200.0,256000.0,SerialATA600,42569
129,HGST HUH721212ALE600 [12TB SATA600 7200],https://kakaku.com/item/K0000996123/,12000.0,7200.0,256000.0,SerialATA600,54000
130,WESTERN DIGITAL WD141KFGX [14TB SATA600 7200],https://kakaku.com/item/K0001220515/,14000.0,7200.0,512000.0,SerialATA600,71949
131,WESTERN DIGITAL WD10EARX [1TB SATA600],https://kakaku.com/item/K0000260543/,1000.0,,64000.0,,5242
132,SEAGATE ST1000VX005 [1TB SATA600],https://kakaku.com/item/K0000930247/,1000.0,,64000.0,SerialATA600,5538
133,ロジテック 【直販モデル】 LHD-DA10SAKWGP [1TB SATA300],https://kakaku.com/item/K0000343347/,1000.0,5400.0,64000.0,SerialATA300,6600
134,SEAGATE ST31000528AS (1TB SATA300 7200),https://kakaku.com/item/K0000014807/,1000.0,7200.0,32000.0,SerialATA300,7121
135,WESTERN DIGITAL WD05PURZ [500GB SATA600 5400],https://kakaku.com/item/K0000966640/,500.0,5400.0,64000.0,SerialATA600,7181
136,ロジテック 【直販モデル】 LHD-WD30EZRZ [3TB],https://kakaku.com/item/K0000976373/,3000.0,,,,7980
137,ロジテック 【直販モデル】 LHD-DA20SAKWGP [2TB SATA300],https://kakaku.com/item/K0000343349/,2000.0,5400.0,64000.0,SerialATA300,8030
138,IODATA HDI-S80A7P [80GB SATA 7200],https://kakaku.com/item/K0000351898/,80.0,7200.0,,,8080
139,東芝 DT01ACA200BOX [2TB SATA 7200],https://kakaku.com/item/K0000438644/,2000.0,7200.0,64000.0,,8860
140,SEAGATE ST1000NM0008 [1TB SATA600 7200],https://kakaku.com/item/K0001035507/,1000.0,7200.0,128000.0,SerialATA600,9628
141,ロジテック 【直販モデル】 LHD-WD20EFRX [2TB],https://kakaku.com/item/K0000976367/,2000.0,,,,9630
142,ロジテック LHD-D1000SAK2 [1TB SATA600 7200],https://kakaku.com/item/K0000832690/,1000.0,7200.0,,SerialATA600,11266
143,SEAGATE ST3000VX010 [3TB SATA600],https://kakaku.com/item/K0000930249/,3000.0,,64000.0,SerialATA600,11378
144,ロジテック 【直販モデル】 LHD-DA40SAKWGP [4TB SATA600 5400],https://kakaku.com/item/K0000724971/,4000.0,5400.0,64000.0,SerialATA600,11880
145,SEAGATE ST1000NM0055 [1TB SATA600 7200],https://kakaku.com/item/K0000935363/,1000.0,7200.0,128000.0,SerialATA600,12480
146,SEAGATE ST2000NE0025 [2TB SATA600 7200],https://kakaku.com/item/K0000951728/,2000.0,7200.0,128000.0,SerialATA600,13033
147,東芝 MG04ACA200E [2TB SATA600 7200],https://kakaku.com/item/K0000623445/,2000.0,7200.0,,SerialATA600,16980
148,SEAGATE ST2000NM0055 [2TB SATA600 7200],https://kakaku.com/item/K0000925300/,2000.0,7200.0,128000.0,SerialATA600,16980
149,SEAGATE ST6000VX001 [6TB SATA600],https://kakaku.com/item/K0001117558/,6000.0,,256000.0,SerialATA600,22831
150,WESTERN DIGITAL HUS726T4TALE6L4 [4TB SATA600 7200],https://kakaku.com/item/K0001114937/,4000.0,7200.0,256000.0,SerialATA600,23100
151,SEAGATE ST4000NM0035 [4TB SATA600 7200],https://kakaku.com/item/K0001051523/,4000.0,7200.0,128000.0,SerialATA600,23100
152,東芝 MD05ACA600 [6TB SATA600 7200],https://kakaku.com/item/K0000978807/,6000.0,7200.0,,SerialATA600,31901
153,SEAGATE ST10000VX0004 [10TB SATA600 7200],https://kakaku.com/item/K0000930253/,10000.0,7200.0,256000.0,SerialATA600,33830
154,ロジテック 【直販モデル】 LHD-WD80EFAX [8TB],https://kakaku.com/item/K0001115059/,8000.0,,,,41030
155,HGST HUH721008ALE600 [8TB SATA600 7200],https://kakaku.com/item/K0000835197/,8000.0,7200.0,256000.0,SerialATA600,41200
156,SEAGATE ST8000NE0021 [8TB SATA600 7200],https://kakaku.com/item/K0000930245/,8000.0,7200.0,256000.0,SerialATA600,48920
157,バッファロー OP-HD2.0H [2TB SATA],https://kakaku.com/item/K0000580641/,2000.0,,,,49434
158,SEAGATE ST12000NE0008 [12TB SATA600 7200],https://kakaku.com/item/K0001192616/,12000.0,7200.0,256000.0,SerialATA600,54041
159,WESTERN DIGITAL WD121KFBX [12TB SATA600 7200],https://kakaku.com/item/K0001163679/,12000.0,7200.0,256000.0,SerialATA600,61548
160,SEAGATE ST14000DM001 [14TB SATA600 7200],https://kakaku.com/item/K0001101159/,14000.0,7200.0,256000.0,SerialATA600,85310
161,WESTERN DIGITAL WD5000AADS (500GB SATA300),https://kakaku.com/item/K0000043962/,500.0,,32000.0,SerialATA300,4352
162,Lenovo 7XB7A00049 [1TB SATA600 7200],https://kakaku.com/item/K0001197007/,1000.0,7200.0,,SerialATA600,4800
163,WESTERN DIGITAL WD5002AALX [500GB SATA600 7200],https://kakaku.com/item/K0000221784/,500.0,7200.0,32000.0,,5538
164,SEAGATE ST1500DL003 [1.5TB SATA600 5900],https://kakaku.com/item/K0000185739/,1500.0,5900.0,64000.0,,5736
165,東芝 DT01ABA050V [500GB SATA600 5700],https://kakaku.com/item/K0000406699/,500.0,5700.0,32000.0,SerialATA600,5800
166,東芝 DT01ACA050BOX [500GB SATA 7200],https://kakaku.com/item/K0000438642/,500.0,7200.0,32000.0,,6322
167,東芝 DT01ACA100BOX [1TB SATA 7200],https://kakaku.com/item/K0000438643/,1000.0,7200.0,32000.0,,6390
168,東芝 DT01ABA100V [1TB SATA600 5700],https://kakaku.com/item/K0000406697/,1000.0,5700.0,32000.0,SerialATA600,6480
169,東芝 DT01ABA050VBOX [500GB SATA600 5700],https://kakaku.com/item/K0000835862/,500.0,5700.0,,SerialATA600,6503
170,東芝 DT01ABA100VBOX [1TB SATA600 5700],https://kakaku.com/item/K0000835861/,1000.0,5700.0,,SerialATA600,7470
171,ロジテック 【直販モデル】 LHD-WD10EFRX [1TB],https://kakaku.com/item/K0000976365/,1000.0,,,,7650
172,IODATA HDI-S500A7P [500GB SATA 7200],https://kakaku.com/item/K0000351900/,500.0,7200.0,,,7680
173,東芝 DT01ABA200V [2TB SATA600 5700],https://kakaku.com/item/K0000406695/,2000.0,5700.0,32000.0,SerialATA600,8900
174,東芝 MK2002TSKB [2TB SATA300 7200],https://kakaku.com/item/K0000184544/,2000.0,7200.0,64000.0,SerialATA300,9200
175,SEAGATE ST2000VM003 [2TB SATA600 5900],https://kakaku.com/item/K0000665228/,2000.0,5900.0,64000.0,SerialATA600,9397
176,バッファロー HD-ID1.0TS [1TB SATA],https://kakaku.com/item/K0000319185/,1000.0,,,,9574
177,WESTERN DIGITAL WD10EADS (1TB SATA300),https://kakaku.com/item/05302515949/,1000.0,,32000.0,SerialATA300,9686
178,東芝 DT01ABA200VBOX [2TB SATA600 5700],https://kakaku.com/item/K0000835860/,2000.0,5700.0,,SerialATA600,9695
179,東芝 DT01ABA300V [3TB SATA600 5940],https://kakaku.com/item/K0000406694/,3000.0,5940.0,32000.0,SerialATA600,9980
180,WESTERN DIGITAL WD2503ABYZ [250GB SATA600 7200],https://kakaku.com/item/K0000651713/,250.0,7200.0,64000.0,SerialATA600,10480
181,ロジテック LHD-D500SAK2 [500GB SATA600 7200],https://kakaku.com/item/K0000832689/,500.0,7200.0,,SerialATA600,10744
182,ロジテック 【直販モデル】 LHD-WD30EFRX [3TB],https://kakaku.com/item/K0000976371/,3000.0,,,,11580
183,HP QK554AA [500GB SATA600 7200],https://kakaku.com/item/K0000392828/,500.0,7200.0,,SerialATA600,11677
184,ロジテック 【直販モデル】 LHD-DA20SAKWR [2TB SATA600],https://kakaku.com/item/K0000408271/,2000.0,,64000.0,SerialATA600,11880
185,東芝 DT01ABA300VBOX [3TB SATA600 5940],https://kakaku.com/item/K0000835859/,3000.0,5940.0,,SerialATA600,12030
186,東芝 DT01ACA300BOX [3TB SATA 7200],https://kakaku.com/item/K0000438645/,3000.0,7200.0,64000.0,,12158
187,ロジテック LHD-D2000SAK2 [2TB SATA600 7200],https://kakaku.com/item/K0000832691/,2000.0,7200.0,,SerialATA600,12414
188,WESTERN DIGITAL WD40EZRX [4TB SATA600],https://kakaku.com/item/K0000577600/,4000.0,,64000.0,SerialATA600,12500
189,ロジテック 【直販モデル】 LHD-WD30EURX [3TB],https://kakaku.com/item/K0000976372/,3000.0,,,,12650
190,IODATA HDI-S1.0A7B [1TB SATA600 7200],https://kakaku.com/item/K0001011160/,1000.0,7200.0,,SerialATA600,13057
191,ロジテック 【直販モデル】 LHD-DA30SAKWR [3TB SATA600],https://kakaku.com/item/K0000408272/,3000.0,,64000.0,SerialATA600,13860
192,WESTERN DIGITAL WD40EZRZ-RT [4TB SATA600 5400],https://kakaku.com/item/K0000820663/,4000.0,5400.0,64000.0,SerialATA600,16141
193,IODATA HDI-S2.0A7 [2TB SATA600 7200],https://kakaku.com/item/K0000361737/,2000.0,7200.0,,SerialATA600,17380
194,WESTERN DIGITAL WD40PURX-RT2 [4TB SATA600],https://kakaku.com/item/K0000927100/,4000.0,,64000.0,SerialATA600,18191
195,IODATA HDI-S2.0A7B [2TB SATA600 7200],https://kakaku.com/item/K0001011161/,2000.0,7200.0,,SerialATA600,18208
196,WESTERN DIGITAL WD2004FBYZ [2TB SATA600 7200],https://kakaku.com/item/K0000876594/,2000.0,7200.0,128000.0,SerialATA600,18329
197,東芝 MD04ACA400BOX [4TB SATA600 7200],https://kakaku.com/item/K0000690437/,4000.0,7200.0,,SerialATA600,19773
198,ロジテック 【直販モデル】 LHD-DA20SAKWRP [2TB SATA600 7200],https://kakaku.com/item/K0000724201/,2000.0,7200.0,64000.0,SerialATA600,21340
199,SEAGATE ST3000NM0005 [3TB SATA600 7200],https://kakaku.com/item/K0000956538/,3000.0,7200.0,128000.0,SerialATA600,23759
200,バッファロー OP-HD1.5T/LS [1.5TB SATA],https://kakaku.com/item/K0000337068/,1500.0,,,,24369
201,SEAGATE ST4000NE0025 [4TB SATA600 7200],https://kakaku.com/item/K0000951727/,4000.0,7200.0,128000.0,SerialATA600,24980
202,バッファロー OP-HD3.0T/LS [3TB SATA],https://kakaku.com/item/K0000337066/,3000.0,,,,28260
203,ロジテック 【直販モデル】 LHD-WD60EFRX [6TB],https://kakaku.com/item/K0000976380/,6000.0,,,,29700
204,ロジテック 【直販モデル】 LHD-WD60EZRZ [6TB],https://kakaku.com/item/K0000976381/,6000.0,,,,30360
205,SEAGATE ST6000NE000 [6TB SATA600 7200],https://kakaku.com/item/K0001192618/,6000.0,7200.0,256000.0,SerialATA600,31479
206,SEAGATE ST6000NE0023 [6TB SATA600 7200],https://kakaku.com/item/K0001032562/,6000.0,7200.0,256000.0,SerialATA600,31549
207,ロジテック 【直販モデル】 LHD-DA60SAKWR [6TB SATA600 7200],https://kakaku.com/item/K0000724967/,6000.0,7200.0,64000.0,SerialATA600,31790
208,SEAGATE ST8000VX0022 [8TB SATA600],https://kakaku.com/item/K0000930252/,8000.0,,256000.0,SerialATA600,32520
209,SEAGATE ST8000NE001 [8TB SATA600 7200],https://kakaku.com/item/K0001192617/,8000.0,7200.0,256000.0,SerialATA600,32978
210,ロジテック 【直販モデル】 LHD-DA40SAKWRP [4TB SATA600 7200],https://kakaku.com/item/K0000724203/,4000.0,7200.0,64000.0,SerialATA600,33440
211,ロジテック 【直販モデル】 LHD-DA60SAKWGP [6TB SATA600 5400],https://kakaku.com/item/K0000724969/,6000.0,5400.0,64000.0,SerialATA600,33440
212,SEAGATE ST6000NM0115 [6TB SATA600 7200],https://kakaku.com/item/K0001051524/,6000.0,7200.0,256000.0,SerialATA600,33456
213,SEAGATE ST6000NE0021 [6TB SATA600 7200],https://kakaku.com/item/K0000930244/,6000.0,7200.0,256000.0,SerialATA600,36718
214,ロジテック 【直販モデル】 LHD-WD80EFZX [8TB],https://kakaku.com/item/K0000976383/,8000.0,,,,41030
215,SEAGATE ST10000NE0004 [10TB SATA600 7200],https://kakaku.com/item/K0000930246/,10000.0,7200.0,256000.0,SerialATA600,44470
216,SEAGATE ST10000DM0004 [10TB SATA600 7200],https://kakaku.com/item/K0000909153/,10000.0,7200.0,256000.0,SerialATA600,45244
217,東芝 MG04ACA400E [4TB SATA600 7200],https://kakaku.com/item/K0000623437/,4000.0,7200.0,,SerialATA600,46960
218,バッファロー OP-HD2.0ZH [2TB SATA],https://kakaku.com/item/K0000580644/,2000.0,,,,48664
219,SEAGATE ST10000NM0016 [10TB SATA600 7200],https://kakaku.com/item/K0000870039/,10000.0,7200.0,256000.0,SerialATA600,48800
220,SEAGATE ST12000NE0007 [12TB SATA600 7200],https://kakaku.com/item/K0001004784/,12000.0,7200.0,256000.0,SerialATA600,49500
221,東芝 MG04ACA400A [4TB SATA600 7200],https://kakaku.com/item/K0000623438/,4000.0,7200.0,,SerialATA600,49767
222,SEAGATE ST10000NE0008 [10TB SATA600 7200],https://kakaku.com/item/K0001167553/,10000.0,7200.0,256000.0,SerialATA600,50668
223,ロジテック 【直販モデル】 LHD-DA80SAKWR [8TB SATA600 5400],https://kakaku.com/item/K0000876887/,8000.0,5400.0,64000.0,SerialATA600,55440
224,WESTERN DIGITAL WD140PURZ [14TB SATA600 7200],https://kakaku.com/item/K0001221781/,14000.0,7200.0,512000.0,SerialATA600,56799
225,バッファロー OP-HD3.0H [3TB SATA],https://kakaku.com/item/K0000580640/,3000.0,,,,56848
226,バッファロー OP-HD3.0ZH [3TB SATA],https://kakaku.com/item/K0000580643/,3000.0,,,,56848
227,HGST HUS726060ALA640 [6TB SATA600 7200],https://kakaku.com/item/K0000591565/,6000.0,7200.0,64000.0,SerialATA600,59160
228,ロジテック 【直販モデル】 LHD-WD100EFAX [10TB],https://kakaku.com/item/K0001115060/,10000.0,,,,59950
229,SEAGATE ST12000NM0007 [12TB SATA600 7200],https://kakaku.com/item/K0001009304/,12000.0,7200.0,256000.0,SerialATA600,61137
230,ロジテック 【直販モデル】 LHD-WD6002FRYZ [6TB],https://kakaku.com/item/K0000976379/,6000.0,,,,63030
231,バッファロー OP-HD4.0H [4TB SATA],https://kakaku.com/item/K0000580639/,4000.0,,,,64263
232,バッファロー OP-HD4.0ZH [4TB SATA],https://kakaku.com/item/K0000580642/,4000.0,,,,64263
233,HP 658079-B21 [2TB SATA600 7200],https://kakaku.com/item/K0000392822/,2000.0,7200.0,,SerialATA600,67559
234,バッファロー OP-HD4.0S [4TB SATA],https://kakaku.com/item/K0000393405/,4000.0,,,,68382
235,東芝 MG04ACA600E [6TB SATA600 7200],https://kakaku.com/item/K0000876596/,6000.0,7200.0,,SerialATA600,76725
236,ロジテック 【直販モデル】 LHD-WD8002FRYZ [8TB],https://kakaku.com/item/K0000976382/,8000.0,,,,79310
237,HP 628061-B21 [3TB SATA600 7200],https://kakaku.com/item/K0000392821/,3000.0,7200.0,,SerialATA600,90258
238,東芝 MQ04ABD200 [2TB 9.5mm],https://kakaku.com/item/K0001058986/,2000.0,5400.0,,SerialATA600,6707
239,東芝 MQ04ABF100 [1TB 7mm],https://kakaku.com/item/K0001042209/,1000.0,5400.0,,SerialATA600,4230
240,SEAGATE ST2000LX001 [2TB 7mm],https://kakaku.com/item/K0000930260/,2000.0,5400.0,128000.0,SerialATA600,8100
241,東芝 MQ01ABD100 [1TB 9.5mm],https://kakaku.com/item/K0000276595/,1000.0,5400.0,8000.0,SerialATA300,4683
242,WESTERN DIGITAL WD10SPZX [1TB 7mm],https://kakaku.com/item/K0000983114/,1000.0,5400.0,128000.0,SerialATA600,5280
243,WESTERN DIGITAL WD5000LPCX [500GB 7mm],https://kakaku.com/item/K0000862479/,500.0,5400.0,16000.0,SerialATA600,3440
244,WESTERN DIGITAL WD20SPZX [2TB 7mm],https://kakaku.com/item/K0001035209/,2000.0,5400.0,128000.0,SerialATA600,9793
245,東芝 MQ01ABD050 [500GB 9.5mm],https://kakaku.com/item/K0000276597/,500.0,5400.0,8000.0,,3442
246,WESTERN DIGITAL WD40NPZZ [4TB 15mm],https://kakaku.com/item/K0000976782/,4000.0,5400.0,8000.0,SerialATA600,15645
247,東芝 MQ01ABF050 [500GB 7mm],https://kakaku.com/item/K0000485931/,500.0,5400.0,,SerialATA600,3863
248,SEAGATE ST1000LM048 [1TB 7mm],https://kakaku.com/item/K0000920811/,1000.0,5400.0,128000.0,SerialATA600,4818
249,SEAGATE ST1000LM049 [1TB 7mm],https://kakaku.com/item/K0001055642/,1000.0,7200.0,128000.0,SerialATA600,6780
250,SEAGATE ST500LT012 [500GB 7mm],https://kakaku.com/item/K0000393708/,500.0,5400.0,16000.0,SerialATA300,2967
251,東芝 MQ01ABD032V [320GB 9.5mm],https://kakaku.com/item/K0001137673/,320.0,5400.0,,SerialATA300,3150
252,WESTERN DIGITAL WD3200LPVX [320GB 7mm],https://kakaku.com/item/K0000519162/,320.0,5400.0,8000.0,SerialATA600,2571
253,HGST HTS541515A9E630 [1.5TB 9.5mm],https://kakaku.com/item/K0000559557/,1500.0,5400.0,32000.0,SerialATA600,5980
254,SEAGATE ST2000LM015 [2TB 7mm],https://kakaku.com/item/K0000920810/,2000.0,5400.0,128000.0,SerialATA600,7690
255,東芝 MK2576GSX [250GB 9.5mm],https://kakaku.com/item/K0000255901/,250.0,5400.0,8000.0,SerialATA300,2900
256,東芝 MQ01ACF050 [500GB 7mm],https://kakaku.com/item/K0000565342/,500.0,7278.0,,SerialATA600,3461
257,SEAGATE ST500LM034 [500GB 7mm],https://kakaku.com/item/K0001055643/,500.0,7200.0,128000.0,SerialATA600,5787
258,WESTERN DIGITAL WD10JFCX [1TB 9.5mm],https://kakaku.com/item/K0000577163/,1000.0,,16000.0,SerialATA600,8146
259,SEAGATE ST250LT003 [250GB 7mm],https://kakaku.com/item/K0000393713/,250.0,5400.0,16000.0,SerialATA300,2571
260,WESTERN DIGITAL WD5000MPCK [500GB 5mm],https://kakaku.com/item/K0000624750/,500.0,5400.0,16000.0,SerialATA600,3200
261,HGST HTS545050B7E660 [500GB 7mm],https://kakaku.com/item/K0000960171/,500.0,5400.0,16000.0,SerialATA600,4450
262,HGST HTS541680J9AT00 (80G 9.5mm),https://kakaku.com/item/05360410350/,80.0,5400.0,8000.0,UltraATA100,4578
263,SEAGATE ST500LM030 [500GB 7mm],https://kakaku.com/item/K0000930254/,500.0,5400.0,128000.0,SerialATA600,4650
264,SEAGATE ST1000LX015 [1TB 7mm],https://kakaku.com/item/K0000930259/,1000.0,5400.0,128000.0,SerialATA600,7280
265,SEAGATE ST2000LM007 [2TB 7mm],https://kakaku.com/item/K0000874961/,2000.0,5400.0,128000.0,SerialATA600,7384
266,SEAGATE ST4000LM024 [4TB 15mm],https://kakaku.com/item/K0000930256/,4000.0,5400.0,128000.0,SerialATA600,13595
267,SEAGATE ST5000LM000 [5TB 15mm],https://kakaku.com/item/K0000930257/,5000.0,5400.0,128000.0,SerialATA600,17763
268,HGST HTS545032A7E380 [320GB 7mm],https://kakaku.com/item/K0000220782/,320.0,5400.0,8000.0,SerialATA300,3101
269,ロジテック LHD-N500SAK2 [500GB 7mm],https://kakaku.com/item/K0000832685/,500.0,5400.0,,SerialATA600,4460
270,東芝 MQ01ABD100M [1TB 9.5mm],https://kakaku.com/item/K0000914396/,1000.0,5400.0,8000.0,SerialATA600,4665
271,SEAGATE ST250LT007 [250GB 7mm],https://kakaku.com/item/K0000393719/,250.0,7200.0,16000.0,SerialATA300,3022
272,WESTERN DIGITAL WD5000LPVX [500GB 7mm],https://kakaku.com/item/K0000512071/,500.0,5400.0,8000.0,SerialATA600,3461
273,東芝 MQ01ABF032 [320GB 7mm],https://kakaku.com/item/K0000566460/,320.0,5400.0,,SerialATA600,4434
274,HGST HTS727564A9E364 [640GB 9.5mm],https://kakaku.com/item/K0000156534/,640.0,7200.0,16000.0,SerialATA,4665
275,WESTERN DIGITAL WD5000LPLX [500GB 7mm],https://kakaku.com/item/K0000755023/,500.0,7200.0,32000.0,SerialATA600,5980
276,WESTERN DIGITAL WD2500BEVE (250GB 9.5mm),https://kakaku.com/item/05366010558/,250.0,5400.0,8000.0,UltraATA100,6600
277,東芝 MQ03ABB200 [2TB 15mm],https://kakaku.com/item/K0000942825/,2000.0,5400.0,,SerialATA600,8639
278,WESTERN DIGITAL WD10J31X [1TB 9.5mm],https://kakaku.com/item/K0000811669/,1000.0,,64000.0,SerialATA600,9437
279,WESTERN DIGITAL WD3200BEVT (320G 9.5mm),https://kakaku.com/item/05366010527/,320.0,5400.0,8000.0,,3560
280,東芝 MK3276GSX [320GB 9.5mm],https://kakaku.com/item/K0000255902/,320.0,5400.0,8000.0,SerialATA300,3740
281,WESTERN DIGITAL WD5000BEVT (500GB 9.5mm),https://kakaku.com/item/05366010669/,500.0,5400.0,8000.0,SerialATA300,4549
282,HGST HTS541616J9AT00 (160G 9.5mm),https://kakaku.com/item/05360410348/,160.0,5400.0,8000.0,UltraATA100,6050
283,IODATA HDN-S500A5 [500GB 9.5mm],https://kakaku.com/item/K0000319604/,500.0,5400.0,,SerialATA300,8070
284,WESTERN DIGITAL WD3200LPVT [320GB 6.8mm],https://kakaku.com/item/K0000395142/,320.0,5400.0,8000.0,SerialATA300,3165
285,東芝 MK5076GSX [500GB 9.5mm],https://kakaku.com/item/K0000255903/,500.0,5400.0,8000.0,SerialATA300,3758
286,SEAGATE ST9500325AS (500GB 9.5mm),https://kakaku.com/item/K0000012478/,500.0,5400.0,8000.0,SerialATA,3850
287,WESTERN DIGITAL WD3200LPCX [320GB 7mm],https://kakaku.com/item/K0000862480/,320.0,5400.0,16000.0,SerialATA600,4895
288,HGST HTS545025A7E680 [250GB 7mm],https://kakaku.com/item/K0000756108/,250.0,5400.0,8000.0,SerialATA600,5044
289,SEAGATE ST1000LM035 [1TB 7mm],https://kakaku.com/item/K0000874962/,1000.0,5400.0,128000.0,SerialATA600,5680
290,SEAGATE ST500LX025 [500GB 7mm],https://kakaku.com/item/K0000930258/,500.0,5400.0,128000.0,SerialATA600,6038
291,東芝 MQ01ABF050BOX [500GB 7mm],https://kakaku.com/item/K0000565812/,500.0,5400.0,8000.0,SerialATA600,6480
292,東芝 MQ01ABD032BOX [320GB 9.5mm],https://kakaku.com/item/K0000438682/,320.0,5400.0,8000.0,SerialATA,6740
293,東芝 MQ02ABF100 [1TB 7mm],https://kakaku.com/item/K0000588945/,1000.0,5400.0,,SerialATA600,7124
294,ロジテック 【直販モデル】 LHD-WD10JFCX [1TB],https://kakaku.com/item/K0000976318/,1000.0,,,SerialATA600,9460
295,ロジテック LHD-N1000SAK2 [1TB 9.5mm],https://kakaku.com/item/K0000832686/,1000.0,5400.0,,SerialATA600,13480
296,IODATA HDN-S1.0A5 [1TB 9.5mm],https://kakaku.com/item/K0000319605/,1000.0,5400.0,,SerialATA300,13780
297,SEAGATE ST1000LX001 [1TB 9.5mm],https://kakaku.com/item/K0000858846/,1000.0,5400.0,64000.0,SerialATA600,14980
298,WESTERN DIGITAL WD30NPZZ [3TB 15mm],https://kakaku.com/item/K0000976781/,3000.0,5400.0,8000.0,SerialATA600,15580
299,SEAGATE ST2000NX0403 [2TB 15mm],https://kakaku.com/item/K0001118498/,2000.0,7200.0,128000.0,SerialATA600,42648
300,HGST HTS543232A7A384 [320GB 7mm],https://kakaku.com/item/K0000116654/,320.0,5400.0,8000.0,SerialATA300,3165
301,サムスン HN-M500MBB [500GB 9.5mm],https://kakaku.com/item/K0000271357/,500.0,,,,3349
302,東芝 MK4058GSX (400GB 9.5mm),https://kakaku.com/item/05361010630/,400.0,5400.0,8000.0,SerialATA300,3392
303,東芝 MK6034GAX (60GB 9.5mm),https://kakaku.com/item/05361010336/,60.0,5400.0,8000.0,,3560
304,HGST HTS543232L9A300 (320GB 9.5mm),https://kakaku.com/item/05360410543/,320.0,5400.0,8000.0,SerialATA300,3758
305,東芝 MQ01ABD032 [320GB 9.5mm],https://kakaku.com/item/K0000276598/,320.0,5400.0,8000.0,,4279
306,WESTERN DIGITAL WD3200BPVT [320GB 9.5mm],https://kakaku.com/item/K0000274643/,320.0,5400.0,8000.0,SerialATA300,4450
307,東芝 MQ01ACF032 [320GB 7mm],https://kakaku.com/item/K0000565343/,320.0,7278.0,,SerialATA600,4846
308,IODATA HDN-S250A5 [250GB 9.5mm],https://kakaku.com/item/K0000319603/,250.0,5400.0,,SerialATA300,5270
309,東芝 MK6476GSX [640GB 9.5mm],https://kakaku.com/item/K0000489511/,640.0,5400.0,8000.0,SerialATA300,5866
310,東芝 MQ01ABF032BOX [320GB 7mm],https://kakaku.com/item/K0000565813/,320.0,5400.0,8000.0,SerialATA600,6013
311,バッファロー HD-IN500S [500GB 9.5mm],https://kakaku.com/item/K0000319182/,500.0,,,SerialATA,6028
312,バッファロー HD-IN1.0TS [1TB 9.5mm],https://kakaku.com/item/K0000368858/,1000.0,,,SerialATA,7018
313,WESTERN DIGITAL WD3200LPLX [320GB 7mm],https://kakaku.com/item/K0000879804/,320.0,7200.0,32000.0,SerialATA600,7080
314,WESTERN DIGITAL WD2500LPLX [250GB 7mm],https://kakaku.com/item/K0000879805/,250.0,7200.0,32000.0,SerialATA600,7280
315,東芝 MQ01ABD100BOX [1TB 9.5mm],https://kakaku.com/item/K0000438685/,1000.0,5400.0,8000.0,SerialATA,7780
316,東芝 MQ01ABC150 [1.5TB 12.5mm],https://kakaku.com/item/K0000486947/,1500.0,5400.0,8000.0,,10800
317,ロジテック 【直販モデル】 LHD-NA10SAKWR [1TB 9.5mm],https://kakaku.com/item/K0000855068/,1000.0,5400.0,8000.0,SerialATA600,12210
318,WESTERN DIGITAL WD10SPCX [1TB 7mm],https://kakaku.com/item/K0000563073/,1000.0,5400.0,16000.0,SerialATA600,13046
319,ロジテック 【直販モデル】 LHD-NA20SAKWGP [2TB 15mm],https://kakaku.com/item/K0000855067/,2000.0,5400.0,8000.0,SerialATA600,15180
320,Lenovo 4XB0R48453 [1TB 7mm],https://kakaku.com/item/K0001117929/,1000.0,7200.0,,SerialATA600,15903
321,ロジテック LHD-NA120SAK (120G 9.5mm),https://kakaku.com/item/05361610324/,120.0,5400.0,,SerialATA150,16800
322,SEAGATE ST1000NX0423 [1TB 15mm],https://kakaku.com/item/K0001118499/,1000.0,7200.0,128000.0,SerialATA600,23282
323,SEAGATE ST2000NX0253 [2TB 15mm],https://kakaku.com/item/K0000913633/,2000.0,7200.0,128000.0,SerialATA600,40736
324,富士通 MBB2073RC (73.5GB 10025 SAS),https://kakaku.com/item/K0000052533/,73.5,10025.0,16000.0,SAS,1480
325,SEAGATE ST1000NX0453 [1TB 7200 SAS3.0],https://kakaku.com/item/K0001118497/,1000.0,7200.0,128000.0,SAS3.0,24882
326,SEAGATE ST8000NM0075 [8TB 7200 SAS3.0],https://kakaku.com/item/K0000880250/,8000.0,7200.0,256000.0,SAS3.0,37839
327,東芝 MK1401GRRB [147GB 15000 SAS2.0],https://kakaku.com/item/K0000297457/,147.0,15000.0,,SAS2.0,5800
328,東芝 MK2001TRKB [2TB 7200 SAS2.0],https://kakaku.com/item/K0000184546/,2000.0,7200.0,16000.0,SAS2.0,8900
329,東芝 MG04SCA40EA [4TB 7200 SAS3.0],https://kakaku.com/item/K0001114329/,4000.0,7200.0,,SAS3.0,23980
330,SEAGATE ST3000NM0025 [3TB 7200 SAS3.0],https://kakaku.com/item/K0001018695/,3000.0,7200.0,128000.0,SAS3.0,24397
331,WESTERN DIGITAL HUS726T4TAL5204 [4TB 7200 SAS3.0],https://kakaku.com/item/K0001127992/,4000.0,7200.0,,SAS3.0,27499
332,SEAGATE ST10000NM0096 [10TB 7200 SAS3.0],https://kakaku.com/item/K0001159934/,10000.0,7200.0,256000.0,SAS3.0,43779
333,富士通 MBE2073RC (73.5GB 15000 SAS),https://kakaku.com/item/K0000003208/,73.5,15000.0,16000.0,SAS,3040
334,富士通 MBD2147RC (147GB 10025 SAS),https://kakaku.com/item/K0000003206/,147.0,10025.0,16000.0,SAS,8650
335,東芝 MBF2300RC (300GB 10025 SAS2.0),https://kakaku.com/item/K0000091295/,300.0,10025.0,16000.0,SAS2.0,8985
336,WESTERN DIGITAL WD1001FYYG [1TB 7200 SAS2.0],https://kakaku.com/item/K0000835854/,1000.0,7200.0,32000.0,SAS2.0,19799
337,WESTERN DIGITAL HUS726T6TAL5204 [6TB 7200 SAS3.0],https://kakaku.com/item/K0001127993/,6000.0,7200.0,,SAS3.0,37128
338,HP 507614-B21 [1TB 7200 SAS2.0],https://kakaku.com/item/K0000392965/,1000.0,7200.0,,SAS2.0,41097
339,HP 537809-B21 [300GB 10000 SAS2.0],https://kakaku.com/item/K0000392954/,300.0,10000.0,,SAS2.0,41578
340,HP 507610-B21 [500GB 7200 SAS2.0],https://kakaku.com/item/K0000392963/,500.0,7200.0,,SAS2.0,51845
341,HGST HUH721008AL5200 [8TB 7200 SAS3.0],https://kakaku.com/item/K0000835219/,8000.0,7200.0,256000.0,SAS3.0,52799
342,SEAGATE ST2000NX0433 [2TB 7200 SAS3.0],https://kakaku.com/item/K0001118496/,2000.0,7200.0,128000.0,SAS3.0,56780
343,HGST HUH721010AL5200 [10TB 7200 SAS3.0],https://kakaku.com/item/K0000835218/,10000.0,7200.0,256000.0,SAS3.0,58629
344,HP 507616-B21 [2TB 7200 SAS2.0],https://kakaku.com/item/K0000392964/,2000.0,7200.0,,SAS2.0,62465
345,SEAGATE ST12000NM0027 [12TB 7200 SAS3.0],https://kakaku.com/item/K0001159935/,12000.0,7200.0,256000.0,SAS3.0,65779
346,HGST HUH721212AL5200 [12TB 7200 SAS3.0],https://kakaku.com/item/K0001032507/,12000.0,7200.0,256000.0,SAS3.0,68969
347,HP 581284-B21 [450GB 10000 SAS2.0],https://kakaku.com/item/K0000392949/,450.0,10000.0,,SAS2.0,78381
348,HP 627117-B21 [300GB 15000 SAS2.0],https://kakaku.com/item/K0000392944/,300.0,15000.0,,SAS2.0,83919
349,HP 581286-B21 [600GB 10000 SAS2.0],https://kakaku.com/item/K0000392948/,600.0,10000.0,,SAS2.0,94101
350,HP 619291-B21 [900GB 10000 SAS2.0],https://kakaku.com/item/K0000392947/,900.0,10000.0,,SAS2.0,104329
351,IBM 49Y2003 [600GB 1000 SAS2.0],https://kakaku.com/item/K0000353773/,600.0,10000.0,,SAS2.0,109230
