,0,name,url,capacity,read_speed,write_speed,std_size,interface,type,thikness,PRICE
0,671,トランセンド SSD420 TS16GSSD420K,https://kakaku.com/item/K0001056417/,16.0,570.0,470.0,2.5インチ,SerialATA6Gb/s,MLCNAND,6.8mm,4730
1,319,インテル Optane Memory MEMPEK1W016GAXT,https://kakaku.com/item/K0000965617/,16.0,900.0,145.0,M.2(Type2280),PCI-Express,3DXpoint,1.5mm,6080
2,670,SUPER TALENT DuraDrive ZT4 FEU032MD1X,https://kakaku.com/item/K0000857252/,32.0,110.0,45.0,1.8インチ,ZIF,MLC,5mm,4730
3,382,SUPER TALENT FE8032MD2D,https://kakaku.com/item/K0000685152/,32.0,110.0,95.0,2.5インチ,IDE,MLC,9.5mm,5940
4,348,トランセンド TS32GPSD330,https://kakaku.com/item/K0000505984/,32.0,119.0,36.0,2.5インチ,IDE,MLC,7.4mm,6393
5,258,トランセンド SSD370 TS32GSSD370S,https://kakaku.com/item/K0000773283/,32.0,230.0,40.0,2.5インチ,SerialATA6Gb/s,MLC,6.8mm,2819
6,690,SUPER TALENT SATA Mini 2 PCIe DX1 FMT032JCRM,https://kakaku.com/item/K0000857256/,32.0,500.0,280.0,0,SerialATA6Gb/s,MLC,3.5mm,5820
7,653,トランセンド MTS800S TS32GMTS800S,https://kakaku.com/item/K0001104682/,32.0,500.0,450.0,M.2(Type2280),SerialATA6Gb/s,MLCNAND,3.58mm,3035
8,517,トランセンド TS32GMTS400,https://kakaku.com/item/K0000669336/,32.0,560.0,160.0,M.2(Type2242),SerialATA6Gb/s,MLC,3.5mm,4481
9,652,トランセンド TS32GMTS600,https://kakaku.com/item/K0000669340/,32.0,560.0,310.0,M.2(Type2260),SerialATA6Gb/s,MLC,3.5mm,2590
10,505,トランセンド MTS400 TS32GMTS400S,https://kakaku.com/item/K0001021158/,32.0,560.0,460.0,M.2(Type2242),SerialATA6Gb/s,NANDMLC,3.58mm,2780
11,541,トランセンド SSD420 TS32GSSD420K,https://kakaku.com/item/K0001056418/,32.0,570.0,470.0,2.5インチ,SerialATA6Gb/s,MLCNAND,6.8mm,6202
12,214,インテル Optane Memory MEMPEK1W032GAXT,https://kakaku.com/item/K0000967276/,32.0,1350.0,290.0,M.2(Type2280),PCI-Express,3DXpoint,1.5mm,12651
13,419,IBM 43W7722,https://kakaku.com/item/K0000353598/,50.0,80.0,50.0,2.5インチ,SerialATA,SLC,0,156744
14,651,IBM 43W7726,https://kakaku.com/item/K0000353599/,50.0,140.0,18.0,1.8インチ,SerialATA,0,0,140054
15,285,インテル Optane SSD 800P SSDPEK1W060GA01,https://kakaku.com/item/K0001048947/,58.0,1450.0,640.0,M.2(Type2280),PCI-Express,3DXpoint,0,13640
16,551,SUPER TALENT DuraDrive ZT4 FEU064MD1X,https://kakaku.com/item/K0000857253/,64.0,110.0,72.0,1.8インチ,ZIF,MLC,5mm,7150
17,448,SUPER TALENT FE8064MD2D,https://kakaku.com/item/K0000685153/,64.0,110.0,95.0,2.5インチ,IDE,MLC,9.5mm,7480
18,465,トランセンド TS64GPSD330,https://kakaku.com/item/K0000505985/,64.0,115.0,64.0,2.5インチ,IDE,MLC,7.4mm,10644
19,528,SUPER TALENT DuraDrive AT7 FTM064MU2P,https://kakaku.com/item/K0000968787/,64.0,270.0,95.0,2.5インチ,SerialATA6Gb/s,3DMLC,6.8mm,5350
20,660,トランセンド SSD340 TS64GSSD340K,https://kakaku.com/item/K0000859230/,64.0,400.0,90.0,2.5インチ,SerialATA6Gb/s,MLC,6.8mm,3980
21,299,トランセンド SSD370 TS64GSSD370S,https://kakaku.com/item/K0000773284/,64.0,450.0,80.0,2.5インチ,SerialATA6Gb/s,MLC,6.8mm,3980
22,732,SUPER TALENT SATA Mini 2 PCIe DX1 FMT064JCRM,https://kakaku.com/item/K0000857257/,64.0,500.0,280.0,0,SerialATA6Gb/s,MLC,3.5mm,8200
23,662,トランセンド MTS800 TS64GMTS800S,https://kakaku.com/item/K0001018670/,64.0,500.0,450.0,M.2(Type2280),SerialATA6Gb/s,NANDMLC,3.58mm,4054
24,373,トランセンド TS64GMSA230S,https://kakaku.com/item/K0001121787/,64.0,550.0,400.0,mSATA,SerialATA6Gb/s,3DNAND,4.85mm,2980
25,687,トランセンド MTS950 TS64GMTS950T,https://kakaku.com/item/K0001056410/,64.0,550.0,520.0,M.2(Type2280),SerialATA6Gb/s,3DNANDTLC,3.58mm,5775
26,717,トランセンド TS64GMTS400,https://kakaku.com/item/K0000669337/,64.0,560.0,160.0,M.2(Type2242),SerialATA6Gb/s,MLC,3.5mm,7447
27,432,トランセンド TS64GMTS600,https://kakaku.com/item/K0000669341/,64.0,560.0,310.0,M.2(Type2260),SerialATA6Gb/s,MLC,3.5mm,4138
28,664,トランセンド MTS400 TS64GMTS400S,https://kakaku.com/item/K0001018674/,64.0,560.0,460.0,M.2(Type2242),SerialATA6Gb/s,NANDMLC,3.58mm,4180
29,729,トランセンド SSD420 TS64GSSD420K,https://kakaku.com/item/K0001056419/,64.0,570.0,470.0,2.5インチ,SerialATA6Gb/s,MLCNAND,6.8mm,8088
30,486,インテル Optane SSD 800P SSDPEK1W120GA01,https://kakaku.com/item/K0001048948/,118.0,1450.0,640.0,M.2(Type2280),PCI-Express,3DXpoint,0,25410
31,156,エレコム ESD-ED0120GBK [ブラック],https://kakaku.com/item/K0001078811/,120.0,300.0,50.0,0,USB,TLC,0,2911
32,673,バッファロー SSD-PL120U3-BK,https://kakaku.com/item/K0000961672/,120.0,340.0,200.0,0,USB,0,0,4796
33,509,バッファロー SSD-PL120U3-BK/N [ブラック],https://kakaku.com/item/K0000986770/,120.0,340.0,320.0,0,USB,0,0,3380
34,530,エレコム ESD-EA0120GRD [レッド],https://kakaku.com/item/K0000909920/,120.0,350.0,60.0,0,USB,TLC,0,5370
35,514,エレコム ESD-JEC0120GBK [ブラック],https://kakaku.com/item/K0001082288/,120.0,350.0,350.0,0,USB,TLC,0,3780
36,661,グリーンハウス GH-SSDU3C120,https://kakaku.com/item/K0001222102/,120.0,380.0,340.0,0,USB,TLC,0,3999
37,423,HI-DISC HDEXSSD120GPM10TD,https://kakaku.com/item/K0001055857/,120.0,400.0,300.0,0,USB,0,0,3180
38,507,KingFast F6 PRO 2710DCS23-120,https://kakaku.com/item/K0001004406/,120.0,400.0,390.0,2.5インチ,SerialATA6Gb/s,TLCNAND,7mm,3276
39,786,グリーンハウス GH-SSDU3B120,https://kakaku.com/item/K0000931278/,120.0,400.0,400.0,0,USB,TLC,0,10780
40,275,エレコム ESD-EC0120GBK [ブラック],https://kakaku.com/item/K0001038557/,120.0,410.0,400.0,0,USB,TLC,0,3208
41,771,SANDISK エクストリーム 500 SDSSDEXT-120G-G25,https://kakaku.com/item/K0000859655/,120.0,415.0,340.0,0,USB,0,0,9929
42,207,バッファロー SSD-PM120U3A-B [ブラック],https://kakaku.com/item/K0000959497/,120.0,421.6,370.0,0,USB,0,0,2979
43,713,Corsair Force Series LE200 CSSD-F120GBLE200B,https://kakaku.com/item/K0001060405/,120.0,470.0,450.0,2.5インチ,SerialATA6Gb/s,TLCNAND,7mm,7150
44,294,KINGMAX KM120GSMV32,https://kakaku.com/item/K0001043869/,120.0,500.0,300.0,2.5インチ,SerialATA6Gb/s,TLC,7mm,1993
45,337,キングストン A400 SSD SA400S37/120G,https://kakaku.com/item/K0000956839/,120.0,500.0,320.0,2.5インチ,SerialATA6Gb/s,TLC,7mm,2821
46,18,グリーンハウス GH-SSDR2SA120,https://kakaku.com/item/K0001083589/,120.0,500.0,400.0,2.5インチ,SerialATA6Gb/s,TLC,7mm,1949
47,737,Silicon Power Bolt B80 SP120GBPSDB80SCS [シルバー],https://kakaku.com/item/K0001034101/,120.0,500.0,450.0,0,USB,0,0,8456
48,422,addlink S20 ad120GBS20S3S,https://kakaku.com/item/K0001217878/,120.0,510.0,400.0,2.5インチ,SerialATA6Gb/s,3DTLCNAND,7mm,2480
49,777,グリーンハウス GH-SSD32E120,https://kakaku.com/item/K0000827664/,120.0,520.0,200.0,2.5インチ,SerialATA6Gb/s,MLC,7mm,10280
50,73,ADATA Ultimate SU650 ASU650SS-120GT-R,https://kakaku.com/item/K0001090766/,120.0,520.0,320.0,2.5インチ,SerialATA6Gb/s,3DNAND,7mm,2200
51,233,トランセンド SSD220 TS120GSSD220S,https://kakaku.com/item/K0000883279/,120.0,520.0,450.0,2.5インチ,SerialATA6Gb/s,3DNANDTLC,6.8mm,2780
52,439,トランセンド TS120GESD240C [シルバー],https://kakaku.com/item/K0001160385/,120.0,520.0,460.0,0,USB,3DNAND,0,4980
53,535,OCZ AGT3-25SAT3-120G,https://kakaku.com/item/K0000251016/,120.0,525.0,500.0,2.5インチ,SerialATA6Gb/s,MLC,9.3mm,5863
54,99,SANDISK SSD PLUS SDSSDA-120G-G27,https://kakaku.com/item/K0001041037/,120.0,530.0,310.0,2.5インチ,SerialATA6Gb/s,0,7mm,2506
55,274,旭東エレクトロニクス SUNEAST SE800-120GB,https://kakaku.com/item/K0001062589/,120.0,530.0,400.0,2.5インチ,SerialATA6Gb/s,3DTLCNAND,7mm,2015
56,163,crucial BX500 CT120BX500SSD1,https://kakaku.com/item/K0001086727/,120.0,540.0,500.0,2.5インチ,SerialATA6Gb/s,3DNAND,7mm,2310
57,513,キングストン SSDNow UV400 SUV400S37/120G,https://kakaku.com/item/K0000882466/,120.0,550.0,350.0,2.5インチ,SerialATA6Gb/s,TLC,7mm,3758
58,698,PNY PHANTOM-1 SSD7CSPTM1-120-RB,https://kakaku.com/item/K0000956754/,120.0,550.0,410.0,2.5インチ,SerialATA6Gb/s,TLC,7mm,6138
59,658,Silicon Power SP120GBSS3S55S25 [ブラック],https://kakaku.com/item/K0000495406/,120.0,550.0,440.0,2.5インチ,SerialATA6Gb/s,TLC,7mm,3795
60,295,HI-DISC HDSSD120GJP3,https://kakaku.com/item/K0001031706/,120.0,550.0,450.0,2.5インチ,SerialATA6Gb/s,0,7mm,1999
61,296,トランセンド MTS820 TS120GMTS820S,https://kakaku.com/item/K0001018664/,120.0,550.0,500.0,M.2(Type2280),SerialATA6Gb/s,3DNANDTLC,3.58mm,2780
62,353,crucial BX300 CT120BX300SSD1,https://kakaku.com/item/K0001004813/,120.0,555.0,510.0,2.5インチ,SerialATA6Gb/s,3DMLC,7mm,8036
63,659,Wilk Elektronik GOODRAM CX300 SSDPR-CX300-120,https://kakaku.com/item/K0001048497/,120.0,555.0,540.0,2.5インチ,SerialATA6Gb/s,TLCNAND,7mm,3980
64,797,Silicon Power SP120GBSS3S70S25 [シャンパンゴールド],https://kakaku.com/item/K0000637222/,120.0,557.0,507.0,2.5インチ,SerialATA6Gb/s,MLC,7mm,11588
65,696,ESSENCORE KLEVV NEO N600 D120GAA-N600,https://kakaku.com/item/K0000961346/,120.0,560.0,370.0,2.5インチ,SerialATA6Gb/s,TLC,7mm,5990
66,421,J&A Information LEVEN JS300 SSD JS300SSD120GB,https://kakaku.com/item/K0001025649/,120.0,560.0,410.0,2.5インチ,SerialATA6Gb/s,0,7mm,2256
67,506,LITEON PH6-CE120-L1,https://kakaku.com/item/K0001140220/,120.0,560.0,460.0,2.5インチ,SerialATA6Gb/s,3DTLCNAND,7mm,3272
68,372,ABONMAX AB-SSD-120GB,https://kakaku.com/item/K0001193808/,120.0,560.0,480.0,2.5インチ,SerialATA6Gb/s,3DTLC,7mm,1990
69,170,トランセンド MTS420 TS120GMTS420S,https://kakaku.com/item/K0001018667/,120.0,560.0,500.0,M.2(Type2242),SerialATA6Gb/s,3DNANDTLC,3.58mm,2933
70,338,Silicon Power M.2 2280 M55 SP120GBSS3M55M28,https://kakaku.com/item/K0001042816/,120.0,560.0,530.0,M.2(Type2280),SerialATA6Gb/s,0,3.5mm,3065
71,344,Corsair Force Series MP300 CSSD-F120GBMP300,https://kakaku.com/item/K0001076917/,120.0,1520.0,460.0,M.2(Type2280),PCI-Express,3DTLCNAND,0,4875
72,883,グリーンハウス GH-SSDP2A128,https://kakaku.com/item/K0000597252/,128.0,80.0,60.0,2.5インチ,IDE,MLC,7.2mm,21430
73,283,SUPER TALENT FE8128MD2D,https://kakaku.com/item/K0000685154/,128.0,110.0,95.0,2.5インチ,IDE,MLC,9.5mm,10230
74,392,SUPER TALENT DuraDrive ZT4 FEU128MD1X,https://kakaku.com/item/K0000857254/,128.0,112.0,90.0,1.8インチ,ZIF,MLC,5mm,8800
75,954,トランセンド TS128GPSD330,https://kakaku.com/item/K0000505986/,128.0,119.0,93.0,2.5インチ,IDE,MLC,7.4mm,40770
76,1001,ユニスター SEKITOBA TM110A-S25-M128G34,https://kakaku.com/item/K0000148980/,128.0,270.0,200.0,2.5インチ,SerialATA,MLC,9.5mm,293500
77,693,パナソニック RP-SUD128P3 [シルバー],https://kakaku.com/item/K0000934826/,128.0,400.0,400.0,0,USB,TLC,0,5934
78,919,トランセンド TS128GESD400K,https://kakaku.com/item/K0000672293/,128.0,410.0,380.0,0,USB,MLC,0,27986
79,311,Silicon Power Bolt B75 SP128GBPSDB75SCS [シルバー],https://kakaku.com/item/K0001166500/,128.0,440.0,430.0,0,USB,0,0,3280
80,709,トランセンド MTS800 TS128GMTS800S,https://kakaku.com/item/K0001018671/,128.0,500.0,450.0,M.2(Type2280),SerialATA6Gb/s,NANDMLC,3.58mm,6498
81,736,PLEXTOR S2G PX-128S2G,https://kakaku.com/item/K0000918527/,128.0,520.0,460.0,M.2(Type2280),SerialATA6Gb/s,TLC,2.3mm,8380
82,148,旭東エレクトロニクス SUNEAST SE800-n128GB,https://kakaku.com/item/K0001065139/,128.0,530.0,400.0,M.2(Type2280),SerialATA6Gb/s,3DTLCNAND,3.5mm,2780
83,426,SANDISK X600 SD9SN8W-128G-1122,https://kakaku.com/item/K0001028342/,128.0,530.0,490.0,M.2(Type2280),SerialATA6Gb/s,3DTLCNAND(nCache2.0：SLC/TLC),2.23mm,3535
84,723,SUPER TALENT DuraDrive AT7 FTM128MU2P,https://kakaku.com/item/K0000968788/,128.0,540.0,190.0,2.5インチ,SerialATA6Gb/s,3DMLC,6.8mm,7700
85,577,PLEXTOR PX-128M6Pro,https://kakaku.com/item/K0000682921/,128.0,545.0,330.0,2.5インチ,SerialATA6Gb/s,0,6.8mm,10363
86,519,SANDISK Z400s SD8SBAT-128G-1122,https://kakaku.com/item/K0000816262/,128.0,546.0,182.0,2.5インチ,SerialATA6Gb/s,0,7mm,4549
87,694,トランセンド SSD340 TS128GSSD340K,https://kakaku.com/item/K0000859229/,128.0,550.0,170.0,2.5インチ,SerialATA6Gb/s,MLC,6.8mm,5980
88,430,トランセンド TS128GMSA230S,https://kakaku.com/item/K0001121788/,128.0,550.0,400.0,mSATA,SerialATA6Gb/s,3DNAND,4.85mm,4020
89,147,Silicon Power Ace A55 SP128GBSS3A55S25,https://kakaku.com/item/K0001214307/,128.0,550.0,420.0,2.5インチ,SerialATA6Gb/s,3DNANDTLC,7mm,2525
90,236,インテル SSD 545s SSDSC2KW128G8X1,https://kakaku.com/item/K0001029267/,128.0,550.0,440.0,2.5インチ,SerialATA6Gb/s,3DTLC,7mm,4614
91,221,PLEXTOR S3C PX-128S3C,https://kakaku.com/item/K0000972287/,128.0,550.0,500.0,2.5インチ,SerialATA6Gb/s,TLC,6.8mm,2728
92,758,トランセンド SSD450 TS128GSSD450K,https://kakaku.com/item/K0001056415/,128.0,550.0,520.0,2.5インチ,SerialATA6Gb/s,3DNANDTLC,6.8mm,9391
93,703,Patriot Memory Spark PSK128GS25SSDR,https://kakaku.com/item/K0000896247/,128.0,555.0,500.0,2.5インチ,SerialATA6Gb/s,TLC,7mm,6379
94,466,トランセンド TS128GMTS400,https://kakaku.com/item/K0000669338/,128.0,560.0,160.0,M.2(Type2242),SerialATA6Gb/s,MLC,3.5mm,10794
95,431,ADATA Ultimate SU800 M.2 2280 ASU800NS38-128GT-C,https://kakaku.com/item/K0000921327/,128.0,560.0,300.0,M.2(Type2280),SerialATA6Gb/s,3DTLC,3.5mm,4050
96,553,トランセンド TS128GMTS600,https://kakaku.com/item/K0000669342/,128.0,560.0,310.0,M.2(Type2260),SerialATA6Gb/s,MLC,3.5mm,7582
97,259,PLEXTOR M8VC PX-128M8VC,https://kakaku.com/item/K0001152718/,128.0,560.0,400.0,2.5インチ,SerialATA6Gb/s,3DTLC,6.8mm,3108
98,542,トランセンド MTS400 TS128GMTS400S,https://kakaku.com/item/K0001018675/,128.0,560.0,460.0,M.2(Type2242),SerialATA6Gb/s,NANDMLC,3.58mm,6396
99,347,トランセンド SSD360 TS128GSSD360S,https://kakaku.com/item/K0000883277/,128.0,560.0,480.0,2.5インチ,SerialATA6Gb/s,MLCNAND,6.8mm,5780
100,121,トランセンド SSD230 TS128GSSD230S,https://kakaku.com/item/K0000952364/,128.0,560.0,500.0,2.5インチ,SerialATA6Gb/s,3DNANDTLC,6.8mm,2980
101,504,ABONMAX AM-SSD-128GB,https://kakaku.com/item/K0001193804/,128.0,560.0,510.0,2.5インチ,SerialATA6Gb/s,3DTLC,7mm,2390
102,427,トランセンド TS128GMTS830S,https://kakaku.com/item/K0001133995/,128.0,560.0,520.0,M.2(Type2280),SerialATA6Gb/s,3DNAND,3.58mm,3580
103,796,トランセンド SSD420 TS128GSSD420K,https://kakaku.com/item/K0001056420/,128.0,570.0,470.0,2.5インチ,SerialATA6Gb/s,MLCNAND,6.8mm,11384
104,749,インテル 600p Series SSDPEKKW128G7X1,https://kakaku.com/item/K0000910587/,128.0,770.0,450.0,M.2(Type2280),PCI-Express,3DTLC,1.5mm,9069
105,531,インテル SSD 760p SSDPEKKW128G8XT,https://kakaku.com/item/K0001028197/,128.0,1640.0,650.0,M.2(Type2280),PCI-Express,3DTLCNAND,2.38mm,5380
106,191,トランセンド 110S TS128GMTE110S,https://kakaku.com/item/K0001060795/,128.0,1700.0,1500.0,M.2(Type2280),PCI-Express,3DNAND,3.58mm,3380
107,838,PLEXTOR M8Se PX-128M8SeY,https://kakaku.com/item/K0000972283/,128.0,1850.0,570.0,0,PCI-Express,TLC,22.39mm,14778
108,668,Colorful SL300 160G,https://kakaku.com/item/K0001031004/,160.0,530.0,450.0,2.5インチ,SerialATA6Gb/s,3DTLCNAND,7mm,4480
109,420,IBM 46M0877,https://kakaku.com/item/K0000353601/,160.0,754.0,635.0,0,PCI-Express,SLC,0,1078000
110,1002,IBM 43W7746,https://kakaku.com/item/K0000353600/,200.0,150.0,35.0,1.8インチ,SerialATA,0,0,472958
111,312,エレコム ESD-ED0240GBK [ブラック],https://kakaku.com/item/K0001078814/,240.0,300.0,200.0,0,USB,TLC,0,4380
112,208,IODATA SSPH-UT240K [スモーキーブラック],https://kakaku.com/item/K0001148057/,240.0,340.0,320.0,0,USB,0,0,4021
113,434,エレコム ESD-JEC0240GBK [ブラック],https://kakaku.com/item/K0001082290/,240.0,350.0,350.0,0,USB,TLC,0,4280
114,868,バッファロー SSD-PZN240U3-BK,https://kakaku.com/item/K0000834471/,240.0,360.0,360.0,0,USB,0,0,18864
115,675,グリーンハウス GH-SSDU3C240,https://kakaku.com/item/K0001222103/,240.0,380.0,340.0,0,USB,TLC,0,4998
116,672,HI-DISC HDEXSSD240GPM10TD,https://kakaku.com/item/K0001055858/,240.0,400.0,380.0,0,USB,0,0,4780
117,674,KINGMAX KM240GKE31WE [White],https://kakaku.com/item/K0001127437/,240.0,400.0,390.0,0,USB,3DNAND,0,4967
118,809,グリーンハウス GH-SSDU3B240,https://kakaku.com/item/K0000931279/,240.0,400.0,400.0,0,USB,TLC,0,12780
119,264,エレコム ESD-EC0240GBK [ブラック],https://kakaku.com/item/K0001038558/,240.0,410.0,400.0,0,USB,TLC,0,5094
120,726,SANDISK エクストリーム 500 SDSSDEXT-240G-G25,https://kakaku.com/item/K0000859656/,240.0,415.0,340.0,0,USB,0,0,7770
121,260,バッファロー SSD-PM240U3A-B [ブラック],https://kakaku.com/item/K0000959496/,240.0,421.6,370.0,0,USB,0,0,4200
122,861,エレコム LimitEx series ESD-EB0240GBK [ブラック],https://kakaku.com/item/K0000955318/,240.0,430.0,430.0,0,USB,TLC,0,17710
123,807,キングストン SSDNow V300 Drive SV300S37A/240G,https://kakaku.com/item/K0000483310/,240.0,450.0,450.0,2.5インチ,SerialATA6Gb/s,MLC,7mm,12660
124,711,Corsair Force Series LE200 CSSD-F240GBLE200B,https://kakaku.com/item/K0001060406/,240.0,490.0,460.0,2.5インチ,SerialATA6Gb/s,TLCNAND,7mm,6854
125,924,インテル DC S3510 Series SSDSC2BB240G601,https://kakaku.com/item/K0000842393/,240.0,500.0,260.0,2.5インチ,SerialATA6Gb/s,MLC,7mm,29480
126,198,キングストン A400 SSD SA400S37/240G,https://kakaku.com/item/K0000956840/,240.0,500.0,350.0,2.5インチ,SerialATA6Gb/s,TLC,7mm,3580
127,424,KINGMAX KM240GSMV32,https://kakaku.com/item/K0001043870/,240.0,500.0,410.0,2.5インチ,SerialATA6Gb/s,TLC,7mm,3339
128,177,エレコム ESD-IB0240G,https://kakaku.com/item/K0001121678/,240.0,500.0,430.0,2.5インチ,SerialATA6Gb/s,TLC,7mm,8235
129,844,Silicon Power Bolt B80 SP240GBPSDB80SCS [シルバー],https://kakaku.com/item/K0001034102/,240.0,500.0,450.0,0,USB,0,0,15800
130,158,トランセンド SSD220 TS240GSSD220S,https://kakaku.com/item/K0000871391/,240.0,500.0,480.0,2.5インチ,SerialATA6Gb/s,3DNANDTLC,6.8mm,4020
131,853,グリーンハウス GH-SSD32E240,https://kakaku.com/item/K0000827665/,240.0,520.0,400.0,2.5インチ,SerialATA6Gb/s,MLC,7mm,17280
132,45,ADATA Ultimate SU630 ASU630SS-240GQ-T NTT-X Store限定モデル,https://kakaku.com/item/K0001198801/,240.0,520.0,450.0,2.5インチ,SerialATA6Gb/s,3DQLC,7mm,3168
133,446,トランセンド TS240GESD230C [ブラック],https://kakaku.com/item/K0001127440/,240.0,520.0,460.0,2.5インチ,USB,3DNAND,0,6850
134,157,ESSENCORE KLEVV NEO N510+ K240GSSDS3-N51,https://kakaku.com/item/K0001185420/,240.0,520.0,500.0,2.5インチ,SerialATA6Gb/s,3DTLCNAND,7mm,3140
135,768,GoldKey FH91STA324M1MTC14A1,https://kakaku.com/item/K0000957513/,240.0,530.0,420.0,2.5インチ,SerialATA6Gb/s,TLC,7mm,9878
136,63,SANDISK SSD PLUS SDSSDA-240G-G26,https://kakaku.com/item/K0000974660/,240.0,530.0,440.0,2.5インチ,SerialATA6Gb/s,0,7mm,3515
137,234,旭東エレクトロニクス SUNEAST SE800-240GB,https://kakaku.com/item/K0001062590/,240.0,530.0,450.0,2.5インチ,SerialATA6Gb/s,3DTLCNAND,7mm,3263
138,526,ADATA SC680 ASC680-240GU32G2-CBL [ブルー],https://kakaku.com/item/K0001193828/,240.0,530.0,460.0,0,USB,3DNAND,0,5080
139,689,KingFast F6 PRO 2710DCS23-240,https://kakaku.com/item/K0001093079/,240.0,530.0,470.0,2.5インチ,SerialATA6Gb/s,TLCNAND,7mm,5780
140,761,UMAX S300 S300TL240,https://kakaku.com/item/K0000926167/,240.0,540.0,490.0,2.5インチ,SerialATA6Gb/s,TLC,7mm,9548
141,5,crucial BX500 CT240BX500SSD1JP,https://kakaku.com/item/K0001097406/,240.0,540.0,500.0,2.5インチ,SerialATA6Gb/s,3DNAND,7mm,3434
142,482,キングストン SSDNow mS200 Drive SMS200S3/240G,https://kakaku.com/item/K0000657974/,240.0,540.0,530.0,mSATA,SerialATA6Gb/s,0,0,19403
143,562,Silicon Power SP240GBSS3S55S25 [ブラック],https://kakaku.com/item/K0000495407/,240.0,550.0,440.0,2.5インチ,SerialATA6Gb/s,TLC,7mm,8800
144,375,HI-DISC HDSSD240GJP3,https://kakaku.com/item/K0001031707/,240.0,550.0,480.0,2.5インチ,SerialATA6Gb/s,0,7mm,3259
145,518,ロジテック 【直販モデル】 LMD-SA240,https://kakaku.com/item/K0001193141/,240.0,550.0,490.0,2.5インチ,SerialATA6Gb/s,0,7mm,4510
146,522,トランセンド MTS820 TS240GMTS820S,https://kakaku.com/item/K0001018665/,240.0,550.0,500.0,M.2(Type2280),SerialATA6Gb/s,3DNANDTLC,3.58mm,4780
147,62,CFD CSSD-S6B240CG3VX,https://kakaku.com/item/K0001132863/,240.0,550.0,510.0,2.5インチ,SerialATA6Gb/s,3DNANDTLC(TMCBiCSフラッシュ),7mm,3850
148,125,Apacer AS340 AP240GAS340G-1,https://kakaku.com/item/K0001209732/,240.0,550.0,520.0,2.5インチ,SerialATA6Gb/s,3DTLC,7mm,3980
149,436,CFD CSSD-S6O240CG3VP,https://kakaku.com/item/K0001048911/,240.0,550.0,530.0,2.5インチ,SerialATA6Gb/s,3DNANDTLC,7mm,4352
150,708,Wilk Elektronik GOODRAM CX300 SSDPR-CX300-240,https://kakaku.com/item/K0001048498/,240.0,555.0,540.0,2.5インチ,SerialATA6Gb/s,TLCNAND,7mm,6480
151,399,インテル D3-S4510 SSDSC2KB240G801,https://kakaku.com/item/K0001083155/,240.0,560.0,280.0,2.5インチ,SerialATA6Gb/s,3DNANDTLC,7mm,11989
152,599,インテル D3-S4610 SSDSC2KG240G801,https://kakaku.com/item/K0001105354/,240.0,560.0,320.0,2.5インチ,SerialATA6Gb/s,3DNANDTLC,7mm,16280
153,656,J&A Information LEVEN JS300 SSD JS300SSD240GB,https://kakaku.com/item/K0001025650/,240.0,560.0,440.0,2.5インチ,SerialATA6Gb/s,0,7mm,3459
154,164,トランセンド MTS420 TS240GMTS420S,https://kakaku.com/item/K0001018668/,240.0,560.0,500.0,M.2(Type2242),SerialATA6Gb/s,3DNANDTLC,3.58mm,4780
155,339,ABONMAX AB-SSD-240GB,https://kakaku.com/item/K0001193809/,240.0,560.0,510.0,2.5インチ,SerialATA6Gb/s,3DTLC,7mm,3290
156,754,LITEON MU 3 PH6-CE240,https://kakaku.com/item/K0001052463/,240.0,560.0,520.0,2.5インチ,SerialATA6Gb/s,3DTLCNAND,7mm,9328
157,564,トランセンド JetDrive 420 TS240GJDM420,https://kakaku.com/item/K0000690810/,240.0,570.0,310.0,0,SerialATA6Gb/s,同期型MLC,0,8980
158,592,トランセンド JetDrive 500 TS240GJDM500,https://kakaku.com/item/K0000680349/,240.0,570.0,460.0,0,SerialATA6Gb/s,MLC,0,13500
159,747,SUPER TALENT USB3.1 Portable RAIDDrive FUW240UCU0,https://kakaku.com/item/K0000896517/,240.0,750.0,700.0,0,USB,TLC,0,8980
160,565,Colorful CN600 240G,https://kakaku.com/item/K0000981376/,240.0,800.0,700.0,M.2(Type2280),PCI-Express,TLC,5mm,9183
161,810,トランセンド JetDrive 820 TS240GJDM820,https://kakaku.com/item/K0000999661/,240.0,950.0,550.0,0,PCI-Express,3DTLC,0.8mm,12800
162,752,プリンストン PHD-PS240GU,https://kakaku.com/item/K0001186879/,240.0,1000.0,800.0,0,USB,3DTLCNAND,0,9235
163,760,トランセンド TS240GESD350C [ネイビーブルー],https://kakaku.com/item/K0001162151/,240.0,1050.0,950.0,0,USB,3DNAND,0,9480
164,843,グリーンハウス GH-SSDTB3A240,https://kakaku.com/item/K0001096011/,240.0,1400.0,750.0,2.5インチ,0,TLC,0,15710
165,318,キングストン A1000 SSD SA1000M8/240G,https://kakaku.com/item/K0001103235/,240.0,1500.0,800.0,M.2(Type2280),PCI-Express,3DTLCNAND,3.5mm,5749
166,180,ESSENCORE KLEVV CRAS C700 M.2 K240GM2SP0-C70,https://kakaku.com/item/K0001185425/,240.0,1500.0,1000.0,M.2(Type2280),PCI-Express,3DNAND,2.8mm,4178
167,714,Corsair Force Series MP300 CSSD-F240GBMP300,https://kakaku.com/item/K0001076918/,240.0,1580.0,920.0,M.2(Type2280),PCI-Express,3DTLCNAND,0,7200
168,806,トランセンド JetDrive 850 TS240GJDM850,https://kakaku.com/item/K0001104676/,240.0,1600.0,700.0,0,PCI-Express,3DNAND,0.8mm,12585
169,774,Colorful CN600S 240GB,https://kakaku.com/item/K0001073107/,240.0,2000.0,1200.0,M.2(Type2280),PCI-Express,3DTLCNAND,5mm,10160
170,263,グリーンハウス GH-SSDRMPA240,https://kakaku.com/item/K0001147811/,240.0,3000.0,1000.0,M.2(Type2280),PCI-Express,3DTLC,2mm,4950
171,210,Corsair Force Series MP510 CSSD-F240GBMP510,https://kakaku.com/item/K0001098772/,240.0,3100.0,1050.0,M.2(Type2280),PCI-Express,3DTLCNAND,3mm,5880
172,764,ADATA XPG GAMMIX S11 AGAMMIXS11-240GT-C,https://kakaku.com/item/K0001069560/,240.0,3200.0,1100.0,M.2(Type2280),PCI-Express,3DNANDTLC,3.5mm,9655
173,350,HP P500 7PD51AA#UUF [シルバー],https://kakaku.com/item/K0001204293/,250.0,370.0,200.0,0,USB,3DNAND,0,6979
174,684,エレコム ESD-EJ0250GWH [ホワイト],https://kakaku.com/item/K0001214595/,250.0,400.0,320.0,0,USB,0,0,5574
175,572,SANDISK エクストリーム500 SDSSDEXT-250G-J25,https://kakaku.com/item/K0000945501/,250.0,415.0,365.0,0,USB,0,0,9900
176,450,エレコム ESD-EF0250GBK [ブラック],https://kakaku.com/item/K0001188702/,250.0,430.0,400.0,0,USB,0,0,7678
177,802,サムスン T1 MU-PS250B/IT,https://kakaku.com/item/K0000736865/,250.0,450.0,450.0,0,USB,3DV-NAND,9.2mm,11880
178,819,WESTERN DIGITAL WD Blue WDS250G1B0B,https://kakaku.com/item/K0000918978/,250.0,540.0,500.0,M.2(Type2280),SerialATA6Gb/s,TLC,2.23mm,12980
179,699,サムスン MZ-7TE250B/IT,https://kakaku.com/item/K0000546768/,250.0,540.0,520.0,2.5インチ,SerialATA6Gb/s,3bitMLC,6.8mm,6217
180,393,サムスン T5 MU-PA250B/IT [ブルー],https://kakaku.com/item/K0000990361/,250.0,540.0,540.0,0,USB,V-NAND,0,9625
181,444,サムスン 860 EVO M.2 MZ-N6E250B/IT,https://kakaku.com/item/K0001027998/,250.0,550.0,520.0,M.2(Type2280),SerialATA6Gb/s,V-NAND3bitMLC,2.38mm,6511
182,112,WESTERN DIGITAL WD Blue 3D NAND SATA WDS250G2B0B,https://kakaku.com/item/K0000969850/,250.0,550.0,525.0,M.2(Type2280),SerialATA6Gb/s,3DNAND,2.23mm,4818
183,22,HP S700 2DP98AA#UUF,https://kakaku.com/item/K0001196063/,250.0,555.0,515.0,2.5インチ,SerialATA6Gb/s,3DTLCNAND,7mm,7530
184,578,SK hynix SL308 HFS250G32TND-N1A2A,https://kakaku.com/item/K0000935796/,250.0,560.0,490.0,2.5インチ,SerialATA6Gb/s,TLC,7mm,10480
185,579,Team T-FORCE DELTA RGB SSD T253TR250G3C313 [ブラック],https://kakaku.com/item/K0001064446/,250.0,560.0,500.0,2.5インチ,SerialATA6Gb/s,0,9.5mm,10574
186,315,crucial MX500 CT250MX500SSD1,https://kakaku.com/item/K0001024634/,250.0,560.0,510.0,2.5インチ,SerialATA6Gb/s,3DTLCNAND,7mm,4938
187,313,SEAGATE BarraCuda 120 SSD ZA250CM1A003,https://kakaku.com/item/K0001220988/,250.0,560.0,540.0,2.5インチ,SerialATA6Gb/s,3DTLCNAND,7mm,4880
188,570,バッファロー SSD-PH250U3-BA [ブラック],https://kakaku.com/item/K0001147810/,250.0,1000.0,900.0,0,USB,0,0,9833
189,83,WESTERN DIGITAL WD Blue SN500 NVMe WDS250G1B0C,https://kakaku.com/item/K0001140103/,250.0,1700.0,1300.0,M.2(Type2280),PCI-Express,3DNAND,2.38mm,5680
190,745,キングストン A2000 SSD SA2000M8/250G,https://kakaku.com/item/K0001180669/,250.0,2000.0,1100.0,M.2(Type2280),PCI-Express,3DNAND,3.5mm,8980
191,136,レキサーメディア NM610 LNM610-250RBJP,https://kakaku.com/item/K0001214525/,250.0,2000.0,1200.0,M.2(Type2280),PCI-Express,3DTLC,2.25mm,4180
192,695,WESTERN DIGITAL WD Blue SN550 NVMe WDS250G2B0C,https://kakaku.com/item/K0001220481/,250.0,2400.0,950.0,M.2(Type2280),PCI-Express,3DNAND,2.38mm,5980
193,70,WESTERN DIGITAL WD Black SN750 NVMe WDS250G3X0C,https://kakaku.com/item/K0001122648/,250.0,3100.0,1600.0,M.2(Type2280),PCI-Express,3DNAND,2.38mm,7260
194,176,サムスン 970 EVO MZ-V7E250B/IT,https://kakaku.com/item/K0001049810/,250.0,3400.0,1500.0,M.2(Type2280),PCI-Express,V-NAND3bitMLC,2.38mm,6980
195,160,サムスン 970 EVO Plus MZ-V7S250B/IT,https://kakaku.com/item/K0001123582/,250.0,3500.0,2300.0,M.2(Type2280),PCI-Express,V-NAND3bitMLC,2.38mm,9146
196,907,グリーンハウス GH-SSDP2A256,https://kakaku.com/item/K0000597253/,256.0,80.0,60.0,2.5インチ,IDE,MLC,7.2mm,24689
197,606,SUPER TALENT FE8256MD2D,https://kakaku.com/item/K0000685155/,256.0,110.0,95.0,2.5インチ,IDE,MLC,9.5mm,17270
198,603,SUPER TALENT DuraDrive ZT4 FEU256MD1X,https://kakaku.com/item/K0000857255/,256.0,112.0,90.0,1.8インチ,ZIF,MLC,5mm,16500
199,692,Silicon Power Bolt B10 SP256GBPSDB10SBK [ブラック],https://kakaku.com/item/K0001031117/,256.0,400.0,400.0,0,USB,0,0,5900
200,573,トランセンド TS256GESD400K,https://kakaku.com/item/K0000672294/,256.0,410.0,380.0,0,USB,MLC,0,9980
201,261,Silicon Power Bolt B75 SP256GBPSDB75SCS [シルバー],https://kakaku.com/item/K0001166501/,256.0,440.0,430.0,0,USB,0,0,4680
202,817,レキサーメディア Professional Workflow DD256 LRWDD256CRBJP,https://kakaku.com/item/K0000847760/,256.0,450.0,245.0,0,USB,0,0,12980
203,391,IODATA GigaCrysta E.A.G.L SSPX-GC256G,https://kakaku.com/item/K0001204456/,256.0,450.0,440.0,0,USB,0,0,8646
204,852,SUPER TALENT SATA Mini 2 PCIe DX1 FMT256JCRM,https://kakaku.com/item/K0000857259/,256.0,500.0,280.0,0,SerialATA6Gb/s,MLC,3.5mm,17130
205,467,トランセンド MTS800 TS256GMTS800S,https://kakaku.com/item/K0001018672/,256.0,500.0,450.0,M.2(Type2280),SerialATA6Gb/s,NANDMLC,3.58mm,10800
206,869,HGST Atomos Master Caddy 4K 256GB Black WW 0G05219,https://kakaku.com/item/K0000992131/,256.0,500.0,500.0,0,0,0,0,19000
207,429,addlink S20 ad256GBS20S3S,https://kakaku.com/item/K0001217879/,256.0,510.0,400.0,2.5インチ,SerialATA6Gb/s,3DTLCNAND,7mm,3980
208,440,トランセンド TS256GMTS832S,https://kakaku.com/item/K0001211725/,256.0,530.0,400.0,M.2(Type2280),SerialATA6Gb/s,3DNAND,2.23mm,4980
209,187,旭東エレクトロニクス SUNEAST SE800-n256GB,https://kakaku.com/item/K0001065140/,256.0,530.0,450.0,M.2(Type2280),SerialATA6Gb/s,3DTLCNAND,3.5mm,3780
210,794,SUPER TALENT DuraDrive AT7 FTM256MU2P,https://kakaku.com/item/K0000968789/,256.0,550.0,340.0,2.5インチ,SerialATA6Gb/s,3DMLC,6.8mm,11180
211,240,トランセンド TS256GMSA230S,https://kakaku.com/item/K0001154910/,256.0,550.0,400.0,mSATA,SerialATA6Gb/s,3DNAND,4.85mm,5780
212,130,Silicon Power Ace A55 SP256GBSS3A55S25,https://kakaku.com/item/K0001214308/,256.0,550.0,450.0,2.5インチ,SerialATA6Gb/s,3DNANDTLC,7mm,3992
213,516,キングストン KC600 SSD SKC600/256G,https://kakaku.com/item/K0001221976/,256.0,550.0,500.0,2.5インチ,SerialATA6Gb/s,3DTLCNAND,7mm,4470
214,129,BIOSTAR S120 S120-256GB,https://kakaku.com/item/K0001217374/,256.0,550.0,510.0,2.5インチ,SerialATA6Gb/s,3DTLCNAND,7mm,3182
215,188,ADATA Ultimate SU750 ASU750SS-256GT-C,https://kakaku.com/item/K0001143805/,256.0,550.0,520.0,2.5インチ,SerialATA6Gb/s,3DTLCNAND,7mm,3934
216,345,WESTERN DIGITAL PC SA530 3D NAND SATA SDASB8Y-256G+EXT,https://kakaku.com/item/K0001217640/,256.0,550.0,525.0,2.5インチ,SerialATA6Gb/s,3DNAND,7mm,4980
217,772,Patriot Memory Spark PSK256GS25SSDR,https://kakaku.com/item/K0000896248/,256.0,555.0,500.0,2.5インチ,SerialATA6Gb/s,TLC,7mm,9949
218,117,AGI AGI256G06AI138,https://kakaku.com/item/K0001184548/,256.0,556.0,515.0,2.5インチ,SerialATA6Gb/s,NANDTLC,7mm,3278
219,589,トランセンド TS256GMTS600,https://kakaku.com/item/K0000669343/,256.0,560.0,310.0,M.2(Type2260),SerialATA6Gb/s,MLC,3.5mm,12980
220,251,トランセンド SSD370 TS256GSSD370S,https://kakaku.com/item/K0000773286/,256.0,560.0,320.0,2.5インチ,SerialATA6Gb/s,MLC,6.8mm,11480
221,510,J&A Information LEVEN JS600 SSD JS600SSD256GB,https://kakaku.com/item/K0001208356/,256.0,560.0,440.0,2.5インチ,SerialATA6Gb/s,0,7mm,3480
222,470,トランセンド MTS400 TS256GMTS400S,https://kakaku.com/item/K0001018676/,256.0,560.0,460.0,M.2(Type2242),SerialATA6Gb/s,NANDMLC,3.58mm,11970
223,98,トランセンド SSD230 TS256GSSD230S,https://kakaku.com/item/K0000952365/,256.0,560.0,500.0,2.5インチ,SerialATA6Gb/s,3DNANDTLC,6.8mm,4380
224,165,PLEXTOR M8VC PX-256M8VC,https://kakaku.com/item/K0001152719/,256.0,560.0,510.0,2.5インチ,SerialATA6Gb/s,3DTLC,6.8mm,4889
225,525,トランセンド TS256GMTS830S,https://kakaku.com/item/K0001133996/,256.0,560.0,520.0,M.2(Type2280),SerialATA6Gb/s,3DNAND,3.58mm,4980
226,326,サムスン 860 PRO MZ-76P256B/IT,https://kakaku.com/item/K0001027986/,256.0,560.0,530.0,2.5インチ,SerialATA6Gb/s,V-NAND2bitMLC,6.8mm,11183
227,627,トランセンド SSD420 TS256GSSD420K,https://kakaku.com/item/K0001056421/,256.0,570.0,470.0,2.5インチ,SerialATA6Gb/s,MLCNAND,6.8mm,23117
228,932,バッファロー SSD-WA256T,https://kakaku.com/item/K0000593378/,256.0,763.0,616.0,0,0,0,0,32037
229,889,PLEXTOR PX-AG256M6e,https://kakaku.com/item/K0000612606/,256.0,770.0,580.0,0,PCI-Express,0,22.39mm,22467
230,550,インテル 600p Series SSDPEKKW256G7X1,https://kakaku.com/item/K0000910588/,256.0,1570.0,540.0,M.2(Type2280),PCI-Express,3DTLC,1.5mm,7038
231,385,AGI AGI256G16AI198,https://kakaku.com/item/K0001113947/,256.0,1627.0,1262.0,M.2(Type2280),PCI-Express,0,3.5mm,6578
232,159,トランセンド 110S TS256GMTE110S,https://kakaku.com/item/K0001060796/,256.0,1700.0,1500.0,M.2(Type2280),PCI-Express,3DNAND,3.58mm,4580
233,262,ロジテック 【直販モデル】 LMD-MP256,https://kakaku.com/item/K0001193136/,256.0,1730.0,1000.0,M.2(Type2280),PCI-Express,0,3mm,4730
234,544,ADATA XPG SX6000 Lite ASX6000LNP-256GT-C,https://kakaku.com/item/K0001127376/,256.0,1800.0,900.0,M.2(Type2280),PCI-Express,3DNAND,2.15mm,6440
235,680,BIOSTAR M700 M700-256GB,https://kakaku.com/item/K0001222586/,256.0,1850.0,950.0,M.2(Type2280),PCI-Express,TLCNAND,3.5mm,5377
236,733,CFD CSSD-M2O256PG1VN,https://kakaku.com/item/K0000952893/,256.0,2000.0,1100.0,M.2(Type2280),PCI-Express,3DNAND,3.5mm,8250
237,131,ADATA XPG SX6000 Pro ASX6000PNP-256GT-C,https://kakaku.com/item/K0001098549/,256.0,2100.0,1200.0,M.2(Type2280),PCI-Express,3DNANDTLC,2.15mm,5580
238,928,サムスン 950 PRO M.2 MZ-V5P256B/IT,https://kakaku.com/item/K0000829333/,256.0,2200.0,900.0,M.2(Type2280),PCI-Express,V-NAND,2.38mm,30580
239,303,addlink S70 ad256GBS70M2P,https://kakaku.com/item/K0001217882/,256.0,3000.0,1000.0,M.2(Type2280),PCI-Express,3DTLCNAND,3.58mm,5480
240,237,ロジテック 【直販モデル】 LMD-MPD256,https://kakaku.com/item/K0001193138/,256.0,3090.0,1035.0,M.2(Type2280),PCI-Express,0,3mm,5280
241,765,IODATA GigaCrysta E.A.G.L SSD-GC256M2,https://kakaku.com/item/K0001204459/,256.0,3090.0,1040.0,M.2(Type2280),PCI-Express,0,7.5mm,9775
242,460,GIGABYTE AORUS GP-ASM2NE2256GTTDR,https://kakaku.com/item/K0001152202/,256.0,3100.0,1050.0,M.2(Type2280),PCI-Express,3DTLC,8.1mm,9142
243,118,インテル SSD 760p SSDPEKKW256G8XT,https://kakaku.com/item/K0001028198/,256.0,3210.0,1315.0,M.2(Type2280),PCI-Express,3DTLCNAND,2.38mm,7700
244,304,エレコム ESD-GMIA0256G,https://kakaku.com/item/K0001162853/,256.0,3400.0,1100.0,M.2(Type2280),PCI-Express,TLC,3mm,7041
245,277,トランセンド TS256GMTE220S,https://kakaku.com/item/K0001127530/,256.0,3500.0,1100.0,M.2(Type2280),PCI-Express,3DNAND,3.58mm,5480
246,100,ADATA XPG SX8200 Pro ASX8200PNP-256GT-C,https://kakaku.com/item/K0001136684/,256.0,3500.0,1200.0,M.2(Type2280),PCI-Express,3DTLC,3.5mm,5038
247,903,Lenovo 4XB0W79580,https://kakaku.com/item/K0001197249/,256.0,3500.0,2200.0,M.2(Type2280),PCI-Express,0,2.28mm,24217
248,498,インテル Optane SSD 900P SSDPED1D280GAX1,https://kakaku.com/item/K0001106127/,280.0,2500.0,2000.0,0,PCI-Express,3DXpoint,0,46749
249,730,AGI AGI320G06AI138,https://kakaku.com/item/K0001051706/,320.0,522.0,487.0,2.5インチ,SerialATA6Gb/s,3DNAND,7mm,8143
250,316,Colorful SL500 320G,https://kakaku.com/item/K0001016190/,320.0,530.0,450.0,2.5インチ,SerialATA6Gb/s,3DNANDTLC,7mm,5480
251,126,旭東エレクトロニクス SUNEAST SE800-360GB,https://kakaku.com/item/K0001062591/,360.0,530.0,450.0,2.5インチ,SerialATA6Gb/s,3DTLCNAND,7mm,4223
252,379,KingFast F6 PRO 2710DCS23-360,https://kakaku.com/item/K0001051712/,360.0,550.0,480.0,2.5インチ,SerialATA6Gb/s,TLCNAND,7mm,4810
253,793,インテル 540s Series SSDSCKKW360H6X1,https://kakaku.com/item/K0000871223/,360.0,560.0,480.0,M.2(Type2280),SerialATA6Gb/s,TLC,2.38mm,11070
254,720,KingSpec Q-360,https://kakaku.com/item/K0001042819/,360.0,570.0,490.0,2.5インチ,SerialATA6Gb/s,3DTLC,7mm,7618
255,997,インテル Optane SSD DC P4800X SSDPED1K375GA01,https://kakaku.com/item/K0001010388/,375.0,2400.0,2000.0,0,PCI-Express,3DXpoint,0,235427
256,39,エレコム ESD-ED0480GBK [ブラック],https://kakaku.com/item/K0001078817/,480.0,300.0,200.0,0,USB,TLC,0,7749
257,127,バッファロー SSD-PL480U3-BK,https://kakaku.com/item/K0000961670/,480.0,340.0,320.0,0,USB,0,0,5913
258,27,IODATA SSPH-UT480K/E,https://kakaku.com/item/K0001151258/,480.0,350.0,300.0,0,USB,0,0,6680
259,559,エレコム ESD-JEC0480GBK [ブラック],https://kakaku.com/item/K0001082292/,480.0,350.0,350.0,0,USB,TLC,0,8580
260,613,バッファロー SSD-PZN480U3-BK,https://kakaku.com/item/K0000834470/,480.0,360.0,360.0,0,USB,0,0,19500
261,556,グリーンハウス GH-SSDU3C480,https://kakaku.com/item/K0001222104/,480.0,380.0,340.0,0,USB,TLC,0,7998
262,746,HI-DISC HDEXSSD480GPM10TD,https://kakaku.com/item/K0001201244/,480.0,400.0,300.0,0,USB,0,0,8980
263,554,KINGMAX KM480GKE31WE [White],https://kakaku.com/item/K0001127438/,480.0,400.0,390.0,0,USB,3DNAND,0,7967
264,922,グリーンハウス GH-SSDU3B480,https://kakaku.com/item/K0000931280/,480.0,400.0,400.0,0,USB,TLC,0,28780
265,324,エレコム ESD-EC0480GBK [ブラック],https://kakaku.com/item/K0001078818/,480.0,410.0,400.0,0,USB,TLC,0,9087
266,352,バッファロー SSD-PM480U3-B/N [ブラック],https://kakaku.com/item/K0000923827/,480.0,421.6,370.0,0,USB,0,0,7880
267,890,SANDISK エクストリーム 500 SDSSDEXT-480G-G25,https://kakaku.com/item/K0000859657/,480.0,430.0,400.0,0,USB,0,0,22480
268,849,エレコム LimitEx series ESD-EB0480GBK [ブラック],https://kakaku.com/item/K0000955319/,480.0,430.0,430.0,0,USB,TLC,0,16296
269,384,ADATA SC660H ASC660H-480GU31-CTI [チタン],https://kakaku.com/item/K0001180658/,480.0,440.0,430.0,0,USB,3DNAND,0,6358
270,200,エレコム ESD-IB0480G,https://kakaku.com/item/K0001121679/,480.0,500.0,430.0,2.5インチ,SerialATA6Gb/s,TLC,7mm,13337
271,266,キングストン A400 SSD SA400S37/480G,https://kakaku.com/item/K0000956841/,480.0,500.0,450.0,2.5インチ,SerialATA6Gb/s,TLC,7mm,5760
272,781,キングストン HyperX SAVAGE EXO SSD SHSX100/480G,https://kakaku.com/item/K0001103734/,480.0,500.0,480.0,0,USB,3DTLCNAND,0,10450
273,19,ADATA Ultimate SU630 ASU630SS-480GQ-T NTT-X Store限定モデル,https://kakaku.com/item/K0001198802/,480.0,520.0,450.0,2.5インチ,SerialATA6Gb/s,3DQLC,7mm,4999
274,395,トランセンド TS480GESD240C [シルバー],https://kakaku.com/item/K0001140439/,480.0,520.0,460.0,0,USB,3DNAND,0,9980
275,192,ESSENCORE KLEVV NEO N510+ K480GSSDS3-N51,https://kakaku.com/item/K0001185421/,480.0,520.0,500.0,2.5インチ,SerialATA6Gb/s,3DTLCNAND,7mm,5430
276,317,Palit Microsystems UVS-SSD480 (480GB 7mm TLC) ドスパラWeb限定モデル,https://kakaku.com/item/K0000965138/,480.0,525.0,465.0,2.5インチ,SerialATA6Gb/s,TLC,7mm,5680
277,540,Colorful SL500 480G,https://kakaku.com/item/K0001048909/,480.0,530.0,450.0,2.5インチ,SerialATA6Gb/s,3DTLCNAND,7mm,6135
278,738,ADATA SC680 ASC680-480GU32G2-CBL [ブルー],https://kakaku.com/item/K0001197253/,480.0,530.0,460.0,0,USB,3DNAND,0,8480
279,278,旭東エレクトロニクス SUNEAST SE800-480GB,https://kakaku.com/item/K0001062592/,480.0,530.0,500.0,2.5インチ,SerialATA6Gb/s,3DTLCNAND,7mm,5599
280,92,SANDISK SSD PLUS SDSSDA-480G-G26,https://kakaku.com/item/K0000974661/,480.0,535.0,445.0,2.5インチ,SerialATA6Gb/s,0,7mm,6041
281,748,AGI AGI480G17AI178,https://kakaku.com/item/K0001051707/,480.0,538.0,491.0,2.5インチ,SerialATA6Gb/s,3DNAND,7mm,9020
282,139,crucial BX500 CT480BX500SSD1,https://kakaku.com/item/K0001086729/,480.0,540.0,500.0,2.5インチ,SerialATA6Gb/s,3DNAND,7mm,5790
283,413,インテル 730 Series SSDSC2BP480G4R5,https://kakaku.com/item/K0000635480/,480.0,550.0,470.0,2.5インチ,SerialATA6Gb/s,MLC,7mm,38280
284,302,HI-DISC HDSSD480GJP3,https://kakaku.com/item/K0001084352/,480.0,550.0,480.0,2.5インチ,SerialATA6Gb/s,0,7mm,5459
285,305,ロジテック 【直販モデル】 LMD-SA480,https://kakaku.com/item/K0001193142/,480.0,550.0,490.0,2.5インチ,SerialATA6Gb/s,0,7mm,7700
286,725,トランセンド MTS820 TS480GMTS820S,https://kakaku.com/item/K0001018666/,480.0,550.0,500.0,M.2(Type2280),SerialATA6Gb/s,3DNANDTLC,3.58mm,7720
287,0,CFD CSSD-S6B480CG3VX,https://kakaku.com/item/K0001132862/,480.0,550.0,510.0,2.5インチ,SerialATA6Gb/s,3DNANDTLC(TMCBiCSフラッシュ),7mm,5258
288,543,Apacer AS340 AP480GAS340G-1,https://kakaku.com/item/K0001211579/,480.0,550.0,520.0,2.5インチ,SerialATA6Gb/s,3DTLC,7mm,6430
289,753,CFD CSSD-S6O480CG3VP,https://kakaku.com/item/K0001048910/,480.0,550.0,530.0,2.5インチ,SerialATA6Gb/s,3DNANDTLC,7mm,9246
290,789,Wilk Elektronik GOODRAM CX300 SSDPR-CX300-480,https://kakaku.com/item/K0001048499/,480.0,555.0,540.0,2.5インチ,SerialATA6Gb/s,TLCNAND,7mm,10980
291,700,UMAX S330 S330TL480,https://kakaku.com/item/K0001083594/,480.0,560.0,450.0,2.5インチ,SerialATA6Gb/s,3DTLC,7mm,6250
292,94,インテル 540s Series SSDSCKKW480H6X1,https://kakaku.com/item/K0000871224/,480.0,560.0,480.0,M.2(Type2280),SerialATA6Gb/s,TLC,2.38mm,5979
293,362,インテル D3-S4510 SSDSC2KB480G801,https://kakaku.com/item/K0001083156/,480.0,560.0,490.0,2.5インチ,SerialATA6Gb/s,3DNANDTLC,7mm,15510
294,537,LITEON MU 3 PH6-CE480-L4,https://kakaku.com/item/K0001140221/,480.0,560.0,500.0,2.5インチ,SerialATA6Gb/s,3DTLCNAND,7mm,5940
295,685,ABONMAX AB-SSD-480GB,https://kakaku.com/item/K0001193810/,480.0,560.0,510.0,2.5インチ,SerialATA6Gb/s,3DTLC,7mm,5590
296,798,ADATA XPG SX950U ASX950USS-480GT-C,https://kakaku.com/item/K0001084350/,480.0,560.0,520.0,2.5インチ,SerialATA6Gb/s,3DTLC,7mm,11675
297,485,トランセンド JetDrive 500 TS480GJDM500,https://kakaku.com/item/K0000680350/,480.0,570.0,460.0,0,SerialATA6Gb/s,MLC,0,24800
298,847,トランセンド JetDrive 420 TS480GJDM420,https://kakaku.com/item/K0000690811/,480.0,570.0,470.0,0,SerialATA6Gb/s,同期型MLC,0,15980
299,818,SUPER TALENT USB3.1 Portable RAIDDrive FUW480UCU0,https://kakaku.com/item/K0000896518/,480.0,750.0,700.0,0,USB,TLC,0,12980
300,875,SANDISK エクストリーム 900 SDSSDEX2-480G-J25,https://kakaku.com/item/K0000846465/,480.0,850.0,850.0,0,USB,0,0,19530
301,626,トランセンド JetDrive 820 TS480GJDM820,https://kakaku.com/item/K0000999662/,480.0,950.0,800.0,0,PCI-Express,3DTLC,0.8mm,22800
302,827,プリンストン PHD-PS480GU,https://kakaku.com/item/K0001186880/,480.0,1000.0,900.0,0,USB,3DTLCNAND,0,13624
303,474,トランセンド TS480GESD350C [ネイビーブルー],https://kakaku.com/item/K0001162152/,480.0,1050.0,950.0,0,USB,3DNAND,0,13480
304,624,グリーンハウス GH-SSDTB3A480,https://kakaku.com/item/K0001096012/,480.0,1400.0,750.0,2.5インチ,0,TLC,0,22270
305,769,キングストン A1000 SSD SA1000M8/480G,https://kakaku.com/item/K0001103236/,480.0,1500.0,900.0,M.2(Type2280),PCI-Express,3DTLCNAND,3.5mm,9900
306,149,ESSENCORE KLEVV CRAS C700 M.2 K480GM2SP0-C70,https://kakaku.com/item/K0001185426/,480.0,1500.0,1300.0,M.2(Type2280),PCI-Express,3DNAND,2.8mm,6600
307,468,Corsair Force Series MP300 CSSD-F480GBMP300,https://kakaku.com/item/K0001076919/,480.0,1600.0,1040.0,M.2(Type2280),PCI-Express,3DTLCNAND,0,11402
308,882,トランセンド JetDrive 850 TS480GJDM850,https://kakaku.com/item/K0001104677/,480.0,1600.0,1300.0,0,PCI-Express,3DNAND,0.8mm,21366
309,416,インテル Optane SSD 900P SSDPED1D480GAX1,https://kakaku.com/item/K0001106128/,480.0,2500.0,2000.0,0,PCI-Express,3DXpoint,0,71599
310,369,インテル Optane SSD 905P SSDPE21D480GAX1,https://kakaku.com/item/K0001062298/,480.0,2600.0,2200.0,2.5インチ,PCI-Express,3DXpoint,15mm,75328
311,851,Team T-FORCE CARDEA M.2 TM8FP2480G0C110 [Red],https://kakaku.com/item/K0000952009/,480.0,2650.0,1450.0,M.2(Type2280),PCI-Express,0,23.4mm,17073
312,410,Corsair Force Series MP500 CSSD-F480GBMP500,https://kakaku.com/item/K0000957036/,480.0,3000.0,2400.0,M.2(Type2280),PCI-Express,MLC,0,29409
313,855,ADATA XPG GAMMIX S11 AGAMMIXS11-480GT-C,https://kakaku.com/item/K0001069561/,480.0,3200.0,1700.0,M.2(Type2280),PCI-Express,3DNANDTLC,3.5mm,17295
314,199,グリーンハウス GH-SSDRMPA480,https://kakaku.com/item/K0001147812/,480.0,3400.0,2000.0,M.2(Type2280),PCI-Express,3DTLC,2mm,8249
315,71,Corsair Force Series MP510 CSSD-F480GBMP510,https://kakaku.com/item/K0001098773/,480.0,3480.0,2000.0,M.2(Type2280),PCI-Express,3DTLCNAND,3mm,9980
316,584,HP P500 7PD55AA#UUF [シルバー],https://kakaku.com/item/K0001204294/,500.0,370.0,200.0,0,USB,3DNAND,0,11732
317,455,エレコム ESD-EJ0500GBK [ブラック],https://kakaku.com/item/K0001214596/,500.0,400.0,320.0,0,USB,0,0,8793
318,866,HGST G-DRIVE ev RaW SSD 500GB JP 0G04758,https://kakaku.com/item/K0001018811/,500.0,425.0,425.0,2.5インチ,USB,0,0,18480
319,821,エレコム ESD-EG0500GBUR [ブルー],https://kakaku.com/item/K0001218917/,500.0,430.0,400.0,0,USB,0,0,13170
320,397,エレコム ESD-EF0500GSV [シルバー],https://kakaku.com/item/K0001188707/,500.0,430.0,410.0,0,USB,0,0,11696
321,901,サムスン T3 MU-PT500B/IT,https://kakaku.com/item/K0000860340/,500.0,450.0,450.0,0,USB,V-NAND,0,23980
322,453,IODATA SSPG-USC500NV/E,https://kakaku.com/item/K0001222505/,500.0,530.0,490.0,0,USB,0,0,7900
323,879,サムスン 850 EVO MZ-75E500B/IT,https://kakaku.com/item/K0000725580/,500.0,540.0,520.0,2.5インチ,SerialATA6Gb/s,3DV-NAND,6.8mm,20438
324,107,サムスン T5 MU-PA500B/IT [ブルー],https://kakaku.com/item/K0000990360/,500.0,540.0,540.0,0,USB,V-NAND,0,9990
325,4,サムスン 860 EVO MZ-76E500B/IT,https://kakaku.com/item/K0001027990/,500.0,550.0,520.0,2.5インチ,SerialATA6Gb/s,V-NAND3bitMLC,6.8mm,7124
326,856,Team T-FORCE DELTA RGB SSD T253TR500G3C313 [ブラック],https://kakaku.com/item/K0001064447/,500.0,560.0,500.0,2.5インチ,SerialATA6Gb/s,0,9.5mm,17300
327,128,crucial MX500 CT500MX500SSD1,https://kakaku.com/item/K0001024635/,500.0,560.0,510.0,2.5インチ,SerialATA6Gb/s,3DTLCNAND,7mm,6928
328,21,HP S700 2DP99AA#UUF,https://kakaku.com/item/K0001216093/,500.0,560.0,515.0,2.5インチ,SerialATA6Gb/s,3DTLCNAND,7mm,5368
329,13,WESTERN DIGITAL WD Blue 3D NAND SATA WDS500G2B0A,https://kakaku.com/item/K0000969847/,500.0,560.0,530.0,2.5インチ,SerialATA6Gb/s,3DTLCNAND,7mm,6889
330,182,SEAGATE BarraCuda 120 SSD ZA500CM1A003,https://kakaku.com/item/K0001220989/,500.0,560.0,540.0,2.5インチ,SerialATA6Gb/s,3DTLCNAND,7mm,7100
331,880,HGST G-DRIVE mobile SSD R-Series 500GB 0G06052,https://kakaku.com/item/K0001031113/,500.0,560.0,560.0,0,USB,0,0,21180
332,816,レキサーメディア Professional SL100 Pro LSL100P-500RBJP [ブラック],https://kakaku.com/item/K0001211861/,500.0,950.0,900.0,0,USB,0,0,12980
333,363,バッファロー SSD-PH500U3-BA [ブラック],https://kakaku.com/item/K0001147809/,500.0,1000.0,900.0,0,USB,0,0,15558
334,10,WESTERN DIGITAL WD Blue SN500 NVMe WDS500G1B0C,https://kakaku.com/item/K0001140102/,500.0,1700.0,1450.0,M.2(Type2280),PCI-Express,3DNAND,2.38mm,7590
335,36,crucial P1 CT500P1SSD8JP,https://kakaku.com/item/K0001101037/,500.0,1900.0,950.0,M.2(Type2280),PCI-Express,3DNAND,0,8280
336,96,レキサーメディア NM610 LNM610-500RBJP,https://kakaku.com/item/K0001211577/,500.0,2000.0,1600.0,M.2(Type2280),PCI-Express,3DTLC,2.25mm,7780
337,848,キングストン A2000 SSD SA2000M8/500G,https://kakaku.com/item/K0001180670/,500.0,2200.0,2000.0,M.2(Type2280),PCI-Express,3DNAND,3.5mm,16280
338,719,WESTERN DIGITAL WD Blue SN550 NVMe WDS500G2B0C,https://kakaku.com/item/K0001220482/,500.0,2400.0,1750.0,M.2(Type2280),PCI-Express,3DNAND,2.38mm,7480
339,946,サムスン X5 MU-PB500B/IT,https://kakaku.com/item/K0001084255/,500.0,2800.0,2100.0,0,0,0,0,38072
340,610,サムスン 960 EVO M.2 MZ-V6E500B/IT,https://kakaku.com/item/K0000929860/,500.0,3200.0,1800.0,M.2(Type2280),PCI-Express,V-NAND,2.38mm,18600
341,162,SANDISK エクストリーム プロ SDSSDXPM2-500G-J25,https://kakaku.com/item/K0001055416/,500.0,3400.0,2500.0,M.2(Type2280),PCI-Express,0,1.98mm,12480
342,68,WESTERN DIGITAL WD Black SN750 NVMe WDS500G3XHC,https://kakaku.com/item/K0001122654/,500.0,3470.0,2600.0,M.2(Type2280),PCI-Express,3DNAND,8.1mm,12880
343,46,サムスン 970 EVO Plus MZ-V7S500B/IT,https://kakaku.com/item/K0001123583/,500.0,3500.0,3200.0,M.2(Type2280),PCI-Express,V-NAND3bitMLC,2.38mm,14037
344,172,Corsair Force Series MP600 CSSD-F500GBMP600,https://kakaku.com/item/K0001205420/,500.0,4950.0,2500.0,M.2(Type2280),PCI-Express,3DTLCNAND,15mm,15980
345,50,CFD PG3VNF CSSD-M2B5GPG3VNF,https://kakaku.com/item/K0001169976/,500.0,5000.0,2500.0,M.2(Type2280),PCI-Express,3DTLC(BiCS4Flash),0,12527
346,888,エレコム ESD-E0512U3F,https://kakaku.com/item/K0000893872/,512.0,270.0,250.0,0,USB,0,0,22400
347,885,Silicon Power Bolt B10 SP512GBPSDB10SBK [ブラック],https://kakaku.com/item/K0001031118/,512.0,400.0,400.0,0,USB,0,0,21800
348,894,トランセンド TS512GESD400K,https://kakaku.com/item/K0000672295/,512.0,410.0,380.0,0,USB,MLC,0,23300
349,249,Silicon Power Bolt B75 SP512GBPSDB75SCS [シルバー],https://kakaku.com/item/K0001166502/,512.0,440.0,430.0,0,USB,0,0,6908
350,594,IODATA GigaCrysta E.A.G.L SSPX-GC512G,https://kakaku.com/item/K0001204457/,512.0,450.0,440.0,0,USB,0,0,13765
351,617,トランセンド MTS800 TS512GMTS800S,https://kakaku.com/item/K0001018673/,512.0,500.0,450.0,M.2(Type2280),SerialATA6Gb/s,NANDMLC,3.58mm,20980
352,896,HGST Atomos Master Caddy 4K 512GB Black WW 0G05220,https://kakaku.com/item/K0000992130/,512.0,500.0,500.0,0,0,0,0,23426
353,640,PLEXTOR PX-512M6G-2280,https://kakaku.com/item/K0000675884/,512.0,520.0,450.0,M.2(Type2280),SerialATA6Gb/s,MLC,3.65mm,40788
354,84,旭東エレクトロニクス SUNEAST SE800-512GB,https://kakaku.com/item/K0001112613/,512.0,530.0,500.0,2.5インチ,SerialATA6Gb/s,3DTLCNAND,7mm,6198
355,878,PLEXTOR M6V PX-512M6V,https://kakaku.com/item/K0000794917/,512.0,535.0,455.0,2.5インチ,SerialATA6Gb/s,0,6.8mm,20405
356,945,PLEXTOR PX-512M6Pro,https://kakaku.com/item/K0000682923/,512.0,545.0,490.0,2.5インチ,SerialATA6Gb/s,0,6.8mm,37980
357,877,SUPER TALENT DuraDrive AT7 FTM512MU2P,https://kakaku.com/item/K0000968790/,512.0,550.0,460.0,2.5インチ,SerialATA6Gb/s,3DMLC,6.8mm,19940
358,548,addlink S20 ad512GBS20S3S,https://kakaku.com/item/K0001217880/,512.0,550.0,500.0,2.5インチ,SerialATA6Gb/s,3DTLCNAND,7mm,6780
359,141,ADATA Ultimate SU750 ASU750SS-512GT-C,https://kakaku.com/item/K0001143804/,512.0,550.0,520.0,2.5インチ,SerialATA6Gb/s,3DTLCNAND,7mm,6350
360,248,BIOSTAR S120 S120-512GB,https://kakaku.com/item/K0001217375/,512.0,550.0,525.0,2.5インチ,SerialATA6Gb/s,3DTLCNAND,7mm,5619
361,387,キングストン KC600 SSD SKC600/512G,https://kakaku.com/item/K0001221977/,512.0,550.0,530.0,2.5インチ,SerialATA6Gb/s,3DTLCNAND,7mm,6980
362,38,AGI AGI512G17AI178,https://kakaku.com/item/K0001119256/,512.0,556.0,519.0,2.5インチ,SerialATA6Gb/s,0,7mm,4980
363,914,トランセンド TS512GMTS600,https://kakaku.com/item/K0000669344/,512.0,560.0,310.0,M.2(Type2260),SerialATA6Gb/s,MLC,3.5mm,25442
364,536,J&A Information LEVEN JS600 SSD JS600SSD512GB,https://kakaku.com/item/K0001208357/,512.0,560.0,460.0,2.5インチ,SerialATA6Gb/s,0,7mm,5880
365,388,トランセンド TS512GMTS832S,https://kakaku.com/item/K0001211726/,512.0,560.0,500.0,M.2(Type2280),SerialATA6Gb/s,3DNAND,2.23mm,7680
366,580,ABONMAX AM-SSD-512GB,https://kakaku.com/item/K0001193806/,512.0,560.0,510.0,2.5インチ,SerialATA6Gb/s,3DTLC,7mm,10900
367,79,PLEXTOR M8VC PX-512M8VC,https://kakaku.com/item/K0001152720/,512.0,560.0,520.0,2.5インチ,SerialATA6Gb/s,3DTLC,6.8mm,6468
368,254,ADATA Ultimate SU900 ASU900SS-512GM-C,https://kakaku.com/item/K0000930690/,512.0,560.0,525.0,2.5インチ,SerialATA6Gb/s,3DMLC,7mm,22879
369,93,Silicon Power Ace A55 SP512GBSS3A55S25,https://kakaku.com/item/K0001214309/,512.0,560.0,530.0,2.5インチ,SerialATA6Gb/s,3DNANDTLC,7mm,6913
370,335,トランセンド SSD420 TS512GSSD420K,https://kakaku.com/item/K0001056422/,512.0,570.0,470.0,2.5インチ,SerialATA6Gb/s,MLCNAND,6.8mm,33171
371,122,インテル SSD 660p SSDPEKNW512G8XT,https://kakaku.com/item/K0001102555/,512.0,1500.0,1000.0,M.2(Type2280),PCI-Express,3DNANDQLC,0,7183
372,60,AGI AGI512G16AI198,https://kakaku.com/item/K0001113948/,512.0,1624.0,1473.0,M.2(Type2280),PCI-Express,0,3.5mm,5680
373,734,BIOSTAR M700 M700-512GB,https://kakaku.com/item/K0001222587/,512.0,1700.0,1450.0,M.2(Type2280),PCI-Express,TLCNAND,3.5mm,8273
374,183,トランセンド 110S TS512GMTE110S,https://kakaku.com/item/K0001060797/,512.0,1700.0,1500.0,M.2(Type2280),PCI-Express,3DNAND,3.58mm,7680
375,280,ロジテック 【直販モデル】 LMD-MP512,https://kakaku.com/item/K0001193137/,512.0,1730.0,1560.0,M.2(Type2280),PCI-Express,0,3mm,7920
376,900,インテル 600p Series SSDPEKKW512G7X1,https://kakaku.com/item/K0000910589/,512.0,1775.0,560.0,M.2(Type2280),PCI-Express,3DTLC,1.5mm,23941
377,398,ADATA XPG SX6000 Lite ASX6000LNP-512GT-C,https://kakaku.com/item/K0001127377/,512.0,1800.0,1200.0,M.2(Type2280),PCI-Express,3DNAND,2.15mm,11798
378,864,ADATA XPG SX6000 Pro ASX6000PNP-512GT-C,https://kakaku.com/item/K0001098550/,512.0,2100.0,1500.0,M.2(Type2280),PCI-Express,3DNANDTLC,2.15mm,18077
379,859,PLEXTOR M8Se(G) PX-512M8SeG,https://kakaku.com/item/K0000989363/,512.0,2450.0,1000.0,M.2(Type2280),PCI-Express,TLC,4.7mm,17337
380,791,CFD CSSD-M2O512PG1VN,https://kakaku.com/item/K0000952894/,512.0,2500.0,1100.0,M.2(Type2280),PCI-Express,3DNAND,3.5mm,11000
381,44,PLEXTOR M9Pe(G) PX-512M9PeG,https://kakaku.com/item/K0001024377/,512.0,3200.0,2000.0,M.2(Type2280),PCI-Express,BiCS33DTLC,4.7mm,7568
382,76,インテル SSD 760p SSDPEKKW512G8XT,https://kakaku.com/item/K0001028199/,512.0,3230.0,1625.0,M.2(Type2280),PCI-Express,3DTLCNAND,2.38mm,11980
383,195,addlink S70 ad512GBS70M2P,https://kakaku.com/item/K0001217883/,512.0,3400.0,2000.0,M.2(Type2280),PCI-Express,3DTLCNAND,3.58mm,8980
384,396,ロジテック 【直販モデル】 LMD-MPD512,https://kakaku.com/item/K0001193139/,512.0,3420.0,2015.0,M.2(Type2280),PCI-Express,0,3mm,10010
385,477,IODATA GigaCrysta E.A.G.L SSD-GC512M2,https://kakaku.com/item/K0001204460/,512.0,3430.0,2230.0,M.2(Type2280),PCI-Express,0,7.5mm,14493
386,244,GIGABYTE AORUS GP-ASM2NE2512GTTDR,https://kakaku.com/item/K0001152201/,512.0,3480.0,2000.0,M.2(Type2280),PCI-Express,3DTLC,8.1mm,14237
387,97,トランセンド TS512GMTE220S,https://kakaku.com/item/K0001127531/,512.0,3500.0,2100.0,M.2(Type2280),PCI-Express,3DNAND,3.58mm,9480
388,52,ADATA XPG SX8200 Pro ASX8200PNP-512GT-C,https://kakaku.com/item/K0001136685/,512.0,3500.0,2350.0,M.2(Type2280),PCI-Express,3DTLC,3.5mm,8360
389,124,ADATA XPG SPECTRIX S40G AS40G-512GT-C,https://kakaku.com/item/K0001177555/,512.0,3500.0,2400.0,M.2(Type2280),PCI-Express,3DTLCNAND,8mm,8980
390,611,crucial MX300 CT525MX300SSD4/JP,https://kakaku.com/item/K0000955622/,525.0,530.0,510.0,M.2(Type2280),SerialATA6Gb/s,3DTLC,3.58mm,18660
391,560,Colorful SL500 640G BLUE Limited Edition [BLUE],https://kakaku.com/item/K0001070005/,640.0,530.0,450.0,2.5インチ,SerialATA6Gb/s,3DTLCNAND,7mm,8613
392,449,AGI AGI640G06AI138,https://kakaku.com/item/K0001051708/,640.0,533.0,476.0,2.5インチ,SerialATA6Gb/s,3DNAND,7mm,7570
393,795,Colorful SL500 720G,https://kakaku.com/item/K0001108743/,720.0,530.0,450.0,2.5インチ,SerialATA6Gb/s,3DTLCNAND,7mm,11286
394,144,Palit Microsystems UVS-SSD720 (720GB) ドスパラWeb限定モデル,https://kakaku.com/item/K0001175956/,720.0,530.0,500.0,2.5インチ,SerialATA6Gb/s,TLC,0,6980
395,473,エレコム ESD-ED0960GBK [ブラック],https://kakaku.com/item/K0001152652/,960.0,300.0,200.0,0,USB,TLC,0,12800
396,161,IODATA SSPH-UT960K/E,https://kakaku.com/item/K0001151259/,960.0,340.0,300.0,0,USB,0,0,11480
397,119,バッファロー SSD-PL960U3-BK/N [ブラック],https://kakaku.com/item/K0001007810/,960.0,340.0,320.0,0,USB,0,0,10980
398,605,エレコム ESD-EC0960GBK [ブラック],https://kakaku.com/item/K0001152655/,960.0,410.0,400.0,0,USB,TLC,0,17169
399,360,IODATA SSPH-UA960NV/E,https://kakaku.com/item/K0001181809/,960.0,440.0,430.0,0,USB,0,0,14319
400,109,インテル DC S3520 SSDSC2BB960G701,https://kakaku.com/item/K0000964789/,960.0,450.0,380.0,2.5インチ,SerialATA6Gb/s,MLC,7mm,19399
401,288,エレコム ESD-IB0960G,https://kakaku.com/item/K0001121680/,960.0,500.0,430.0,2.5インチ,SerialATA6Gb/s,TLC,7mm,21780
402,601,キングストン HyperX SAVAGE EXO SSD SHSX100/960G,https://kakaku.com/item/K0001103735/,960.0,500.0,480.0,0,USB,3DTLCNAND,0,16420
403,978,インテル DC S4500 SSDSC2KB960G701,https://kakaku.com/item/K0000993271/,960.0,500.0,490.0,2.5インチ,SerialATA6Gb/s,3DNANDTLC,7mm,66527
404,40,ADATA Ultimate SU630 ASU630SS-960GQ-R,https://kakaku.com/item/K0001119257/,960.0,520.0,450.0,2.5インチ,SerialATA6Gb/s,3DQLC,7mm,9111
405,403,トランセンド TS960GESD230C [ブラック],https://kakaku.com/item/K0001127482/,960.0,520.0,460.0,2.5インチ,USB,3DNAND,0,16800
406,405,キングストン UV500 SSD SUV500/960G,https://kakaku.com/item/K0001051225/,960.0,520.0,500.0,2.5インチ,SerialATA6Gb/s,3DTLC,7mm,17560
407,829,ADATA SC680 ASC680-960GU32G2-CBK [ブラック],https://kakaku.com/item/K0001193826/,960.0,530.0,460.0,0,USB,3DNAND,0,13950
408,776,旭東エレクトロニクス SUNEAST SE800-960GB,https://kakaku.com/item/K0001062593/,960.0,530.0,500.0,2.5インチ,SerialATA6Gb/s,3DTLCNAND,7mm,10255
409,585,SANDISK SSD PLUS SDSSDA-960G-J26C,https://kakaku.com/item/K0000929162/,960.0,535.0,450.0,2.5インチ,SerialATA6Gb/s,0,7mm,11999
410,469,crucial BX500 CT960BX500SSD1,https://kakaku.com/item/K0001207972/,960.0,540.0,500.0,2.5インチ,SerialATA6Gb/s,3DNAND,7mm,11550
411,934,トランセンド SSD220 TS960GSSD220S,https://kakaku.com/item/K0000901038/,960.0,550.0,450.0,2.5インチ,SerialATA6Gb/s,3DNANDTLC,6.8mm,33690
412,906,キングストン HyperX FURY RGB SSD SHFR200/960G,https://kakaku.com/item/K0001103733/,960.0,550.0,480.0,2.5インチ,SerialATA6Gb/s,3DTLCNAND,9.5mm,24598
413,476,ロジテック 【直販モデル】 LMD-SA960,https://kakaku.com/item/K0001193143/,960.0,550.0,490.0,2.5インチ,SerialATA6Gb/s,0,7mm,14410
414,813,Colorful SL500 960G,https://kakaku.com/item/K0001051226/,960.0,550.0,500.0,2.5インチ,SerialATA6Gb/s,3DTLCNAND,7mm,12900
415,464,Apacer AS340 AP960GAS340G-1,https://kakaku.com/item/K0001211578/,960.0,550.0,510.0,2.5インチ,SerialATA6Gb/s,3DTLC,7mm,9980
416,150,UMAX S330 UM-SSD25S330-960,https://kakaku.com/item/K0001216438/,960.0,560.0,450.0,2.5インチ,SerialATA6Gb/s,3DTLCNAND,7mm,9878
417,876,LITEON PH6-CE960-L1,https://kakaku.com/item/K0001084347/,960.0,560.0,500.0,2.5インチ,SerialATA6Gb/s,3DTLCNAND,7mm,19802
418,407,インテル D3-S4510 SSDSC2KB960G801,https://kakaku.com/item/K0001102554/,960.0,560.0,510.0,2.5インチ,SerialATA6Gb/s,3DNANDTLC,7mm,26970
419,228,ABONMAX AB-SSD-960GB,https://kakaku.com/item/K0001193811/,960.0,560.0,520.0,2.5インチ,SerialATA6Gb/s,3DTLC,7mm,9690
420,12,AGI AGI960G17AI178,https://kakaku.com/item/K0001051709/,960.0,560.0,525.0,2.5インチ,SerialATA6Gb/s,3DNAND,7mm,8998
421,953,Silicon Power Slim S55 SP960GBSS3S55S25 [ブラック],https://kakaku.com/item/K0000848240/,960.0,560.0,530.0,2.5インチ,SerialATA6Gb/s,TLC,7mm,39949
422,643,トランセンド JetDrive 500 TS960GJDM500,https://kakaku.com/item/K0000680351/,960.0,570.0,460.0,0,SerialATA6Gb/s,MLC,0,45980
423,899,SUPER TALENT USB3.1 Portable RAIDDrive FUW960UCU0,https://kakaku.com/item/K0000896519/,960.0,750.0,700.0,0,USB,TLC,0,23800
424,923,SANDISK エクストリーム 900 SDSSDEX2-960G-J25,https://kakaku.com/item/K0000846464/,960.0,850.0,850.0,0,USB,0,0,29390
425,490,トランセンド JetDrive 820 TS960GJDM820,https://kakaku.com/item/K0000999663/,960.0,950.0,950.0,0,PCI-Express,3DTLC,0.8mm,29808
426,891,プリンストン PHD-PS960GU,https://kakaku.com/item/K0001186881/,960.0,1000.0,950.0,0,USB,3DTLCNAND,0,22663
427,622,トランセンド TS960GESD350C [ネイビーブルー],https://kakaku.com/item/K0001162153/,960.0,1050.0,950.0,0,USB,3DNAND,0,21980
428,902,キングストン A1000 SSD SA1000M8/960G,https://kakaku.com/item/K0001103237/,960.0,1500.0,1000.0,M.2(Type2280),PCI-Express,3DTLCNAND,3.5mm,24182
429,484,Corsair Force Series MP300 CSSD-F960GBMP300,https://kakaku.com/item/K0001076920/,960.0,1600.0,1080.0,M.2(Type2280),PCI-Express,3DTLCNAND,0,21255
430,933,トランセンド JetDrive 850 TS960GJDM850,https://kakaku.com/item/K0001104678/,960.0,1600.0,1400.0,0,PCI-Express,3DNAND,0.8mm,32800
431,293,インテル Optane SSD 905P SSDPED1D960GAX1,https://kakaku.com/item/K0001062296/,960.0,2600.0,2200.0,0,PCI-Express,3DXpoint,0,157600
432,938,ADATA XPG GAMMIX S11 AGAMMIXS11-960GT-C,https://kakaku.com/item/K0001069562/,960.0,3150.0,1700.0,M.2(Type2280),PCI-Express,3DNANDTLC,3.5mm,35627
433,269,グリーンハウス GH-SSDRMPA960,https://kakaku.com/item/K0001147813/,960.0,3400.0,3000.0,M.2(Type2280),PCI-Express,3DTLC,3mm,15979
434,58,Corsair Force Series MP510 CSSD-F960GBMP510,https://kakaku.com/item/K0001098774/,960.0,3480.0,3000.0,M.2(Type2280),PCI-Express,3DTLCNAND,3mm,17570
435,990,IODATA HDUS-TBSSS1.0,https://kakaku.com/item/K0000606302/,1000.0,264.77,240.7,0,0,0,0,107800
436,973,IODATA HDUS-TBSB1.0,https://kakaku.com/item/K0000770028/,1000.0,279.44,251.03,0,0,0,0,59800
437,479,エレコム ESD-EJ1000GBK [ブラック],https://kakaku.com/item/K0001214598/,1000.0,400.0,320.0,0,USB,0,0,15442
438,994,トランセンド TS1TESD400K,https://kakaku.com/item/K0000672296/,1000.0,410.0,380.0,0,USB,MLC,0,180902
439,966,HGST G-DRIVE ev RaW SSD 1000GB JP 0G04762,https://kakaku.com/item/K0001018812/,1000.0,425.0,425.0,2.5インチ,USB,0,0,54793
440,886,エレコム ESD-EG1000GBUR [ブルー],https://kakaku.com/item/K0001218918/,1000.0,430.0,400.0,0,USB,0,0,21970
441,619,エレコム ESD-EF1000GBK [ブラック],https://kakaku.com/item/K0001188708/,1000.0,430.0,420.0,0,USB,0,0,21640
442,472,Silicon Power Bolt B75 SP010TBPSDB75SCS [シルバー],https://kakaku.com/item/K0001166503/,1000.0,440.0,430.0,0,USB,0,0,12800
443,406,IODATA GigaCrysta E.A.G.L SSPX-GC1T,https://kakaku.com/item/K0001204458/,1000.0,450.0,440.0,0,USB,0,0,21985
444,957,サムスン T3 MU-PT1T0B/IT,https://kakaku.com/item/K0000860339/,1000.0,450.0,450.0,0,USB,V-NAND,0,43780
445,495,トランセンド MTS800S TS1TMTS800S,https://kakaku.com/item/K0001060334/,1000.0,500.0,450.0,M.2(Type2280),SerialATA6Gb/s,NANDMLC,3.58mm,39702
446,641,HGST Atomos Master Caddy 4K 1000GB Black WW 0G05221,https://kakaku.com/item/K0000992129/,1000.0,500.0,500.0,0,0,0,0,41060
447,357,IODATA SSPG-USC1NV/E,https://kakaku.com/item/K0001222506/,1000.0,530.0,460.0,0,USB,0,0,12850
448,41,SANDISK SSD PLUS SDSSDA-1T00-J26,https://kakaku.com/item/K0001144883/,1000.0,535.0,450.0,2.5インチ,SerialATA6Gb/s,0,7mm,11000
449,947,サムスン 850 EVO mSATA MZ-M5E1T0B/IT,https://kakaku.com/item/K0000770814/,1000.0,540.0,520.0,mSATA,SerialATA6Gb/s,3DV-NAND,3.85mm,38500
450,614,サムスン T5 MU-PA1T0B/WW [BLACK],https://kakaku.com/item/K0001167453/,1000.0,540.0,540.0,0,USB,V-NAND,0,19500
451,284,Colorful P100 1TB,https://kakaku.com/item/K0001126202/,1000.0,550.0,500.0,0,USB,3DTLCNAND,0,11800
452,7,サムスン 860 QVO MZ-76Q1T0B/IT,https://kakaku.com/item/K0001122056/,1000.0,550.0,520.0,2.5インチ,SerialATA6Gb/s,V-NAND4bitMLC,6.8mm,11450
453,582,BIOSTAR S120 S120-1TB,https://kakaku.com/item/K0001217376/,1000.0,550.0,525.0,2.5インチ,SerialATA6Gb/s,3DTLCNAND,7mm,11616
454,937,SUPER TALENT DuraDrive AT7 FTM1T0MU2P,https://kakaku.com/item/K0000968791/,1000.0,560.0,460.0,2.5インチ,SerialATA6Gb/s,3DMLC,6.8mm,34920
455,805,addlink S20 ad1TBS20S3S,https://kakaku.com/item/K0001217881/,1000.0,560.0,500.0,2.5インチ,SerialATA6Gb/s,3DTLCNAND,7mm,12480
456,787,ABONMAX AM-SSD-1TB,https://kakaku.com/item/K0001193807/,1000.0,560.0,510.0,2.5インチ,SerialATA6Gb/s,3DTLC,7mm,10900
457,831,トランセンド TS1TMTS830S,https://kakaku.com/item/K0001133998/,1000.0,560.0,520.0,M.2(Type2280),SerialATA6Gb/s,3DNAND,3.58mm,13980
458,936,ADATA Ultimate SU900 ASU900SS-1TM-C,https://kakaku.com/item/K0000930691/,1000.0,560.0,525.0,2.5インチ,SerialATA6Gb/s,3DMLC,7mm,34723
459,166,Silicon Power Ace A55 SP001TBSS3A55S25,https://kakaku.com/item/K0001214310/,1000.0,560.0,530.0,2.5インチ,SerialATA6Gb/s,3DNANDTLC,7mm,10300
460,26,CFD CSSD-S6B01TMG4VT,https://kakaku.com/item/K0001153967/,1000.0,560.0,540.0,2.5インチ,SerialATA6Gb/s,3DNAND(BiCSフラッシュ),7mm,13280
461,951,HGST G-DRIVE mobile SSD R-Series 1000GB 0G06053,https://kakaku.com/item/K0001031114/,1000.0,560.0,560.0,0,USB,0,0,39654
462,650,トランセンド MSA370 TS1TMSA370,https://kakaku.com/item/K0000913550/,1000.0,570.0,450.0,mSATA,SerialATA6Gb/s,MLC,4.85mm,105510
463,982,トランセンド SSD420 TS1TSSD420K,https://kakaku.com/item/K0001056423/,1000.0,570.0,470.0,2.5インチ,SerialATA6Gb/s,MLCNAND,6.8mm,71961
464,471,KingSpec P3-1TB,https://kakaku.com/item/K0001042818/,1000.0,570.0,550.0,2.5インチ,SerialATA6Gb/s,3DTLC,7mm,12455
465,987,バッファロー SSD-WA1.0T,https://kakaku.com/item/K0000593376/,1000.0,763.0,616.0,0,0,0,0,94380
466,173,レキサーメディア Professional SL100 Pro LSL100P-1TRBJP [ブラック],https://kakaku.com/item/K0001211860/,1000.0,950.0,900.0,0,USB,0,0,20150
467,202,バッファロー SSD-PH1.0U3-BA [ブラック],https://kakaku.com/item/K0001147808/,1000.0,1000.0,1000.0,0,USB,0,0,24524
468,647,パナソニック RP-SBD1TBP3 [シルバー],https://kakaku.com/item/K0001111117/,1000.0,1500.0,1000.0,0,0,0,0,74480
469,475,トランセンド TS1TMTE110S,https://kakaku.com/item/K0001121789/,1000.0,1700.0,1500.0,M.2(Type2280),PCI-Express,3DNAND,3.58mm,13800
470,628,ADATA XPG SX6000 Lite ASX6000LNP-1TT-C,https://kakaku.com/item/K0001127378/,1000.0,1800.0,1200.0,M.2(Type2280),PCI-Express,3DNAND,2.15mm,23860
471,1,crucial P1 CT1000P1SSD8JP,https://kakaku.com/item/K0001101038/,1000.0,2000.0,1700.0,M.2(Type2280),PCI-Express,3DNAND,0,12628
472,24,レキサーメディア NM610 LNM610-1TRBJP,https://kakaku.com/item/K0001211576/,1000.0,2100.0,1600.0,M.2(Type2280),PCI-Express,3DTLC,2.25mm,12480
473,824,WESTERN DIGITAL WD Blue SN550 NVMe WDS100T2B0C,https://kakaku.com/item/K0001220483/,1000.0,2400.0,1950.0,M.2(Type2280),PCI-Express,3DNAND,2.38mm,13480
474,935,PLEXTOR M8Se(G) PX-1TM8SeG,https://kakaku.com/item/K0000989364/,1000.0,2450.0,1000.0,M.2(Type2280),PCI-Express,TLC,5.3mm,34497
475,492,サムスン 960 EVO M.2 MZ-V6E1T0B/IT,https://kakaku.com/item/K0000929859/,1000.0,3200.0,1900.0,M.2(Type2280),PCI-Express,V-NAND,2.38mm,32500
476,253,PLEXTOR M9Pe(G) PX-1TM9PeG,https://kakaku.com/item/K0001024378/,1000.0,3200.0,2100.0,M.2(Type2280),PCI-Express,BiCS33DTLC,5.3mm,22000
477,893,エレコム ESD-GMIA1024G,https://kakaku.com/item/K0001162855/,1000.0,3400.0,2600.0,M.2(Type2280),PCI-Express,TLC,3mm,22964
478,203,SANDISK エクストリーム プロ SDSSDXPM2-1T00-J25,https://kakaku.com/item/K0001055415/,1000.0,3400.0,2800.0,M.2(Type2280),PCI-Express,0,1.98mm,24800
479,9,Silicon Power PCIe Gen3x4 P34A80 SP001TBP34A80M28,https://kakaku.com/item/K0001153541/,1000.0,3400.0,3000.0,M.2(Type2280),PCI-Express,3DNAND,3.5mm,14500
480,409,IODATA GigaCrysta E.A.G.L SSD-GC1TM2,https://kakaku.com/item/K0001204461/,1000.0,3430.0,3230.0,M.2(Type2280),PCI-Express,0,8.8mm,27715
481,53,WESTERN DIGITAL WD Black SN750 NVMe WDS100T3XHC,https://kakaku.com/item/K0001122655/,1000.0,3470.0,3000.0,M.2(Type2280),PCI-Express,3DNAND,8.1mm,22800
482,491,GIGABYTE AORUS GP-ASACNE2100TTTDR,https://kakaku.com/item/K0001169090/,1000.0,3480.0,3080.0,0,PCI-Express,3DTLC,21.6mm,30927
483,115,トランセンド TS1TMTE220S,https://kakaku.com/item/K0001125540/,1000.0,3500.0,2800.0,M.2(Type2280),PCI-Express,3DNAND,3.58mm,14980
484,108,ADATA XPG SX8200 Pro ASX8200PNP-1TT-C,https://kakaku.com/item/K0001136686/,1000.0,3500.0,3000.0,M.2(Type2280),PCI-Express,3DTLC,3.5mm,16313
485,87,サムスン 970 EVO Plus MZ-V7S1T0B/IT,https://kakaku.com/item/K0001123584/,1000.0,3500.0,3300.0,M.2(Type2280),PCI-Express,V-NAND3bitMLC,2.38mm,27989
486,105,Corsair Force Series MP600 CSSD-F1000GBMP600,https://kakaku.com/item/K0001171154/,1000.0,4950.0,4250.0,M.2(Type2280),PCI-Express,3DTLCNAND,15mm,24800
487,37,GIGABYTE AORUS GP-ASM2NE6100TTTD,https://kakaku.com/item/K0001171775/,1000.0,5000.0,4400.0,M.2(Type2280),PCI-Express,BiCS43DTLC,11.4mm,19800
488,292,インテル SSD 545s SSDSC2KW010T8X1,https://kakaku.com/item/K0001048946/,1024.0,550.0,500.0,2.5インチ,SerialATA6Gb/s,3DTLC,7mm,24900
489,862,Colorful SL500 1TB,https://kakaku.com/item/K0001108921/,1024.0,550.0,520.0,2.5インチ,SerialATA6Gb/s,3DTLCNAND,7mm,17880
490,595,キングストン KC600 SSD SKC600/1024G,https://kakaku.com/item/K0001221978/,1024.0,550.0,530.0,2.5インチ,SerialATA6Gb/s,3DTLCNAND,7mm,14180
491,15,インテル SSD 660p SSDPEKNW010T8X1,https://kakaku.com/item/K0001092797/,1024.0,1800.0,1800.0,M.2(Type2280),PCI-Express,3DNANDQLC,0,11980
492,648,サムスン X5 MU-PB1T0B/IT,https://kakaku.com/item/K0001084256/,1024.0,2800.0,2300.0,0,0,0,0,76349
493,290,インテル SSD 760p SSDPEKKW010T8X1,https://kakaku.com/item/K0001047445/,1024.0,3230.0,1625.0,M.2(Type2280),PCI-Express,3DTLCNAND,2.38mm,24224
494,364,ロジテック 【直販モデル】 LMD-MPD1024,https://kakaku.com/item/K0001193140/,1024.0,3470.0,2750.0,M.2(Type2280),PCI-Express,0,3mm,18370
495,503,サムスン 960 PRO M.2 MZ-V6P1T0B/IT,https://kakaku.com/item/K0000929857/,1024.0,3500.0,2100.0,M.2(Type2280),PCI-Express,V-NAND,2.38mm,88198
496,964,crucial MX300 CT1050MX300SSD1/JP,https://kakaku.com/item/K0000955619/,1050.0,530.0,510.0,2.5インチ,SerialATA6Gb/s,3DTLC,7mm,47822
497,996,AKITIO Thunder3 PCIe SSD T3PC-T3DIS-AKTJP,https://kakaku.com/item/K0000974295/,1200.0,2500.0,1200.0,0,Thunderbolt/USB,0,0,209530
498,999,インテル Optane SSD 905P SSDPED1D015TAX1,https://kakaku.com/item/K0001102556/,1500.0,2600.0,2200.0,0,PCI-Express,3DXpoint,0,274800
499,898,バッファロー SSD-PL1.9U3-BK/N [ブラック],https://kakaku.com/item/K0001188254/,1900.0,340.0,320.0,0,USB,0,0,23800
500,992,インテル DC S4500 SSDSC2KB019T701,https://kakaku.com/item/K0000993270/,1900.0,500.0,490.0,2.5インチ,SerialATA6Gb/s,3DNANDTLC,7mm,129694
501,942,キングストン UV500 SSD SUV500/1920G,https://kakaku.com/item/K0001145219/,1920.0,520.0,500.0,2.5インチ,SerialATA6Gb/s,3DTLC,7mm,36920
502,968,Micron 5200 MTFDDAK1T9TDC-1AT1ZABYY,https://kakaku.com/item/K0001041036/,1920.0,540.0,520.0,2.5インチ,SerialATA6Gb/s,3DTLCNAND,7mm,55440
503,499,インテル D3-S4510 SSDSC2KB019T801,https://kakaku.com/item/K0001083153/,1920.0,560.0,510.0,2.5インチ,SerialATA6Gb/s,3DNANDTLC,7mm,49500
504,245,Corsair Force Series MP510 CSSD-F1920GBMP510,https://kakaku.com/item/K0001114876/,1920.0,3480.0,2700.0,M.2(Type2280),PCI-Express,3DTLCNAND,3mm,35980
505,989,HGST G-DRIVE ev RaW SSD 2000GB JP 0G06034,https://kakaku.com/item/K0001018813/,2000.0,425.0,425.0,2.5インチ,USB,0,0,96309
506,991,サムスン T3 MU-PT2T0B/IT,https://kakaku.com/item/K0000860338/,2000.0,450.0,450.0,0,USB,V-NAND,0,122346
507,291,IODATA SSPG-USC2NV/E,https://kakaku.com/item/K0001222507/,2000.0,530.0,460.0,0,USB,0,0,24552
508,309,サムスン T5 MU-PA2T0B/IT [ディープブラック],https://kakaku.com/item/K0000990358/,2000.0,540.0,540.0,0,USB,V-NAND,0,49800
509,91,旭東エレクトロニクス SUNEAST SE800-2TB,https://kakaku.com/item/K0001123687/,2000.0,550.0,500.0,2.5インチ,SerialATA6Gb/s,3DTLCNAND,7mm,21888
510,205,サムスン 860 QVO MZ-76Q2T0B/IT,https://kakaku.com/item/K0001122057/,2000.0,550.0,520.0,2.5インチ,SerialATA6Gb/s,V-NAND4bitMLC,6.8mm,30534
511,270,crucial MX500 CT2000MX500SSD1,https://kakaku.com/item/K0001024637/,2000.0,560.0,510.0,2.5インチ,SerialATA6Gb/s,3DTLCNAND,7mm,26940
512,334,トランセンド TS2TSSD230S,https://kakaku.com/item/K0001143899/,2000.0,560.0,520.0,2.5インチ,SerialATA6Gb/s,3DNANDTLC,6.8mm,27980
513,32,WESTERN DIGITAL WD Blue 3D NAND SATA WDS200T2B0A,https://kakaku.com/item/K0000969849/,2000.0,560.0,530.0,2.5インチ,SerialATA6Gb/s,3DTLCNAND,7mm,24800
514,146,SEAGATE BarraCuda 120 SSD ZA2000CM1A003,https://kakaku.com/item/K0001220991/,2000.0,560.0,540.0,2.5インチ,SerialATA6Gb/s,3DTLCNAND,7mm,26980
515,983,HGST G-DRIVE mobile SSD R-Series 2000GB 0G06054,https://kakaku.com/item/K0001031115/,2000.0,560.0,560.0,0,USB,0,0,72360
516,78,WESTERN DIGITAL WD Black SN750 NVMe WDS200T3X0C,https://kakaku.com/item/K0001122651/,2000.0,3400.0,2900.0,M.2(Type2280),PCI-Express,3DNAND,2.38mm,46689
517,956,CFD CSSD-M2B02TPG2VN,https://kakaku.com/item/K0001122311/,2000.0,3470.0,2750.0,M.2(Type2280),PCI-Express,3DTLC,0,42680
518,75,ADATA XPG SX8200 Pro ASX8200PNP-2TT-C,https://kakaku.com/item/K0001182212/,2000.0,3500.0,3000.0,M.2(Type2280),PCI-Express,3DTLC,3.5mm,29348
519,257,サムスン 970 EVO Plus MZ-V7S2T0B/IT,https://kakaku.com/item/K0001158044/,2000.0,3500.0,3300.0,M.2(Type2280),PCI-Express,V-NAND3bitMLC,2.38mm,60907
520,174,Corsair Force Series MP600 CSSD-F2000GBMP600,https://kakaku.com/item/K0001171153/,2000.0,4950.0,4250.0,M.2(Type2280),PCI-Express,3DTLCNAND,15mm,47980
521,232,GIGABYTE AORUS GP-ASM2NE6200TTTD,https://kakaku.com/item/K0001171774/,2000.0,5000.0,4400.0,M.2(Type2280),PCI-Express,BiCS43DTLC,11.4mm,51480
522,494,Micron 1100 MTFDDAK2T0TBN-1AR1ZABYY,https://kakaku.com/item/K0001035530/,2048.0,530.0,500.0,2.5インチ,SerialATA6Gb/s,3DTLCNAND,7mm,35800
523,25,インテル SSD 660p SSDPEKNW020T8X1,https://kakaku.com/item/K0001092798/,2048.0,1800.0,1800.0,M.2(Type2280),PCI-Express,3DNANDQLC,0,22739
524,418,サムスン X5 MU-PB2T0B/IT,https://kakaku.com/item/K0001084257/,2048.0,2800.0,2300.0,0,0,0,0,152918
525,368,インテル SSD 760p SSDPEKKW020T8X1,https://kakaku.com/item/K0001083157/,2048.0,3230.0,1625.0,M.2(Type2280),PCI-Express,3DTLCNAND,2.38mm,44795
526,231,crucial MX300 CT2050MX300SSD1/JP,https://kakaku.com/item/K0000955620/,2050.0,530.0,510.0,2.5インチ,SerialATA6Gb/s,3DTLC,7mm,32049
527,1000,インテル DC S4500 SSDSC2KB038T701,https://kakaku.com/item/K0000993269/,3800.0,500.0,470.0,2.5インチ,SerialATA6Gb/s,3DNANDTLC,7mm,275517
528,370,インテル D3-S4510 SSDSC2KB038T801,https://kakaku.com/item/K0001083154/,3840.0,560.0,510.0,2.5インチ,SerialATA6Gb/s,3DNANDTLC,7mm,91690
529,273,サムスン 860 QVO MZ-76Q4T0B/IT,https://kakaku.com/item/K0001122058/,4000.0,550.0,520.0,2.5インチ,SerialATA6Gb/s,V-NAND4bitMLC,6.8mm,66183
530,69,SANDISK ウルトラ 3D SSD SDSSDH3-4T00-J25,https://kakaku.com/item/K0001192380/,4000.0,560.0,530.0,2.5インチ,SerialATA6Gb/s,0,7mm,55980
531,371,GIGABYTE AORUS GP-ASACNE6800TTTDA,https://kakaku.com/item/K0001216439/,8000.0,15000.0,15000.0,0,PCI-Express,BiCS43DTLC,21.59mm,216444
